dataset_id,assay,tissue,state_a,state_b,normal_contrast,n_eligible_cell_types,n_cells_pair,n_donors_pair,n_donors_state_a,n_donors_state_b,eligible_cell_types
19053a82-9c89-4fb8-bd19-d7b1800b0b7b,10x 3' v2,colon,normal,ulcerative colitis,True,40,44560,11,6,5,"CD16-negative, CD56-bright natural killer cell, human; CD4-positive, alpha-beta memory T cell; CD8-positive, alpha-beta memory T cell; IgA plasma cell; IgG plasma cell; IgM plasma cell; T follicular helper cell; T-helper 17 cell; TREM2-positive macrophage; capillary endothelial cell; colonocyte; conventional dendritic cell; cycling T cell; dendritic cell, human; effector memory CD8-positive, alpha-beta T cell; endothelial cell of artery; endothelial cell of lymphatic vessel; enteroglial cell; fibroblast; fibroblast of gingiva; fibroblastic reticular cell; gamma-delta T cell; gastrointestinal tract (lamina propria) macrophage; germinal center B cell; group 3 innate lymphoid cell; intestine goblet cell; macrophage; mast cell; memory B cell; monocyte; mucosal invariant T cell; myofibroblast cell; naive B cell; naive thymus-derived CD4-positive, alpha-beta T cell; naive thymus-derived CD8-positive, alpha-beta T cell; pericyte; regulatory T cell; transit amplifying cell; vascular associated smooth muscle cell; vein endothelial cell"
16023185-de21-4c0d-a9c8-73abdd52d142,10x 3' v2,colorectum,colon adenocarcinoma,normal,True,38,266604,43,43,32,"CD4-positive, CD25-positive, alpha-beta regulatory T cell; CD4-positive, alpha-beta T cell; CD8-positive, alpha-beta T cell; CD8-positive, alpha-beta memory T cell; IgA plasma cell; IgG plasma cell; T cell; T follicular helper cell; T-helper 17 cell; activated CD4-positive, alpha-beta T cell; capillary endothelial cell; conventional dendritic cell; dendritic cell; effector CD8-positive, alpha-beta T cell; endothelial cell of artery; endothelial cell of lymphatic vessel; endothelial cell of venule; enterocyte; enteroendocrine cell; fibroblast; gamma-delta T cell; germinal center B cell; glandular secretory epithelial cell; goblet cell; group 3 innate lymphoid cell; intestinal epithelial cell; macrophage; mast cell; mature B cell; mature NK T cell; mature conventional dendritic cell; monocyte; natural killer cell; pericyte; plasmacytoid dendritic cell; smooth muscle cell; stem cell; tuft cell of colon"
d68a8b48-abf0-4bd5-8834-155d34ec448a,10x 3' v3,middle lobe of right lung,bronchopulmonary dysplasia,normal,True,35,255204,21,13,8,"B cell; CD8-positive, alpha-beta cytotoxic T cell; alveolar adventitial fibroblast; alveolar capillary type 1 endothelial cell; alveolar capillary type 2 endothelial cell; alveolar macrophage; alveolar type 1 fibroblast cell; basal cell; brush cell of tracheobronchial tree; ciliated cell; classical monocyte; conventional dendritic cell; endothelial cell of artery; endothelial cell of respiratory system lymphatic vessel; helper T cell; lung interstitial macrophage; lung megakaryocyte; lung secretory cell; mast cell; mucus secreting cell of tracheobronchial tree submucosal gland; natural killer cell; non-classical monocyte; pericyte; plasmacytoid dendritic cell; pulmonary alveolar type 1 cell; pulmonary alveolar type 2 cell; pulmonary neuroendocrine cell; regulatory T cell; secondary crest myofibroblast; secretory cell; serous secreting cell; tracheobronchial smooth muscle cell; vascular associated smooth muscle cell; vein endothelial cell; vein endothelial cell of respiratory system"
e522d2cd-7927-4e59-a4ed-064009569279,10x 3' v3,blood,cytomegalovirus infection,normal,True,34,263917,16,3,13,"Be cell; CD14-low, CD16-positive monocyte; CD14-positive, CD16-negative classical monocyte; CD16-negative, CD56-bright natural killer cell, human; CD16-positive, CD56-dim natural killer cell, human; CD1c-positive myeloid dendritic cell; CD4-positive, alpha-beta memory T cell; CD8-positive, alpha-beta memory T cell; CD8-positive, alpha-beta regulatory T cell; CD8aa(I) thymocyte; T cell; central memory CD4-positive, alpha-beta T cell; central memory CD8-positive, alpha-beta T cell; common myeloid progenitor; double negative thymocyte; effector memory CD4-positive, alpha-beta T cell; effector memory CD8-positive, alpha-beta T cell; erythrocyte; innate lymphoid cell; intermediate monocyte; mature gamma-delta T cell; memory B cell; memory CCR4-positive regulatory T cell; memory regulatory T cell; mucosal invariant T cell; naive B cell; naive regulatory T cell; naive thymus-derived CD4-positive, alpha-beta T cell; naive thymus-derived CD8-positive, alpha-beta T cell; natural killer cell; plasma cell; plasmacytoid dendritic cell; platelet; transitional stage B cell"
f14bc322-1322-4184-8d16-409557525ea5,10x 5' v2,lung,interstitial lung disease,normal,True,33,343215,93,51,42,"B cell; CD8-positive, alpha-beta cytotoxic T cell; adventitial fibroblast; alveolar macrophage; alveolar type 1 fibroblast cell; basal cell; ciliated cell; classical monocyte; conventional dendritic cell; endothelial cell of arteriole; endothelial cell of respiratory system lymphatic vessel; epithelial cell of lung; granzyme K-associated CD8 T cell; helper T cell; hematopoietic cell; lung interstitial macrophage; lung secretory cell; macrophage; mast cell; mesothelial cell of pleura; monocyte; myeloid dendritic cell, human; myofibroblast cell; natural killer cell; pericyte; plasma cell; plasmacytoid dendritic cell; pulmonary alveolar type 1 cell; pulmonary alveolar type 2 cell; pulmonary capillary endothelial cell; pulmonary neuroendocrine cell; smooth muscle cell; vein endothelial cell of respiratory system"
30c2a6fd-d547-460f-a5e7-44c62a2af7ad,10x 5' v2,blood,normal,open-angle glaucoma,True,25,207952,8,3,5,"CD14-low, CD16-positive monocyte; CD14-positive, CD16-negative classical monocyte; CD141-positive myeloid dendritic cell; CD16-negative, CD56-bright natural killer cell, human; CD1c-positive myeloid dendritic cell; CD4-negative, CD8-negative, alpha-beta intraepithelial T cell; CD4-positive, alpha-beta cytotoxic T cell; CD4-positive, alpha-beta memory T cell; CD8-positive, alpha-beta memory T cell; activated CD4-positive, alpha-beta T cell; dendritic cell; effector CD4-positive, alpha-beta T cell; gamma-delta T cell; hematopoietic precursor cell; innate lymphoid cell; mature B cell; memory B cell; mucosal invariant T cell; naive B cell; naive thymus-derived CD4-positive, alpha-beta T cell; naive thymus-derived CD8-positive, alpha-beta T cell; natural killer cell; plasmablast; plasmacytoid dendritic cell; regulatory T cell"
5c97eeeb-7e52-44b3-b010-b832b1f5424c,10x 3' v3,dorsolateral prefrontal cortex,bipolar I disorder,normal,True,23,875177,178,32,146,GABAergic neuron; L2/3 intratelencephalic projecting glutamatergic neuron; L2/3-6 intratelencephalic projecting glutamatergic neuron; L5 extratelencephalic projecting glutamatergic cortical neuron; L5/6 near-projecting glutamatergic neuron; L6 corticothalamic-projecting glutamatergic cortical neuron; L6 intratelencephalic projecting glutamatergic neuron; L6b glutamatergic neuron of the primary motor cortex; T cell; VIP GABAergic cortical interneuron; astrocyte; endothelial cell; lamp5 GABAergic cortical interneuron; microglial cell; natural killer cell; oligodendrocyte; oligodendrocyte precursor cell; pericyte; perivascular macrophage; pvalb GABAergic cortical interneuron; smooth muscle cell; sst GABAergic cortical interneuron; vascular leptomeningeal cell
5e57cd50-8e42-42d6-940d-5c1660d06864,10x 3' v3,dorsolateral prefrontal cortex,dementia || Alzheimer disease,normal,True,23,296769,67,41,26,GABAergic neuron; L2/3 intratelencephalic projecting glutamatergic neuron; L2/3-6 intratelencephalic projecting glutamatergic neuron; L5 extratelencephalic projecting glutamatergic cortical neuron; L5/6 near-projecting glutamatergic neuron; L6 corticothalamic-projecting glutamatergic cortical neuron; L6 intratelencephalic projecting glutamatergic neuron; L6b glutamatergic neuron of the primary motor cortex; T cell; VIP GABAergic cortical interneuron; astrocyte; endothelial cell; lamp5 GABAergic cortical interneuron; microglial cell; natural killer cell; oligodendrocyte; oligodendrocyte precursor cell; pericyte; perivascular macrophage; pvalb GABAergic cortical interneuron; smooth muscle cell; sst GABAergic cortical interneuron; vascular leptomeningeal cell
67b6b9ac-b841-42ce-b2d4-ed2ec12327bd,10x multiome,lymph node,B-cell non-Hodgkin lymphoma,normal,True,17,598289,227,213,15,"CD4-positive, alpha-beta T cell; CD8-positive, alpha-beta T cell; T follicular helper cell; conventional dendritic cell; dendritic cell; endothelial cell; endothelial cell of lymphatic vessel; fibroblast; follicular dendritic cell; macrophage; monocyte; monocyte-derived dendritic cell; natural killer cell; pericyte; plasmacytoid dendritic cell; regulatory T cell; smooth muscle cell"
867757c1-3b1a-49d9-a0cd-17767eb160cc,10x multiome,kidney,normal,obstructive nephropathy,True,15,46957,12,7,5,B cell; T cell; endothelial cell; interstitial cell; kidney connecting tubule epithelial cell; kidney distal convoluted tubule epithelial cell; kidney loop of Henle ascending limb epithelial cell; kidney loop of Henle thin ascending limb epithelial cell; kidney loop of Henle thin descending limb epithelial cell; kidney proximal convoluted tubule epithelial cell; myeloid cell; parietal epithelial cell; podocyte; renal intercalated cell; renal principal cell
203025fe-fa99-4d57-81da-458ed8f0c334,10x multiome,dorsolateral prefrontal cortex,cognitive disorder,normal,True,14,49627,20,10,10,GABAergic neuron; T cell; astrocyte; capillary endothelial cell; endothelial cell of artery; fibroblast; glutamatergic neuron; microglial cell; oligodendrocyte; oligodendrocyte precursor cell; pericyte; perivascular macrophage; smooth muscle cell; vein endothelial cell
e3ed2ba4-edf5-40ac-8750-8a417ad1eefe,BD Rhapsody Whole Transcriptome Analysis,liver,colorectal carcinoma || metastatic malignant neoplasm,normal,True,14,75104,6,6,6,B cell; T cell; cholangiocyte; conventional dendritic cell; endothelial cell; fibroblast; hepatocyte; malignant cell; mast cell; mononuclear phagocyte; natural killer cell; neutrophil; plasma cell; plasmacytoid dendritic cell
acd544d0-4d8b-46c7-98b3-fc48f7e6fdb7,10x 3' v3,tendon of quadriceps femoris,injury,normal,True,13,12808,6,3,3,T cell; adipocyte; capillary endothelial cell; dendritic cell; endothelial cell of arteriole; endothelial cell of venule; fibroblast; leukocyte; macrophage; mononuclear phagocyte; natural killer cell; neural cell; pericyte
e51bae9a-c747-4b64-904a-4da7cda218ab,10x 3' v3,islet of Langerhans,normal,prediabetes syndrome,True,12,145299,26,13,13,Schwann cell; endothelial cell; leukocyte; mast cell; pancreatic A cell; pancreatic D cell; pancreatic PP cell; pancreatic acinar cell; pancreatic ductal cell; pancreatic epsilon cell; pancreatic stellate cell; type B pancreatic cell
829a3cd1-a466-49f1-b2e9-d3f6b7f392e2,10x 3' v3,sigmoid colon,colorectal cancer,normal,True,8,15508,13,13,10,BEST4+ colonocyte; colon goblet cell; colonocyte; early colonocyte; intestinal crypt stem cell of colon; malignant cell; secretory cell; tuft cell of colon
b617ee1b-f8c8-4de9-b82b-e803ab93550d,10x 3' v2,lung,lung cancer,normal,True,8,59232,7,5,6,B cell; T cell; endothelial cell; epithelial cell; fibroblast; mast cell; mononuclear phagocyte; plasmacytoid dendritic cell
de5416ef-bbfa-41f3-99d4-01a3554173f5,10x 3' v3,breast,breast cancer,invasive ductal breast carcinoma,False,28,211425,24,11,13,"CD4-positive, CD25-positive, CCR4-positive, alpha-beta regulatory T cell; CD8-positive, alpha-beta regulatory T cell; IgG plasma cell; T follicular helper cell; capillary endothelial cell; conventional dendritic cell; cycling T cell; cycling macrophage; cycling stromal cell; effector memory CD4-positive, alpha-beta T cell; effector memory CD8-positive, alpha-beta T cell; endothelial cell; endothelial cell of artery; endothelial cell of vascular tree; exhausted T cell; fibroblast; macrophage; malignant cell; mast cell; memory B cell; myeloid dendritic cell; myofibroblast cell; naive T cell; natural killer cell; pericyte; plasmacytoid dendritic cell; vascular associated smooth muscle cell; vein endothelial cell"
0bf30b02-db97-4560-b9cd-0fe3588892af,10x 5' v2,cerebrospinal fluid,brain cancer,lymphoma,False,7,35261,10,5,5,"B cell; CD4-positive, alpha-beta T cell; CD8-positive, alpha-beta T cell; dendritic cell, human; macrophage; monocyte; natural killer cell"
