dataset_id	gene
01b84709-139c-4485-98a9-6e14c58fbbf6	ENSG00000276070
01b84709-139c-4485-98a9-6e14c58fbbf6	ENSG00000276085
01b84709-139c-4485-98a9-6e14c58fbbf6	ENSG00000283154
01b84709-139c-4485-98a9-6e14c58fbbf6	ENSG00000276644
01b84709-139c-4485-98a9-6e14c58fbbf6	ENSG00000275395
01b84709-139c-4485-98a9-6e14c58fbbf6	ENSG00000291237
01b84709-139c-4485-98a9-6e14c58fbbf6	ENSG00000278570
01b84709-139c-4485-98a9-6e14c58fbbf6	ENSG00000276043
01b84709-139c-4485-98a9-6e14c58fbbf6	ENSG00000276368
01b84709-139c-4485-98a9-6e14c58fbbf6	ENSG00000276747
01b84709-139c-4485-98a9-6e14c58fbbf6	ENSG00000276410
01b84709-139c-4485-98a9-6e14c58fbbf6	ENSG00000277639
01b84709-139c-4485-98a9-6e14c58fbbf6	ENSG00000283992
01b84709-139c-4485-98a9-6e14c58fbbf6	ENSG00000283599
01b84709-139c-4485-98a9-6e14c58fbbf6	ENSG00000280670
01b84709-139c-4485-98a9-6e14c58fbbf6	ENSG00000277161
01b84709-139c-4485-98a9-6e14c58fbbf6	ENSG00000277494
01b84709-139c-4485-98a9-6e14c58fbbf6	ENSG00000276023
01b84709-139c-4485-98a9-6e14c58fbbf6	ENSG00000278845
01b84709-139c-4485-98a9-6e14c58fbbf6	ENSG00000277586
07dd8c34-4625-480a-8ee4-273a06c3082b	ENSG00000276644
07dd8c34-4625-480a-8ee4-273a06c3082b	ENSG00000276070
07dd8c34-4625-480a-8ee4-273a06c3082b	ENSG00000283154
07dd8c34-4625-480a-8ee4-273a06c3082b	ENSG00000276085
07dd8c34-4625-480a-8ee4-273a06c3082b	ENSG00000275395
07dd8c34-4625-480a-8ee4-273a06c3082b	ENSG00000277586
07dd8c34-4625-480a-8ee4-273a06c3082b	ENSG00000283599
07dd8c34-4625-480a-8ee4-273a06c3082b	ENSG00000278570
07dd8c34-4625-480a-8ee4-273a06c3082b	ENSG00000280670
07dd8c34-4625-480a-8ee4-273a06c3082b	ENSG00000276747
07dd8c34-4625-480a-8ee4-273a06c3082b	ENSG00000278057
07dd8c34-4625-480a-8ee4-273a06c3082b	ENSG00000277639
07dd8c34-4625-480a-8ee4-273a06c3082b	ENSG00000276430
07dd8c34-4625-480a-8ee4-273a06c3082b	ENSG00000288825
07dd8c34-4625-480a-8ee4-273a06c3082b	ENSG00000284505
07dd8c34-4625-480a-8ee4-273a06c3082b	ENSG00000283536
07dd8c34-4625-480a-8ee4-273a06c3082b	ENSG00000280236
07dd8c34-4625-480a-8ee4-273a06c3082b	ENSG00000275896
07dd8c34-4625-480a-8ee4-273a06c3082b	ENSG00000277161
07dd8c34-4625-480a-8ee4-273a06c3082b	ENSG00000276023
07dd8c34-4625-480a-8ee4-273a06c3082b	ENSG00000277494
07dd8c34-4625-480a-8ee4-273a06c3082b	ENSG00000276043
07dd8c34-4625-480a-8ee4-273a06c3082b	ENSG00000278845
09b518f9-da64-44cc-aec8-70a89d55611f	ENSG00000283154
09b518f9-da64-44cc-aec8-70a89d55611f	ENSG00000276644
09b518f9-da64-44cc-aec8-70a89d55611f	ENSG00000276070
09b518f9-da64-44cc-aec8-70a89d55611f	ENSG00000276409
09b518f9-da64-44cc-aec8-70a89d55611f	ENSG00000288825
09b518f9-da64-44cc-aec8-70a89d55611f	ENSG00000287080
09b518f9-da64-44cc-aec8-70a89d55611f	ENSG00000276085
09b518f9-da64-44cc-aec8-70a89d55611f	ENSG00000286135
09b518f9-da64-44cc-aec8-70a89d55611f	ENSG00000283536
09b518f9-da64-44cc-aec8-70a89d55611f	ENSG00000280670
09b518f9-da64-44cc-aec8-70a89d55611f	ENSG00000277639
09b518f9-da64-44cc-aec8-70a89d55611f	ENSG00000276747
09b518f9-da64-44cc-aec8-70a89d55611f	ENSG00000277494
09b518f9-da64-44cc-aec8-70a89d55611f	ENSG00000275395
09b518f9-da64-44cc-aec8-70a89d55611f	ENSG00000277586
09b518f9-da64-44cc-aec8-70a89d55611f	ENSG00000278570
09b518f9-da64-44cc-aec8-70a89d55611f	ENSG00000277161
09b518f9-da64-44cc-aec8-70a89d55611f	ENSG00000276043
09b518f9-da64-44cc-aec8-70a89d55611f	ENSG00000276023
09b518f9-da64-44cc-aec8-70a89d55611f	ENSG00000291237
09b518f9-da64-44cc-aec8-70a89d55611f	ENSG00000278845
0a8e3443-c3e2-4918-84db-0495657d9175	ENSG00000275896
0a8e3443-c3e2-4918-84db-0495657d9175	ENSG00000276368
0a8e3443-c3e2-4918-84db-0495657d9175	ENSG00000277632
0a8e3443-c3e2-4918-84db-0495657d9175	ENSG00000276410
0a8e3443-c3e2-4918-84db-0495657d9175	ENSG00000276070
0a8e3443-c3e2-4918-84db-0495657d9175	ENSG00000277586
0a8e3443-c3e2-4918-84db-0495657d9175	ENSG00000287080
0a8e3443-c3e2-4918-84db-0495657d9175	ENSG00000276043
0a8e3443-c3e2-4918-84db-0495657d9175	ENSG00000276644
0a8e3443-c3e2-4918-84db-0495657d9175	ENSG00000283154
0a8e3443-c3e2-4918-84db-0495657d9175	ENSG00000278057
0a8e3443-c3e2-4918-84db-0495657d9175	ENSG00000276747
0a8e3443-c3e2-4918-84db-0495657d9175	ENSG00000276085
0a8e3443-c3e2-4918-84db-0495657d9175	ENSG00000278570
0a8e3443-c3e2-4918-84db-0495657d9175	ENSG00000275395
0a8e3443-c3e2-4918-84db-0495657d9175	ENSG00000280670
0a8e3443-c3e2-4918-84db-0495657d9175	ENSG00000277161
0a8e3443-c3e2-4918-84db-0495657d9175	ENSG00000276023
0a8e3443-c3e2-4918-84db-0495657d9175	ENSG00000278845
0ae6f031-2f9c-4247-8b26-db320d6efd32	ENSG00000283154
0ae6f031-2f9c-4247-8b26-db320d6efd32	ENSG00000277639
0ae6f031-2f9c-4247-8b26-db320d6efd32	ENSG00000275896
0ae6f031-2f9c-4247-8b26-db320d6efd32	ENSG00000276070
0ae6f031-2f9c-4247-8b26-db320d6efd32	ENSG00000276368
0ae6f031-2f9c-4247-8b26-db320d6efd32	ENSG00000276430
0ae6f031-2f9c-4247-8b26-db320d6efd32	ENSG00000283992
0ae6f031-2f9c-4247-8b26-db320d6efd32	ENSG00000276644
0ae6f031-2f9c-4247-8b26-db320d6efd32	ENSG00000276747
0ae6f031-2f9c-4247-8b26-db320d6efd32	ENSG00000287080
0ae6f031-2f9c-4247-8b26-db320d6efd32	ENSG00000277586
0ae6f031-2f9c-4247-8b26-db320d6efd32	ENSG00000278889
0ae6f031-2f9c-4247-8b26-db320d6efd32	ENSG00000289604
0ae6f031-2f9c-4247-8b26-db320d6efd32	ENSG00000276410
0ae6f031-2f9c-4247-8b26-db320d6efd32	ENSG00000278570
0ae6f031-2f9c-4247-8b26-db320d6efd32	ENSG00000276085
0ae6f031-2f9c-4247-8b26-db320d6efd32	ENSG00000277161
0ae6f031-2f9c-4247-8b26-db320d6efd32	ENSG00000278057
0ae6f031-2f9c-4247-8b26-db320d6efd32	ENSG00000280670
0ae6f031-2f9c-4247-8b26-db320d6efd32	ENSG00000276043
0ae6f031-2f9c-4247-8b26-db320d6efd32	ENSG00000288825
0ae6f031-2f9c-4247-8b26-db320d6efd32	ENSG00000275395
0ae6f031-2f9c-4247-8b26-db320d6efd32	ENSG00000276023
0ae6f031-2f9c-4247-8b26-db320d6efd32	ENSG00000291237
0ae6f031-2f9c-4247-8b26-db320d6efd32	ENSG00000278845
0bf30b02-db97-4560-b9cd-0fe3588892af	ENSG00000275395
0bf30b02-db97-4560-b9cd-0fe3588892af	ENSG00000277586
0bf30b02-db97-4560-b9cd-0fe3588892af	ENSG00000276070
0bf30b02-db97-4560-b9cd-0fe3588892af	ENSG00000287080
0bf30b02-db97-4560-b9cd-0fe3588892af	ENSG00000276085
0bf30b02-db97-4560-b9cd-0fe3588892af	ENSG00000283154
0bf30b02-db97-4560-b9cd-0fe3588892af	ENSG00000276043
0bf30b02-db97-4560-b9cd-0fe3588892af	ENSG00000291237
0bf30b02-db97-4560-b9cd-0fe3588892af	ENSG00000276747
0bf30b02-db97-4560-b9cd-0fe3588892af	ENSG00000275896
0bf30b02-db97-4560-b9cd-0fe3588892af	ENSG00000277639
0bf30b02-db97-4560-b9cd-0fe3588892af	ENSG00000276644
0bf30b02-db97-4560-b9cd-0fe3588892af	ENSG00000276368
0bf30b02-db97-4560-b9cd-0fe3588892af	ENSG00000276410
0bf30b02-db97-4560-b9cd-0fe3588892af	ENSG00000276023
0bf30b02-db97-4560-b9cd-0fe3588892af	ENSG00000280670
0bf30b02-db97-4560-b9cd-0fe3588892af	ENSG00000277161
0bf30b02-db97-4560-b9cd-0fe3588892af	ENSG00000278845
0c0c49a2-b96b-432f-98a4-1decf9929149	ENSG00000275896
0c0c49a2-b96b-432f-98a4-1decf9929149	ENSG00000276085
0c0c49a2-b96b-432f-98a4-1decf9929149	ENSG00000277632
0c0c49a2-b96b-432f-98a4-1decf9929149	ENSG00000276070
0c0c49a2-b96b-432f-98a4-1decf9929149	ENSG00000276368
0c0c49a2-b96b-432f-98a4-1decf9929149	ENSG00000287080
0c0c49a2-b96b-432f-98a4-1decf9929149	ENSG00000276043
0c0c49a2-b96b-432f-98a4-1decf9929149	ENSG00000277586
0c0c49a2-b96b-432f-98a4-1decf9929149	ENSG00000276410
0c0c49a2-b96b-432f-98a4-1decf9929149	ENSG00000276644
0c0c49a2-b96b-432f-98a4-1decf9929149	ENSG00000283536
0c0c49a2-b96b-432f-98a4-1decf9929149	ENSG00000288825
0c0c49a2-b96b-432f-98a4-1decf9929149	ENSG00000276747
0c0c49a2-b96b-432f-98a4-1decf9929149	ENSG00000278570
0c0c49a2-b96b-432f-98a4-1decf9929149	ENSG00000275395
0c0c49a2-b96b-432f-98a4-1decf9929149	ENSG00000283154
0c0c49a2-b96b-432f-98a4-1decf9929149	ENSG00000280670
0c0c49a2-b96b-432f-98a4-1decf9929149	ENSG00000277161
0c0c49a2-b96b-432f-98a4-1decf9929149	ENSG00000276023
0c0c49a2-b96b-432f-98a4-1decf9929149	ENSG00000278845
145dcf6a-2461-4fa3-a0af-7fc56db0bd33	ENSG00000275395
145dcf6a-2461-4fa3-a0af-7fc56db0bd33	ENSG00000276070
145dcf6a-2461-4fa3-a0af-7fc56db0bd33	ENSG00000276085
145dcf6a-2461-4fa3-a0af-7fc56db0bd33	ENSG00000277586
145dcf6a-2461-4fa3-a0af-7fc56db0bd33	ENSG00000284690
145dcf6a-2461-4fa3-a0af-7fc56db0bd33	ENSG00000291237
145dcf6a-2461-4fa3-a0af-7fc56db0bd33	ENSG00000276644
145dcf6a-2461-4fa3-a0af-7fc56db0bd33	ENSG00000283992
145dcf6a-2461-4fa3-a0af-7fc56db0bd33	ENSG00000282301
145dcf6a-2461-4fa3-a0af-7fc56db0bd33	ENSG00000275896
145dcf6a-2461-4fa3-a0af-7fc56db0bd33	ENSG00000288825
145dcf6a-2461-4fa3-a0af-7fc56db0bd33	ENSG00000277161
145dcf6a-2461-4fa3-a0af-7fc56db0bd33	ENSG00000276023
145dcf6a-2461-4fa3-a0af-7fc56db0bd33	ENSG00000276747
145dcf6a-2461-4fa3-a0af-7fc56db0bd33	ENSG00000277494
145dcf6a-2461-4fa3-a0af-7fc56db0bd33	ENSG00000276410
145dcf6a-2461-4fa3-a0af-7fc56db0bd33	ENSG00000277639
145dcf6a-2461-4fa3-a0af-7fc56db0bd33	ENSG00000287080
145dcf6a-2461-4fa3-a0af-7fc56db0bd33	ENSG00000276043
145dcf6a-2461-4fa3-a0af-7fc56db0bd33	ENSG00000278570
145dcf6a-2461-4fa3-a0af-7fc56db0bd33	ENSG00000278845
145dcf6a-2461-4fa3-a0af-7fc56db0bd33	ENSG00000280670
16023185-de21-4c0d-a9c8-73abdd52d142	ENSG00000275395
16023185-de21-4c0d-a9c8-73abdd52d142	ENSG00000277639
16023185-de21-4c0d-a9c8-73abdd52d142	ENSG00000277494
16023185-de21-4c0d-a9c8-73abdd52d142	ENSG00000276085
16023185-de21-4c0d-a9c8-73abdd52d142	ENSG00000291237
16023185-de21-4c0d-a9c8-73abdd52d142	ENSG00000289604
16023185-de21-4c0d-a9c8-73abdd52d142	ENSG00000284505
16023185-de21-4c0d-a9c8-73abdd52d142	ENSG00000276368
16023185-de21-4c0d-a9c8-73abdd52d142	ENSG00000276023
16023185-de21-4c0d-a9c8-73abdd52d142	ENSG00000276043
16023185-de21-4c0d-a9c8-73abdd52d142	ENSG00000285292
16023185-de21-4c0d-a9c8-73abdd52d142	ENSG00000276410
16023185-de21-4c0d-a9c8-73abdd52d142	ENSG00000283154
16023185-de21-4c0d-a9c8-73abdd52d142	ENSG00000276644
16023185-de21-4c0d-a9c8-73abdd52d142	ENSG00000278570
16023185-de21-4c0d-a9c8-73abdd52d142	ENSG00000280670
16023185-de21-4c0d-a9c8-73abdd52d142	ENSG00000277161
16023185-de21-4c0d-a9c8-73abdd52d142	ENSG00000278845
19053a82-9c89-4fb8-bd19-d7b1800b0b7b	ENSG00000275395
19053a82-9c89-4fb8-bd19-d7b1800b0b7b	ENSG00000276070
19053a82-9c89-4fb8-bd19-d7b1800b0b7b	ENSG00000277632
19053a82-9c89-4fb8-bd19-d7b1800b0b7b	ENSG00000276085
19053a82-9c89-4fb8-bd19-d7b1800b0b7b	ENSG00000287080
19053a82-9c89-4fb8-bd19-d7b1800b0b7b	ENSG00000277494
19053a82-9c89-4fb8-bd19-d7b1800b0b7b	ENSG00000276410
19053a82-9c89-4fb8-bd19-d7b1800b0b7b	ENSG00000283154
19053a82-9c89-4fb8-bd19-d7b1800b0b7b	ENSG00000276368
19053a82-9c89-4fb8-bd19-d7b1800b0b7b	ENSG00000277161
19053a82-9c89-4fb8-bd19-d7b1800b0b7b	ENSG00000276644
19053a82-9c89-4fb8-bd19-d7b1800b0b7b	ENSG00000276023
19053a82-9c89-4fb8-bd19-d7b1800b0b7b	ENSG00000278845
19f1bec6-eeb7-4133-accc-992d745fef89	ENSG00000277586
19f1bec6-eeb7-4133-accc-992d745fef89	ENSG00000276070
19f1bec6-eeb7-4133-accc-992d745fef89	ENSG00000275395
19f1bec6-eeb7-4133-accc-992d745fef89	ENSG00000276409
19f1bec6-eeb7-4133-accc-992d745fef89	ENSG00000291237
19f1bec6-eeb7-4133-accc-992d745fef89	ENSG00000276644
19f1bec6-eeb7-4133-accc-992d745fef89	ENSG00000277639
19f1bec6-eeb7-4133-accc-992d745fef89	ENSG00000280670
19f1bec6-eeb7-4133-accc-992d745fef89	ENSG00000278570
19f1bec6-eeb7-4133-accc-992d745fef89	ENSG00000276043
19f1bec6-eeb7-4133-accc-992d745fef89	ENSG00000276747
19f1bec6-eeb7-4133-accc-992d745fef89	ENSG00000277494
19f1bec6-eeb7-4133-accc-992d745fef89	ENSG00000278845
1a9f3b38-b86d-416d-bbdc-9058ad3ff42d	ENSG00000275395
1a9f3b38-b86d-416d-bbdc-9058ad3ff42d	ENSG00000276085
1a9f3b38-b86d-416d-bbdc-9058ad3ff42d	ENSG00000276070
1a9f3b38-b86d-416d-bbdc-9058ad3ff42d	ENSG00000291237
1a9f3b38-b86d-416d-bbdc-9058ad3ff42d	ENSG00000276644
1a9f3b38-b86d-416d-bbdc-9058ad3ff42d	ENSG00000276368
1a9f3b38-b86d-416d-bbdc-9058ad3ff42d	ENSG00000276410
1a9f3b38-b86d-416d-bbdc-9058ad3ff42d	ENSG00000280670
1a9f3b38-b86d-416d-bbdc-9058ad3ff42d	ENSG00000283154
1a9f3b38-b86d-416d-bbdc-9058ad3ff42d	ENSG00000275896
1a9f3b38-b86d-416d-bbdc-9058ad3ff42d	ENSG00000276430
1a9f3b38-b86d-416d-bbdc-9058ad3ff42d	ENSG00000277586
1a9f3b38-b86d-416d-bbdc-9058ad3ff42d	ENSG00000277639
1a9f3b38-b86d-416d-bbdc-9058ad3ff42d	ENSG00000287080
1a9f3b38-b86d-416d-bbdc-9058ad3ff42d	ENSG00000276043
1a9f3b38-b86d-416d-bbdc-9058ad3ff42d	ENSG00000277161
1a9f3b38-b86d-416d-bbdc-9058ad3ff42d	ENSG00000277494
1a9f3b38-b86d-416d-bbdc-9058ad3ff42d	ENSG00000278570
1a9f3b38-b86d-416d-bbdc-9058ad3ff42d	ENSG00000276023
1a9f3b38-b86d-416d-bbdc-9058ad3ff42d	ENSG00000278845
1ab4ebbc-18d6-4838-89c2-cdc5b10accfb	ENSG00000283992
1ab4ebbc-18d6-4838-89c2-cdc5b10accfb	ENSG00000276070
1ab4ebbc-18d6-4838-89c2-cdc5b10accfb	ENSG00000275395
1ab4ebbc-18d6-4838-89c2-cdc5b10accfb	ENSG00000276085
1ab4ebbc-18d6-4838-89c2-cdc5b10accfb	ENSG00000277494
1ab4ebbc-18d6-4838-89c2-cdc5b10accfb	ENSG00000277639
1ab4ebbc-18d6-4838-89c2-cdc5b10accfb	ENSG00000276368
1ab4ebbc-18d6-4838-89c2-cdc5b10accfb	ENSG00000276644
1ab4ebbc-18d6-4838-89c2-cdc5b10accfb	ENSG00000275896
1ab4ebbc-18d6-4838-89c2-cdc5b10accfb	ENSG00000283154
1ab4ebbc-18d6-4838-89c2-cdc5b10accfb	ENSG00000278057
1ab4ebbc-18d6-4838-89c2-cdc5b10accfb	ENSG00000276747
1ab4ebbc-18d6-4838-89c2-cdc5b10accfb	ENSG00000287080
1ab4ebbc-18d6-4838-89c2-cdc5b10accfb	ENSG00000276410
1ab4ebbc-18d6-4838-89c2-cdc5b10accfb	ENSG00000276043
1ab4ebbc-18d6-4838-89c2-cdc5b10accfb	ENSG00000278570
1ab4ebbc-18d6-4838-89c2-cdc5b10accfb	ENSG00000276023
1ab4ebbc-18d6-4838-89c2-cdc5b10accfb	ENSG00000280670
1ab4ebbc-18d6-4838-89c2-cdc5b10accfb	ENSG00000277161
1ab4ebbc-18d6-4838-89c2-cdc5b10accfb	ENSG00000278845
1b350d0a-4535-4879-beb6-1142f3f94947	ENSG00000276070
1b350d0a-4535-4879-beb6-1142f3f94947	ENSG00000276368
1b350d0a-4535-4879-beb6-1142f3f94947	ENSG00000287080
1b350d0a-4535-4879-beb6-1142f3f94947	ENSG00000276085
1b350d0a-4535-4879-beb6-1142f3f94947	ENSG00000276410
1b350d0a-4535-4879-beb6-1142f3f94947	ENSG00000276043
1b350d0a-4535-4879-beb6-1142f3f94947	ENSG00000291237
1b350d0a-4535-4879-beb6-1142f3f94947	ENSG00000275896
1b350d0a-4535-4879-beb6-1142f3f94947	ENSG00000277586
1b350d0a-4535-4879-beb6-1142f3f94947	ENSG00000278057
1b350d0a-4535-4879-beb6-1142f3f94947	ENSG00000278570
1b350d0a-4535-4879-beb6-1142f3f94947	ENSG00000277639
1b350d0a-4535-4879-beb6-1142f3f94947	ENSG00000276644
1b350d0a-4535-4879-beb6-1142f3f94947	ENSG00000283154
1b350d0a-4535-4879-beb6-1142f3f94947	ENSG00000288825
1b350d0a-4535-4879-beb6-1142f3f94947	ENSG00000275395
1b350d0a-4535-4879-beb6-1142f3f94947	ENSG00000277161
1b350d0a-4535-4879-beb6-1142f3f94947	ENSG00000278845
1b350d0a-4535-4879-beb6-1142f3f94947	ENSG00000280670
1b350d0a-4535-4879-beb6-1142f3f94947	ENSG00000276023
203025fe-fa99-4d57-81da-458ed8f0c334	ENSG00000275395
203025fe-fa99-4d57-81da-458ed8f0c334	ENSG00000283154
203025fe-fa99-4d57-81da-458ed8f0c334	ENSG00000277586
203025fe-fa99-4d57-81da-458ed8f0c334	ENSG00000276085
203025fe-fa99-4d57-81da-458ed8f0c334	ENSG00000276410
203025fe-fa99-4d57-81da-458ed8f0c334	ENSG00000276644
203025fe-fa99-4d57-81da-458ed8f0c334	ENSG00000276023
203025fe-fa99-4d57-81da-458ed8f0c334	ENSG00000283992
203025fe-fa99-4d57-81da-458ed8f0c334	ENSG00000288825
203025fe-fa99-4d57-81da-458ed8f0c334	ENSG00000276070
203025fe-fa99-4d57-81da-458ed8f0c334	ENSG00000280670
203025fe-fa99-4d57-81da-458ed8f0c334	ENSG00000277494
203025fe-fa99-4d57-81da-458ed8f0c334	ENSG00000277161
203025fe-fa99-4d57-81da-458ed8f0c334	ENSG00000278570
203025fe-fa99-4d57-81da-458ed8f0c334	ENSG00000277639
203025fe-fa99-4d57-81da-458ed8f0c334	ENSG00000291237
203025fe-fa99-4d57-81da-458ed8f0c334	ENSG00000278845
203025fe-fa99-4d57-81da-458ed8f0c334	ENSG00000276043
21722308-5091-4b63-9c07-4f116ab9a7b3	ENSG00000275395
21722308-5091-4b63-9c07-4f116ab9a7b3	ENSG00000277586
21722308-5091-4b63-9c07-4f116ab9a7b3	ENSG00000276070
21722308-5091-4b63-9c07-4f116ab9a7b3	ENSG00000276644
21722308-5091-4b63-9c07-4f116ab9a7b3	ENSG00000291237
21722308-5091-4b63-9c07-4f116ab9a7b3	ENSG00000276085
21722308-5091-4b63-9c07-4f116ab9a7b3	ENSG00000277494
21722308-5091-4b63-9c07-4f116ab9a7b3	ENSG00000276410
21722308-5091-4b63-9c07-4f116ab9a7b3	ENSG00000277639
21722308-5091-4b63-9c07-4f116ab9a7b3	ENSG00000282301
21722308-5091-4b63-9c07-4f116ab9a7b3	ENSG00000276043
21722308-5091-4b63-9c07-4f116ab9a7b3	ENSG00000288825
21722308-5091-4b63-9c07-4f116ab9a7b3	ENSG00000276023
21722308-5091-4b63-9c07-4f116ab9a7b3	ENSG00000276747
21722308-5091-4b63-9c07-4f116ab9a7b3	ENSG00000284690
21722308-5091-4b63-9c07-4f116ab9a7b3	ENSG00000277161
21722308-5091-4b63-9c07-4f116ab9a7b3	ENSG00000287080
21722308-5091-4b63-9c07-4f116ab9a7b3	ENSG00000283992
21722308-5091-4b63-9c07-4f116ab9a7b3	ENSG00000278570
21722308-5091-4b63-9c07-4f116ab9a7b3	ENSG00000278845
21722308-5091-4b63-9c07-4f116ab9a7b3	ENSG00000280670
27d3952f-fbbc-497d-98d1-f37f3d555235	ENSG00000277632
27d3952f-fbbc-497d-98d1-f37f3d555235	ENSG00000276085
27d3952f-fbbc-497d-98d1-f37f3d555235	ENSG00000276070
27d3952f-fbbc-497d-98d1-f37f3d555235	ENSG00000283154
27d3952f-fbbc-497d-98d1-f37f3d555235	ENSG00000276644
27d3952f-fbbc-497d-98d1-f37f3d555235	ENSG00000276043
27d3952f-fbbc-497d-98d1-f37f3d555235	ENSG00000277161
27d3952f-fbbc-497d-98d1-f37f3d555235	ENSG00000291237
27d3952f-fbbc-497d-98d1-f37f3d555235	ENSG00000276023
27d3952f-fbbc-497d-98d1-f37f3d555235	ENSG00000278845
27d3952f-fbbc-497d-98d1-f37f3d555235	ENSG00000275395
30c2a6fd-d547-460f-a5e7-44c62a2af7ad	ENSG00000276368
30c2a6fd-d547-460f-a5e7-44c62a2af7ad	ENSG00000276043
30c2a6fd-d547-460f-a5e7-44c62a2af7ad	ENSG00000287080
30c2a6fd-d547-460f-a5e7-44c62a2af7ad	ENSG00000276644
30c2a6fd-d547-460f-a5e7-44c62a2af7ad	ENSG00000276410
30c2a6fd-d547-460f-a5e7-44c62a2af7ad	ENSG00000291237
30c2a6fd-d547-460f-a5e7-44c62a2af7ad	ENSG00000277632
30c2a6fd-d547-460f-a5e7-44c62a2af7ad	ENSG00000275896
30c2a6fd-d547-460f-a5e7-44c62a2af7ad	ENSG00000276747
30c2a6fd-d547-460f-a5e7-44c62a2af7ad	ENSG00000283154
30c2a6fd-d547-460f-a5e7-44c62a2af7ad	ENSG00000288825
30c2a6fd-d547-460f-a5e7-44c62a2af7ad	ENSG00000276070
30c2a6fd-d547-460f-a5e7-44c62a2af7ad	ENSG00000278057
30c2a6fd-d547-460f-a5e7-44c62a2af7ad	ENSG00000276085
30c2a6fd-d547-460f-a5e7-44c62a2af7ad	ENSG00000280670
30c2a6fd-d547-460f-a5e7-44c62a2af7ad	ENSG00000275395
30c2a6fd-d547-460f-a5e7-44c62a2af7ad	ENSG00000278845
30c2a6fd-d547-460f-a5e7-44c62a2af7ad	ENSG00000277161
30c2a6fd-d547-460f-a5e7-44c62a2af7ad	ENSG00000277586
30c2a6fd-d547-460f-a5e7-44c62a2af7ad	ENSG00000276023
322c816f-608a-4da1-99c4-36ca4ad45146	ENSG00000277586
322c816f-608a-4da1-99c4-36ca4ad45146	ENSG00000275395
322c816f-608a-4da1-99c4-36ca4ad45146	ENSG00000276085
322c816f-608a-4da1-99c4-36ca4ad45146	ENSG00000276070
322c816f-608a-4da1-99c4-36ca4ad45146	ENSG00000277632
322c816f-608a-4da1-99c4-36ca4ad45146	ENSG00000276644
322c816f-608a-4da1-99c4-36ca4ad45146	ENSG00000283992
322c816f-608a-4da1-99c4-36ca4ad45146	ENSG00000278570
322c816f-608a-4da1-99c4-36ca4ad45146	ENSG00000277494
322c816f-608a-4da1-99c4-36ca4ad45146	ENSG00000276430
322c816f-608a-4da1-99c4-36ca4ad45146	ENSG00000278057
322c816f-608a-4da1-99c4-36ca4ad45146	ENSG00000276410
322c816f-608a-4da1-99c4-36ca4ad45146	ENSG00000275896
322c816f-608a-4da1-99c4-36ca4ad45146	ENSG00000291237
322c816f-608a-4da1-99c4-36ca4ad45146	ENSG00000276368
322c816f-608a-4da1-99c4-36ca4ad45146	ENSG00000283154
322c816f-608a-4da1-99c4-36ca4ad45146	ENSG00000276043
322c816f-608a-4da1-99c4-36ca4ad45146	ENSG00000283536
322c816f-608a-4da1-99c4-36ca4ad45146	ENSG00000280670
322c816f-608a-4da1-99c4-36ca4ad45146	ENSG00000277161
322c816f-608a-4da1-99c4-36ca4ad45146	ENSG00000278845
322c816f-608a-4da1-99c4-36ca4ad45146	ENSG00000276023
3a702020-cf66-4ef5-9d11-4a5e835b7efb	ENSG00000275395
3a702020-cf66-4ef5-9d11-4a5e835b7efb	ENSG00000276644
3a702020-cf66-4ef5-9d11-4a5e835b7efb	ENSG00000283154
3a702020-cf66-4ef5-9d11-4a5e835b7efb	ENSG00000276085
3a702020-cf66-4ef5-9d11-4a5e835b7efb	ENSG00000276070
3a702020-cf66-4ef5-9d11-4a5e835b7efb	ENSG00000276043
3a702020-cf66-4ef5-9d11-4a5e835b7efb	ENSG00000280670
3a702020-cf66-4ef5-9d11-4a5e835b7efb	ENSG00000284505
3a702020-cf66-4ef5-9d11-4a5e835b7efb	ENSG00000276747
3a702020-cf66-4ef5-9d11-4a5e835b7efb	ENSG00000277586
3a702020-cf66-4ef5-9d11-4a5e835b7efb	ENSG00000276368
3a702020-cf66-4ef5-9d11-4a5e835b7efb	ENSG00000276410
3a702020-cf66-4ef5-9d11-4a5e835b7efb	ENSG00000277494
3a702020-cf66-4ef5-9d11-4a5e835b7efb	ENSG00000278570
3a702020-cf66-4ef5-9d11-4a5e835b7efb	ENSG00000276430
3a702020-cf66-4ef5-9d11-4a5e835b7efb	ENSG00000278057
3a702020-cf66-4ef5-9d11-4a5e835b7efb	ENSG00000276023
3a702020-cf66-4ef5-9d11-4a5e835b7efb	ENSG00000277639
3a702020-cf66-4ef5-9d11-4a5e835b7efb	ENSG00000277161
3a702020-cf66-4ef5-9d11-4a5e835b7efb	ENSG00000278845
3bfd5174-5b49-4e58-b233-ed0f4edd0bec	ENSG00000283154
3bfd5174-5b49-4e58-b233-ed0f4edd0bec	ENSG00000276023
3bfd5174-5b49-4e58-b233-ed0f4edd0bec	ENSG00000276644
3bfd5174-5b49-4e58-b233-ed0f4edd0bec	ENSG00000276070
3bfd5174-5b49-4e58-b233-ed0f4edd0bec	ENSG00000289604
3bfd5174-5b49-4e58-b233-ed0f4edd0bec	ENSG00000276085
3bfd5174-5b49-4e58-b233-ed0f4edd0bec	ENSG00000283247
3bfd5174-5b49-4e58-b233-ed0f4edd0bec	ENSG00000275896
3bfd5174-5b49-4e58-b233-ed0f4edd0bec	ENSG00000278889
3bfd5174-5b49-4e58-b233-ed0f4edd0bec	ENSG00000283992
3bfd5174-5b49-4e58-b233-ed0f4edd0bec	ENSG00000276368
3bfd5174-5b49-4e58-b233-ed0f4edd0bec	ENSG00000276430
3bfd5174-5b49-4e58-b233-ed0f4edd0bec	ENSG00000280670
3bfd5174-5b49-4e58-b233-ed0f4edd0bec	ENSG00000277586
3bfd5174-5b49-4e58-b233-ed0f4edd0bec	ENSG00000277639
3bfd5174-5b49-4e58-b233-ed0f4edd0bec	ENSG00000277161
3bfd5174-5b49-4e58-b233-ed0f4edd0bec	ENSG00000276410
3bfd5174-5b49-4e58-b233-ed0f4edd0bec	ENSG00000276747
3bfd5174-5b49-4e58-b233-ed0f4edd0bec	ENSG00000276043
3bfd5174-5b49-4e58-b233-ed0f4edd0bec	ENSG00000278570
3bfd5174-5b49-4e58-b233-ed0f4edd0bec	ENSG00000288825
3bfd5174-5b49-4e58-b233-ed0f4edd0bec	ENSG00000278057
3bfd5174-5b49-4e58-b233-ed0f4edd0bec	ENSG00000291237
3bfd5174-5b49-4e58-b233-ed0f4edd0bec	ENSG00000275395
3bfd5174-5b49-4e58-b233-ed0f4edd0bec	ENSG00000278845
3c364ffe-d599-44d5-a77f-6c5fd7038cf6	ENSG00000277586
3c364ffe-d599-44d5-a77f-6c5fd7038cf6	ENSG00000275395
3c364ffe-d599-44d5-a77f-6c5fd7038cf6	ENSG00000276409
3c364ffe-d599-44d5-a77f-6c5fd7038cf6	ENSG00000278570
3c364ffe-d599-44d5-a77f-6c5fd7038cf6	ENSG00000276644
3c364ffe-d599-44d5-a77f-6c5fd7038cf6	ENSG00000283992
3c364ffe-d599-44d5-a77f-6c5fd7038cf6	ENSG00000276070
3c364ffe-d599-44d5-a77f-6c5fd7038cf6	ENSG00000276430
3c364ffe-d599-44d5-a77f-6c5fd7038cf6	ENSG00000276747
3c364ffe-d599-44d5-a77f-6c5fd7038cf6	ENSG00000283536
3c364ffe-d599-44d5-a77f-6c5fd7038cf6	ENSG00000275896
3c364ffe-d599-44d5-a77f-6c5fd7038cf6	ENSG00000289604
3c364ffe-d599-44d5-a77f-6c5fd7038cf6	ENSG00000277639
3c364ffe-d599-44d5-a77f-6c5fd7038cf6	ENSG00000276368
3c364ffe-d599-44d5-a77f-6c5fd7038cf6	ENSG00000276085
3c364ffe-d599-44d5-a77f-6c5fd7038cf6	ENSG00000291237
3c364ffe-d599-44d5-a77f-6c5fd7038cf6	ENSG00000277161
3c364ffe-d599-44d5-a77f-6c5fd7038cf6	ENSG00000280670
3c364ffe-d599-44d5-a77f-6c5fd7038cf6	ENSG00000283154
3c364ffe-d599-44d5-a77f-6c5fd7038cf6	ENSG00000276043
3c364ffe-d599-44d5-a77f-6c5fd7038cf6	ENSG00000277494
3c364ffe-d599-44d5-a77f-6c5fd7038cf6	ENSG00000276023
3c364ffe-d599-44d5-a77f-6c5fd7038cf6	ENSG00000278845
3cb646ab-d411-4e5b-89eb-082a786c953b	ENSG00000275896
3cb646ab-d411-4e5b-89eb-082a786c953b	ENSG00000276368
3cb646ab-d411-4e5b-89eb-082a786c953b	ENSG00000277632
3cb646ab-d411-4e5b-89eb-082a786c953b	ENSG00000276043
3cb646ab-d411-4e5b-89eb-082a786c953b	ENSG00000276070
3cb646ab-d411-4e5b-89eb-082a786c953b	ENSG00000277586
3cb646ab-d411-4e5b-89eb-082a786c953b	ENSG00000276410
3cb646ab-d411-4e5b-89eb-082a786c953b	ENSG00000287080
3cb646ab-d411-4e5b-89eb-082a786c953b	ENSG00000276085
3cb646ab-d411-4e5b-89eb-082a786c953b	ENSG00000288825
3cb646ab-d411-4e5b-89eb-082a786c953b	ENSG00000278057
3cb646ab-d411-4e5b-89eb-082a786c953b	ENSG00000276644
3cb646ab-d411-4e5b-89eb-082a786c953b	ENSG00000283154
3cb646ab-d411-4e5b-89eb-082a786c953b	ENSG00000278570
3cb646ab-d411-4e5b-89eb-082a786c953b	ENSG00000276747
3cb646ab-d411-4e5b-89eb-082a786c953b	ENSG00000275395
3cb646ab-d411-4e5b-89eb-082a786c953b	ENSG00000280670
3cb646ab-d411-4e5b-89eb-082a786c953b	ENSG00000277161
3cb646ab-d411-4e5b-89eb-082a786c953b	ENSG00000276023
3cb646ab-d411-4e5b-89eb-082a786c953b	ENSG00000278845
3e55180c-780a-4424-9434-5296640ffc0d	ENSG00000276070
3e55180c-780a-4424-9434-5296640ffc0d	ENSG00000276085
3e55180c-780a-4424-9434-5296640ffc0d	ENSG00000275395
3e55180c-780a-4424-9434-5296640ffc0d	ENSG00000283154
3e55180c-780a-4424-9434-5296640ffc0d	ENSG00000277586
3e55180c-780a-4424-9434-5296640ffc0d	ENSG00000276410
3e55180c-780a-4424-9434-5296640ffc0d	ENSG00000276368
3e55180c-780a-4424-9434-5296640ffc0d	ENSG00000276644
3e55180c-780a-4424-9434-5296640ffc0d	ENSG00000283740
3e55180c-780a-4424-9434-5296640ffc0d	ENSG00000283536
3e55180c-780a-4424-9434-5296640ffc0d	ENSG00000283599
3e55180c-780a-4424-9434-5296640ffc0d	ENSG00000291237
3e55180c-780a-4424-9434-5296640ffc0d	ENSG00000287080
3e55180c-780a-4424-9434-5296640ffc0d	ENSG00000277639
3e55180c-780a-4424-9434-5296640ffc0d	ENSG00000278570
3e55180c-780a-4424-9434-5296640ffc0d	ENSG00000285292
3e55180c-780a-4424-9434-5296640ffc0d	ENSG00000276043
3e55180c-780a-4424-9434-5296640ffc0d	ENSG00000280670
3e55180c-780a-4424-9434-5296640ffc0d	ENSG00000277161
3e55180c-780a-4424-9434-5296640ffc0d	ENSG00000276023
3e55180c-780a-4424-9434-5296640ffc0d	ENSG00000278845
420d0f5d-b7ba-4b1e-88d0-44e9f733febd	ENSG00000275896
420d0f5d-b7ba-4b1e-88d0-44e9f733febd	ENSG00000276368
420d0f5d-b7ba-4b1e-88d0-44e9f733febd	ENSG00000276070
420d0f5d-b7ba-4b1e-88d0-44e9f733febd	ENSG00000277632
420d0f5d-b7ba-4b1e-88d0-44e9f733febd	ENSG00000277586
420d0f5d-b7ba-4b1e-88d0-44e9f733febd	ENSG00000276043
420d0f5d-b7ba-4b1e-88d0-44e9f733febd	ENSG00000287080
420d0f5d-b7ba-4b1e-88d0-44e9f733febd	ENSG00000275395
420d0f5d-b7ba-4b1e-88d0-44e9f733febd	ENSG00000276410
420d0f5d-b7ba-4b1e-88d0-44e9f733febd	ENSG00000276085
420d0f5d-b7ba-4b1e-88d0-44e9f733febd	ENSG00000276644
420d0f5d-b7ba-4b1e-88d0-44e9f733febd	ENSG00000284505
420d0f5d-b7ba-4b1e-88d0-44e9f733febd	ENSG00000276747
420d0f5d-b7ba-4b1e-88d0-44e9f733febd	ENSG00000283154
420d0f5d-b7ba-4b1e-88d0-44e9f733febd	ENSG00000280670
420d0f5d-b7ba-4b1e-88d0-44e9f733febd	ENSG00000277161
420d0f5d-b7ba-4b1e-88d0-44e9f733febd	ENSG00000276023
420d0f5d-b7ba-4b1e-88d0-44e9f733febd	ENSG00000278845
4319097a-acae-4124-beed-d1173ffe1464	ENSG00000276644
4319097a-acae-4124-beed-d1173ffe1464	ENSG00000276085
4319097a-acae-4124-beed-d1173ffe1464	ENSG00000276070
4319097a-acae-4124-beed-d1173ffe1464	ENSG00000277632
4319097a-acae-4124-beed-d1173ffe1464	ENSG00000275395
4319097a-acae-4124-beed-d1173ffe1464	ENSG00000277586
4319097a-acae-4124-beed-d1173ffe1464	ENSG00000291237
4319097a-acae-4124-beed-d1173ffe1464	ENSG00000287080
4319097a-acae-4124-beed-d1173ffe1464	ENSG00000283154
4319097a-acae-4124-beed-d1173ffe1464	ENSG00000278570
4319097a-acae-4124-beed-d1173ffe1464	ENSG00000276368
4319097a-acae-4124-beed-d1173ffe1464	ENSG00000275896
4319097a-acae-4124-beed-d1173ffe1464	ENSG00000276043
4319097a-acae-4124-beed-d1173ffe1464	ENSG00000280670
4319097a-acae-4124-beed-d1173ffe1464	ENSG00000276410
4319097a-acae-4124-beed-d1173ffe1464	ENSG00000278845
4319097a-acae-4124-beed-d1173ffe1464	ENSG00000276023
4319097a-acae-4124-beed-d1173ffe1464	ENSG00000277161
432f3af5-6a79-401f-b315-fb2df789f32c	ENSG00000283154
432f3af5-6a79-401f-b315-fb2df789f32c	ENSG00000276070
432f3af5-6a79-401f-b315-fb2df789f32c	ENSG00000276644
432f3af5-6a79-401f-b315-fb2df789f32c	ENSG00000276368
432f3af5-6a79-401f-b315-fb2df789f32c	ENSG00000283599
432f3af5-6a79-401f-b315-fb2df789f32c	ENSG00000277586
432f3af5-6a79-401f-b315-fb2df789f32c	ENSG00000283247
432f3af5-6a79-401f-b315-fb2df789f32c	ENSG00000275896
432f3af5-6a79-401f-b315-fb2df789f32c	ENSG00000283992
432f3af5-6a79-401f-b315-fb2df789f32c	ENSG00000276410
432f3af5-6a79-401f-b315-fb2df789f32c	ENSG00000276430
432f3af5-6a79-401f-b315-fb2df789f32c	ENSG00000277494
432f3af5-6a79-401f-b315-fb2df789f32c	ENSG00000276085
432f3af5-6a79-401f-b315-fb2df789f32c	ENSG00000289604
432f3af5-6a79-401f-b315-fb2df789f32c	ENSG00000287080
432f3af5-6a79-401f-b315-fb2df789f32c	ENSG00000280670
432f3af5-6a79-401f-b315-fb2df789f32c	ENSG00000277161
432f3af5-6a79-401f-b315-fb2df789f32c	ENSG00000277639
432f3af5-6a79-401f-b315-fb2df789f32c	ENSG00000276747
432f3af5-6a79-401f-b315-fb2df789f32c	ENSG00000276043
432f3af5-6a79-401f-b315-fb2df789f32c	ENSG00000278570
432f3af5-6a79-401f-b315-fb2df789f32c	ENSG00000288825
432f3af5-6a79-401f-b315-fb2df789f32c	ENSG00000278057
432f3af5-6a79-401f-b315-fb2df789f32c	ENSG00000275395
432f3af5-6a79-401f-b315-fb2df789f32c	ENSG00000276023
432f3af5-6a79-401f-b315-fb2df789f32c	ENSG00000291237
432f3af5-6a79-401f-b315-fb2df789f32c	ENSG00000278845
43a1506b-aa9e-46a3-b288-d210f4595ddf	ENSG00000275896
43a1506b-aa9e-46a3-b288-d210f4595ddf	ENSG00000287080
43a1506b-aa9e-46a3-b288-d210f4595ddf	ENSG00000276368
43a1506b-aa9e-46a3-b288-d210f4595ddf	ENSG00000276043
43a1506b-aa9e-46a3-b288-d210f4595ddf	ENSG00000288825
43a1506b-aa9e-46a3-b288-d210f4595ddf	ENSG00000276410
43a1506b-aa9e-46a3-b288-d210f4595ddf	ENSG00000275395
43a1506b-aa9e-46a3-b288-d210f4595ddf	ENSG00000277639
43a1506b-aa9e-46a3-b288-d210f4595ddf	ENSG00000278570
43a1506b-aa9e-46a3-b288-d210f4595ddf	ENSG00000276644
43a1506b-aa9e-46a3-b288-d210f4595ddf	ENSG00000289604
43a1506b-aa9e-46a3-b288-d210f4595ddf	ENSG00000277161
43a1506b-aa9e-46a3-b288-d210f4595ddf	ENSG00000283154
43a1506b-aa9e-46a3-b288-d210f4595ddf	ENSG00000280670
43a1506b-aa9e-46a3-b288-d210f4595ddf	ENSG00000276023
43a1506b-aa9e-46a3-b288-d210f4595ddf	ENSG00000278845
43aa19d2-c723-4822-979d-d2f0239835e0	ENSG00000276070
43aa19d2-c723-4822-979d-d2f0239835e0	ENSG00000277494
43aa19d2-c723-4822-979d-d2f0239835e0	ENSG00000283154
43aa19d2-c723-4822-979d-d2f0239835e0	ENSG00000283599
43aa19d2-c723-4822-979d-d2f0239835e0	ENSG00000275896
43aa19d2-c723-4822-979d-d2f0239835e0	ENSG00000283740
43aa19d2-c723-4822-979d-d2f0239835e0	ENSG00000286135
43aa19d2-c723-4822-979d-d2f0239835e0	ENSG00000276410
43aa19d2-c723-4822-979d-d2f0239835e0	ENSG00000276085
43aa19d2-c723-4822-979d-d2f0239835e0	ENSG00000276430
43aa19d2-c723-4822-979d-d2f0239835e0	ENSG00000278889
43aa19d2-c723-4822-979d-d2f0239835e0	ENSG00000276644
43aa19d2-c723-4822-979d-d2f0239835e0	ENSG00000276023
43aa19d2-c723-4822-979d-d2f0239835e0	ENSG00000276368
43aa19d2-c723-4822-979d-d2f0239835e0	ENSG00000287080
43aa19d2-c723-4822-979d-d2f0239835e0	ENSG00000283536
43aa19d2-c723-4822-979d-d2f0239835e0	ENSG00000280670
43aa19d2-c723-4822-979d-d2f0239835e0	ENSG00000277161
43aa19d2-c723-4822-979d-d2f0239835e0	ENSG00000285292
43aa19d2-c723-4822-979d-d2f0239835e0	ENSG00000275395
43aa19d2-c723-4822-979d-d2f0239835e0	ENSG00000282301
43aa19d2-c723-4822-979d-d2f0239835e0	ENSG00000288825
43aa19d2-c723-4822-979d-d2f0239835e0	ENSG00000277586
43aa19d2-c723-4822-979d-d2f0239835e0	ENSG00000283247
43aa19d2-c723-4822-979d-d2f0239835e0	ENSG00000280236
43aa19d2-c723-4822-979d-d2f0239835e0	ENSG00000284690
43aa19d2-c723-4822-979d-d2f0239835e0	ENSG00000278845
43aa19d2-c723-4822-979d-d2f0239835e0	ENSG00000276043
43aa19d2-c723-4822-979d-d2f0239835e0	ENSG00000276747
43aa19d2-c723-4822-979d-d2f0239835e0	ENSG00000283992
43aa19d2-c723-4822-979d-d2f0239835e0	ENSG00000291237
43aa19d2-c723-4822-979d-d2f0239835e0	ENSG00000284505
43aa19d2-c723-4822-979d-d2f0239835e0	ENSG00000278057
43aa19d2-c723-4822-979d-d2f0239835e0	ENSG00000278570
43aa19d2-c723-4822-979d-d2f0239835e0	ENSG00000277639
46104f0b-9af5-466a-ae0f-56b8dc1969a2	ENSG00000275896
46104f0b-9af5-466a-ae0f-56b8dc1969a2	ENSG00000277586
46104f0b-9af5-466a-ae0f-56b8dc1969a2	ENSG00000276368
46104f0b-9af5-466a-ae0f-56b8dc1969a2	ENSG00000277632
46104f0b-9af5-466a-ae0f-56b8dc1969a2	ENSG00000276070
46104f0b-9af5-466a-ae0f-56b8dc1969a2	ENSG00000276085
46104f0b-9af5-466a-ae0f-56b8dc1969a2	ENSG00000276410
46104f0b-9af5-466a-ae0f-56b8dc1969a2	ENSG00000276043
46104f0b-9af5-466a-ae0f-56b8dc1969a2	ENSG00000287080
46104f0b-9af5-466a-ae0f-56b8dc1969a2	ENSG00000276644
46104f0b-9af5-466a-ae0f-56b8dc1969a2	ENSG00000278570
46104f0b-9af5-466a-ae0f-56b8dc1969a2	ENSG00000283154
46104f0b-9af5-466a-ae0f-56b8dc1969a2	ENSG00000280670
46104f0b-9af5-466a-ae0f-56b8dc1969a2	ENSG00000276747
46104f0b-9af5-466a-ae0f-56b8dc1969a2	ENSG00000275395
46104f0b-9af5-466a-ae0f-56b8dc1969a2	ENSG00000277161
46104f0b-9af5-466a-ae0f-56b8dc1969a2	ENSG00000276023
46104f0b-9af5-466a-ae0f-56b8dc1969a2	ENSG00000278845
47e00f43-6176-44a5-b4d1-f88a1920fcab	ENSG00000275896
47e00f43-6176-44a5-b4d1-f88a1920fcab	ENSG00000277632
47e00f43-6176-44a5-b4d1-f88a1920fcab	ENSG00000276368
47e00f43-6176-44a5-b4d1-f88a1920fcab	ENSG00000277586
47e00f43-6176-44a5-b4d1-f88a1920fcab	ENSG00000276085
47e00f43-6176-44a5-b4d1-f88a1920fcab	ENSG00000276043
47e00f43-6176-44a5-b4d1-f88a1920fcab	ENSG00000276410
47e00f43-6176-44a5-b4d1-f88a1920fcab	ENSG00000287080
47e00f43-6176-44a5-b4d1-f88a1920fcab	ENSG00000276070
47e00f43-6176-44a5-b4d1-f88a1920fcab	ENSG00000288825
47e00f43-6176-44a5-b4d1-f88a1920fcab	ENSG00000283154
47e00f43-6176-44a5-b4d1-f88a1920fcab	ENSG00000278570
47e00f43-6176-44a5-b4d1-f88a1920fcab	ENSG00000275395
47e00f43-6176-44a5-b4d1-f88a1920fcab	ENSG00000276644
47e00f43-6176-44a5-b4d1-f88a1920fcab	ENSG00000276747
47e00f43-6176-44a5-b4d1-f88a1920fcab	ENSG00000277161
47e00f43-6176-44a5-b4d1-f88a1920fcab	ENSG00000280670
47e00f43-6176-44a5-b4d1-f88a1920fcab	ENSG00000276023
47e00f43-6176-44a5-b4d1-f88a1920fcab	ENSG00000278845
4b83f213-b96b-4c87-a884-9b81faddb194	ENSG00000276410
4b83f213-b96b-4c87-a884-9b81faddb194	ENSG00000276368
4b83f213-b96b-4c87-a884-9b81faddb194	ENSG00000283154
4b83f213-b96b-4c87-a884-9b81faddb194	ENSG00000277586
4b83f213-b96b-4c87-a884-9b81faddb194	ENSG00000287080
4b83f213-b96b-4c87-a884-9b81faddb194	ENSG00000277639
4b83f213-b96b-4c87-a884-9b81faddb194	ENSG00000288825
4b83f213-b96b-4c87-a884-9b81faddb194	ENSG00000275896
4b83f213-b96b-4c87-a884-9b81faddb194	ENSG00000276430
4b83f213-b96b-4c87-a884-9b81faddb194	ENSG00000278570
4b83f213-b96b-4c87-a884-9b81faddb194	ENSG00000280670
4b83f213-b96b-4c87-a884-9b81faddb194	ENSG00000284505
4b83f213-b96b-4c87-a884-9b81faddb194	ENSG00000285292
4b83f213-b96b-4c87-a884-9b81faddb194	ENSG00000276644
4b83f213-b96b-4c87-a884-9b81faddb194	ENSG00000291237
4b83f213-b96b-4c87-a884-9b81faddb194	ENSG00000276043
4b83f213-b96b-4c87-a884-9b81faddb194	ENSG00000275395
4b83f213-b96b-4c87-a884-9b81faddb194	ENSG00000278845
4b83f213-b96b-4c87-a884-9b81faddb194	ENSG00000276023
527641f0-df64-4c80-957c-a65dccd477bc	ENSG00000277632
527641f0-df64-4c80-957c-a65dccd477bc	ENSG00000276043
527641f0-df64-4c80-957c-a65dccd477bc	ENSG00000277586
527641f0-df64-4c80-957c-a65dccd477bc	ENSG00000276085
527641f0-df64-4c80-957c-a65dccd477bc	ENSG00000276410
527641f0-df64-4c80-957c-a65dccd477bc	ENSG00000275395
527641f0-df64-4c80-957c-a65dccd477bc	ENSG00000291237
527641f0-df64-4c80-957c-a65dccd477bc	ENSG00000276644
527641f0-df64-4c80-957c-a65dccd477bc	ENSG00000283992
527641f0-df64-4c80-957c-a65dccd477bc	ENSG00000283599
527641f0-df64-4c80-957c-a65dccd477bc	ENSG00000276747
527641f0-df64-4c80-957c-a65dccd477bc	ENSG00000276070
527641f0-df64-4c80-957c-a65dccd477bc	ENSG00000276023
527641f0-df64-4c80-957c-a65dccd477bc	ENSG00000280670
527641f0-df64-4c80-957c-a65dccd477bc	ENSG00000277161
53ce2631-3646-4172-bbd9-38b0a44d8214	ENSG00000276644
53ce2631-3646-4172-bbd9-38b0a44d8214	ENSG00000283154
53ce2631-3646-4172-bbd9-38b0a44d8214	ENSG00000276085
53ce2631-3646-4172-bbd9-38b0a44d8214	ENSG00000276070
53ce2631-3646-4172-bbd9-38b0a44d8214	ENSG00000291237
53ce2631-3646-4172-bbd9-38b0a44d8214	ENSG00000277494
53ce2631-3646-4172-bbd9-38b0a44d8214	ENSG00000280670
53ce2631-3646-4172-bbd9-38b0a44d8214	ENSG00000275395
53ce2631-3646-4172-bbd9-38b0a44d8214	ENSG00000278570
53ce2631-3646-4172-bbd9-38b0a44d8214	ENSG00000277161
53ce2631-3646-4172-bbd9-38b0a44d8214	ENSG00000287080
53ce2631-3646-4172-bbd9-38b0a44d8214	ENSG00000283992
53ce2631-3646-4172-bbd9-38b0a44d8214	ENSG00000276043
53ce2631-3646-4172-bbd9-38b0a44d8214	ENSG00000277586
53ce2631-3646-4172-bbd9-38b0a44d8214	ENSG00000277639
53ce2631-3646-4172-bbd9-38b0a44d8214	ENSG00000276410
53ce2631-3646-4172-bbd9-38b0a44d8214	ENSG00000276023
53ce2631-3646-4172-bbd9-38b0a44d8214	ENSG00000278845
56a4bc14-9407-45fd-8786-f7f6fc87c9dd	ENSG00000283154
56a4bc14-9407-45fd-8786-f7f6fc87c9dd	ENSG00000276070
56a4bc14-9407-45fd-8786-f7f6fc87c9dd	ENSG00000276644
56a4bc14-9407-45fd-8786-f7f6fc87c9dd	ENSG00000277586
56a4bc14-9407-45fd-8786-f7f6fc87c9dd	ENSG00000276085
56a4bc14-9407-45fd-8786-f7f6fc87c9dd	ENSG00000283992
56a4bc14-9407-45fd-8786-f7f6fc87c9dd	ENSG00000277639
56a4bc14-9407-45fd-8786-f7f6fc87c9dd	ENSG00000275395
56a4bc14-9407-45fd-8786-f7f6fc87c9dd	ENSG00000277494
56a4bc14-9407-45fd-8786-f7f6fc87c9dd	ENSG00000276043
56a4bc14-9407-45fd-8786-f7f6fc87c9dd	ENSG00000278570
56a4bc14-9407-45fd-8786-f7f6fc87c9dd	ENSG00000280236
56a4bc14-9407-45fd-8786-f7f6fc87c9dd	ENSG00000276410
56a4bc14-9407-45fd-8786-f7f6fc87c9dd	ENSG00000276430
56a4bc14-9407-45fd-8786-f7f6fc87c9dd	ENSG00000276747
56a4bc14-9407-45fd-8786-f7f6fc87c9dd	ENSG00000276023
56a4bc14-9407-45fd-8786-f7f6fc87c9dd	ENSG00000280670
56a4bc14-9407-45fd-8786-f7f6fc87c9dd	ENSG00000277161
56a4bc14-9407-45fd-8786-f7f6fc87c9dd	ENSG00000291237
56a4bc14-9407-45fd-8786-f7f6fc87c9dd	ENSG00000278845
589fe605-6d49-4abe-bff8-1675511c689a	ENSG00000276368
589fe605-6d49-4abe-bff8-1675511c689a	ENSG00000291237
589fe605-6d49-4abe-bff8-1675511c689a	ENSG00000278570
589fe605-6d49-4abe-bff8-1675511c689a	ENSG00000283992
589fe605-6d49-4abe-bff8-1675511c689a	ENSG00000276410
589fe605-6d49-4abe-bff8-1675511c689a	ENSG00000276043
589fe605-6d49-4abe-bff8-1675511c689a	ENSG00000277639
589fe605-6d49-4abe-bff8-1675511c689a	ENSG00000288825
589fe605-6d49-4abe-bff8-1675511c689a	ENSG00000280670
58f43044-cd3c-42b8-bc0b-3498eb236359	ENSG00000277586
58f43044-cd3c-42b8-bc0b-3498eb236359	ENSG00000276070
58f43044-cd3c-42b8-bc0b-3498eb236359	ENSG00000276085
58f43044-cd3c-42b8-bc0b-3498eb236359	ENSG00000276368
58f43044-cd3c-42b8-bc0b-3498eb236359	ENSG00000277639
58f43044-cd3c-42b8-bc0b-3498eb236359	ENSG00000283154
58f43044-cd3c-42b8-bc0b-3498eb236359	ENSG00000275395
58f43044-cd3c-42b8-bc0b-3498eb236359	ENSG00000277494
58f43044-cd3c-42b8-bc0b-3498eb236359	ENSG00000275896
58f43044-cd3c-42b8-bc0b-3498eb236359	ENSG00000276043
58f43044-cd3c-42b8-bc0b-3498eb236359	ENSG00000276644
58f43044-cd3c-42b8-bc0b-3498eb236359	ENSG00000283599
58f43044-cd3c-42b8-bc0b-3498eb236359	ENSG00000284505
58f43044-cd3c-42b8-bc0b-3498eb236359	ENSG00000291237
58f43044-cd3c-42b8-bc0b-3498eb236359	ENSG00000287080
58f43044-cd3c-42b8-bc0b-3498eb236359	ENSG00000288825
58f43044-cd3c-42b8-bc0b-3498eb236359	ENSG00000278570
58f43044-cd3c-42b8-bc0b-3498eb236359	ENSG00000285292
58f43044-cd3c-42b8-bc0b-3498eb236359	ENSG00000276410
58f43044-cd3c-42b8-bc0b-3498eb236359	ENSG00000280670
58f43044-cd3c-42b8-bc0b-3498eb236359	ENSG00000277161
58f43044-cd3c-42b8-bc0b-3498eb236359	ENSG00000276023
58f43044-cd3c-42b8-bc0b-3498eb236359	ENSG00000278845
5a9cfb44-494a-4540-8db8-7143b1bb5a6f	ENSG00000275395
5a9cfb44-494a-4540-8db8-7143b1bb5a6f	ENSG00000276070
5a9cfb44-494a-4540-8db8-7143b1bb5a6f	ENSG00000277632
5a9cfb44-494a-4540-8db8-7143b1bb5a6f	ENSG00000291237
5a9cfb44-494a-4540-8db8-7143b1bb5a6f	ENSG00000276023
5a9cfb44-494a-4540-8db8-7143b1bb5a6f	ENSG00000276043
5a9cfb44-494a-4540-8db8-7143b1bb5a6f	ENSG00000275896
5a9cfb44-494a-4540-8db8-7143b1bb5a6f	ENSG00000276644
5a9cfb44-494a-4540-8db8-7143b1bb5a6f	ENSG00000285292
5a9cfb44-494a-4540-8db8-7143b1bb5a6f	ENSG00000288825
5a9cfb44-494a-4540-8db8-7143b1bb5a6f	ENSG00000278570
5a9cfb44-494a-4540-8db8-7143b1bb5a6f	ENSG00000276410
5a9cfb44-494a-4540-8db8-7143b1bb5a6f	ENSG00000280670
5a9cfb44-494a-4540-8db8-7143b1bb5a6f	ENSG00000276368
5a9cfb44-494a-4540-8db8-7143b1bb5a6f	ENSG00000287080
5a9cfb44-494a-4540-8db8-7143b1bb5a6f	ENSG00000277161
5a9cfb44-494a-4540-8db8-7143b1bb5a6f	ENSG00000278845
5c97eeeb-7e52-44b3-b010-b832b1f5424c	ENSG00000276644
5c97eeeb-7e52-44b3-b010-b832b1f5424c	ENSG00000283154
5c97eeeb-7e52-44b3-b010-b832b1f5424c	ENSG00000276070
5c97eeeb-7e52-44b3-b010-b832b1f5424c	ENSG00000275395
5c97eeeb-7e52-44b3-b010-b832b1f5424c	ENSG00000276085
5c97eeeb-7e52-44b3-b010-b832b1f5424c	ENSG00000280670
5c97eeeb-7e52-44b3-b010-b832b1f5424c	ENSG00000282301
5c97eeeb-7e52-44b3-b010-b832b1f5424c	ENSG00000276747
5c97eeeb-7e52-44b3-b010-b832b1f5424c	ENSG00000278570
5c97eeeb-7e52-44b3-b010-b832b1f5424c	ENSG00000283599
5c97eeeb-7e52-44b3-b010-b832b1f5424c	ENSG00000276430
5c97eeeb-7e52-44b3-b010-b832b1f5424c	ENSG00000278057
5c97eeeb-7e52-44b3-b010-b832b1f5424c	ENSG00000277639
5c97eeeb-7e52-44b3-b010-b832b1f5424c	ENSG00000277161
5c97eeeb-7e52-44b3-b010-b832b1f5424c	ENSG00000277586
5c97eeeb-7e52-44b3-b010-b832b1f5424c	ENSG00000276023
5c97eeeb-7e52-44b3-b010-b832b1f5424c	ENSG00000277494
5c97eeeb-7e52-44b3-b010-b832b1f5424c	ENSG00000276043
5c97eeeb-7e52-44b3-b010-b832b1f5424c	ENSG00000278845
5c97eeeb-7e52-44b3-b010-b832b1f5424c	ENSG00000291237
5e57cd50-8e42-42d6-940d-5c1660d06864	ENSG00000275395
5e57cd50-8e42-42d6-940d-5c1660d06864	ENSG00000276085
5e57cd50-8e42-42d6-940d-5c1660d06864	ENSG00000276070
5e57cd50-8e42-42d6-940d-5c1660d06864	ENSG00000276644
5e57cd50-8e42-42d6-940d-5c1660d06864	ENSG00000283154
5e57cd50-8e42-42d6-940d-5c1660d06864	ENSG00000291237
5e57cd50-8e42-42d6-940d-5c1660d06864	ENSG00000283599
5e57cd50-8e42-42d6-940d-5c1660d06864	ENSG00000282301
5e57cd50-8e42-42d6-940d-5c1660d06864	ENSG00000277586
5e57cd50-8e42-42d6-940d-5c1660d06864	ENSG00000278570
5e57cd50-8e42-42d6-940d-5c1660d06864	ENSG00000275896
5e57cd50-8e42-42d6-940d-5c1660d06864	ENSG00000276430
5e57cd50-8e42-42d6-940d-5c1660d06864	ENSG00000278057
5e57cd50-8e42-42d6-940d-5c1660d06864	ENSG00000276747
5e57cd50-8e42-42d6-940d-5c1660d06864	ENSG00000277494
5e57cd50-8e42-42d6-940d-5c1660d06864	ENSG00000280670
5e57cd50-8e42-42d6-940d-5c1660d06864	ENSG00000277639
5e57cd50-8e42-42d6-940d-5c1660d06864	ENSG00000277161
5e57cd50-8e42-42d6-940d-5c1660d06864	ENSG00000276023
5e57cd50-8e42-42d6-940d-5c1660d06864	ENSG00000276043
5e57cd50-8e42-42d6-940d-5c1660d06864	ENSG00000278845
5ed90bc0-12f3-4354-b314-0ce0dbb96458	ENSG00000276085
5ed90bc0-12f3-4354-b314-0ce0dbb96458	ENSG00000276070
5ed90bc0-12f3-4354-b314-0ce0dbb96458	ENSG00000275395
5ed90bc0-12f3-4354-b314-0ce0dbb96458	ENSG00000283154
5ed90bc0-12f3-4354-b314-0ce0dbb96458	ENSG00000277494
5ed90bc0-12f3-4354-b314-0ce0dbb96458	ENSG00000276644
5ed90bc0-12f3-4354-b314-0ce0dbb96458	ENSG00000291237
5ed90bc0-12f3-4354-b314-0ce0dbb96458	ENSG00000276043
5ed90bc0-12f3-4354-b314-0ce0dbb96458	ENSG00000277586
5ed90bc0-12f3-4354-b314-0ce0dbb96458	ENSG00000276430
5ed90bc0-12f3-4354-b314-0ce0dbb96458	ENSG00000286135
5ed90bc0-12f3-4354-b314-0ce0dbb96458	ENSG00000275896
5ed90bc0-12f3-4354-b314-0ce0dbb96458	ENSG00000283992
5ed90bc0-12f3-4354-b314-0ce0dbb96458	ENSG00000278057
5ed90bc0-12f3-4354-b314-0ce0dbb96458	ENSG00000283599
5ed90bc0-12f3-4354-b314-0ce0dbb96458	ENSG00000278570
5ed90bc0-12f3-4354-b314-0ce0dbb96458	ENSG00000277639
5ed90bc0-12f3-4354-b314-0ce0dbb96458	ENSG00000276747
5ed90bc0-12f3-4354-b314-0ce0dbb96458	ENSG00000288825
5ed90bc0-12f3-4354-b314-0ce0dbb96458	ENSG00000276410
5ed90bc0-12f3-4354-b314-0ce0dbb96458	ENSG00000287080
5ed90bc0-12f3-4354-b314-0ce0dbb96458	ENSG00000276368
5ed90bc0-12f3-4354-b314-0ce0dbb96458	ENSG00000280670
5ed90bc0-12f3-4354-b314-0ce0dbb96458	ENSG00000277161
5ed90bc0-12f3-4354-b314-0ce0dbb96458	ENSG00000276023
5ed90bc0-12f3-4354-b314-0ce0dbb96458	ENSG00000278845
5fde5c9c-5b1e-4df5-982a-3f8e7635161f	ENSG00000275896
5fde5c9c-5b1e-4df5-982a-3f8e7635161f	ENSG00000276368
5fde5c9c-5b1e-4df5-982a-3f8e7635161f	ENSG00000276070
5fde5c9c-5b1e-4df5-982a-3f8e7635161f	ENSG00000276410
5fde5c9c-5b1e-4df5-982a-3f8e7635161f	ENSG00000276085
5fde5c9c-5b1e-4df5-982a-3f8e7635161f	ENSG00000277586
5fde5c9c-5b1e-4df5-982a-3f8e7635161f	ENSG00000287080
5fde5c9c-5b1e-4df5-982a-3f8e7635161f	ENSG00000276043
5fde5c9c-5b1e-4df5-982a-3f8e7635161f	ENSG00000276644
5fde5c9c-5b1e-4df5-982a-3f8e7635161f	ENSG00000277632
5fde5c9c-5b1e-4df5-982a-3f8e7635161f	ENSG00000276747
5fde5c9c-5b1e-4df5-982a-3f8e7635161f	ENSG00000283154
5fde5c9c-5b1e-4df5-982a-3f8e7635161f	ENSG00000278570
5fde5c9c-5b1e-4df5-982a-3f8e7635161f	ENSG00000275395
5fde5c9c-5b1e-4df5-982a-3f8e7635161f	ENSG00000280670
5fde5c9c-5b1e-4df5-982a-3f8e7635161f	ENSG00000277161
5fde5c9c-5b1e-4df5-982a-3f8e7635161f	ENSG00000276023
5fde5c9c-5b1e-4df5-982a-3f8e7635161f	ENSG00000278845
60a29d0b-1a37-4447-ac32-00d701580b47	ENSG00000276070
60a29d0b-1a37-4447-ac32-00d701580b47	ENSG00000276085
60a29d0b-1a37-4447-ac32-00d701580b47	ENSG00000276644
60a29d0b-1a37-4447-ac32-00d701580b47	ENSG00000283154
60a29d0b-1a37-4447-ac32-00d701580b47	ENSG00000275395
60a29d0b-1a37-4447-ac32-00d701580b47	ENSG00000276368
60a29d0b-1a37-4447-ac32-00d701580b47	ENSG00000277494
60a29d0b-1a37-4447-ac32-00d701580b47	ENSG00000277639
60a29d0b-1a37-4447-ac32-00d701580b47	ENSG00000283599
60a29d0b-1a37-4447-ac32-00d701580b47	ENSG00000276043
60a29d0b-1a37-4447-ac32-00d701580b47	ENSG00000287080
60a29d0b-1a37-4447-ac32-00d701580b47	ENSG00000276747
60a29d0b-1a37-4447-ac32-00d701580b47	ENSG00000280670
60a29d0b-1a37-4447-ac32-00d701580b47	ENSG00000276410
60a29d0b-1a37-4447-ac32-00d701580b47	ENSG00000277586
60a29d0b-1a37-4447-ac32-00d701580b47	ENSG00000283992
60a29d0b-1a37-4447-ac32-00d701580b47	ENSG00000278057
60a29d0b-1a37-4447-ac32-00d701580b47	ENSG00000278570
60a29d0b-1a37-4447-ac32-00d701580b47	ENSG00000289604
60a29d0b-1a37-4447-ac32-00d701580b47	ENSG00000288825
60a29d0b-1a37-4447-ac32-00d701580b47	ENSG00000277161
60a29d0b-1a37-4447-ac32-00d701580b47	ENSG00000276023
60a29d0b-1a37-4447-ac32-00d701580b47	ENSG00000291237
60a29d0b-1a37-4447-ac32-00d701580b47	ENSG00000278845
61af564d-e5ea-4d34-a0f3-2668a00db376	ENSG00000275395
61af564d-e5ea-4d34-a0f3-2668a00db376	ENSG00000276644
61af564d-e5ea-4d34-a0f3-2668a00db376	ENSG00000283154
61af564d-e5ea-4d34-a0f3-2668a00db376	ENSG00000276070
61af564d-e5ea-4d34-a0f3-2668a00db376	ENSG00000276085
61af564d-e5ea-4d34-a0f3-2668a00db376	ENSG00000287080
61af564d-e5ea-4d34-a0f3-2668a00db376	ENSG00000291237
61af564d-e5ea-4d34-a0f3-2668a00db376	ENSG00000276043
61af564d-e5ea-4d34-a0f3-2668a00db376	ENSG00000277161
61af564d-e5ea-4d34-a0f3-2668a00db376	ENSG00000277494
61af564d-e5ea-4d34-a0f3-2668a00db376	ENSG00000288825
61af564d-e5ea-4d34-a0f3-2668a00db376	ENSG00000283247
61af564d-e5ea-4d34-a0f3-2668a00db376	ENSG00000283992
61af564d-e5ea-4d34-a0f3-2668a00db376	ENSG00000276430
61af564d-e5ea-4d34-a0f3-2668a00db376	ENSG00000278570
61af564d-e5ea-4d34-a0f3-2668a00db376	ENSG00000276368
61af564d-e5ea-4d34-a0f3-2668a00db376	ENSG00000277639
61af564d-e5ea-4d34-a0f3-2668a00db376	ENSG00000280670
61af564d-e5ea-4d34-a0f3-2668a00db376	ENSG00000276747
61af564d-e5ea-4d34-a0f3-2668a00db376	ENSG00000276410
61af564d-e5ea-4d34-a0f3-2668a00db376	ENSG00000278845
61af564d-e5ea-4d34-a0f3-2668a00db376	ENSG00000276023
61d327d1-2227-4c5f-9367-e3559dc79b07	ENSG00000288825
61d327d1-2227-4c5f-9367-e3559dc79b07	ENSG00000280670
61d327d1-2227-4c5f-9367-e3559dc79b07	ENSG00000289604
61d327d1-2227-4c5f-9367-e3559dc79b07	ENSG00000276368
61d327d1-2227-4c5f-9367-e3559dc79b07	ENSG00000276043
61d327d1-2227-4c5f-9367-e3559dc79b07	ENSG00000278570
61d327d1-2227-4c5f-9367-e3559dc79b07	ENSG00000276085
61d327d1-2227-4c5f-9367-e3559dc79b07	ENSG00000291237
64267fb5-7b70-4705-a13b-cc38966c22a8	ENSG00000283154
64267fb5-7b70-4705-a13b-cc38966c22a8	ENSG00000277586
64267fb5-7b70-4705-a13b-cc38966c22a8	ENSG00000276747
64267fb5-7b70-4705-a13b-cc38966c22a8	ENSG00000276043
64267fb5-7b70-4705-a13b-cc38966c22a8	ENSG00000276644
64267fb5-7b70-4705-a13b-cc38966c22a8	ENSG00000275395
64267fb5-7b70-4705-a13b-cc38966c22a8	ENSG00000276368
64267fb5-7b70-4705-a13b-cc38966c22a8	ENSG00000276430
64267fb5-7b70-4705-a13b-cc38966c22a8	ENSG00000277639
64267fb5-7b70-4705-a13b-cc38966c22a8	ENSG00000283536
64267fb5-7b70-4705-a13b-cc38966c22a8	ENSG00000276070
64267fb5-7b70-4705-a13b-cc38966c22a8	ENSG00000283992
64267fb5-7b70-4705-a13b-cc38966c22a8	ENSG00000280670
64267fb5-7b70-4705-a13b-cc38966c22a8	ENSG00000277161
64267fb5-7b70-4705-a13b-cc38966c22a8	ENSG00000278570
64267fb5-7b70-4705-a13b-cc38966c22a8	ENSG00000276023
64267fb5-7b70-4705-a13b-cc38966c22a8	ENSG00000278845
64267fb5-7b70-4705-a13b-cc38966c22a8	ENSG00000291237
67b6b9ac-b841-42ce-b2d4-ed2ec12327bd	ENSG00000276644
67b6b9ac-b841-42ce-b2d4-ed2ec12327bd	ENSG00000291237
67b6b9ac-b841-42ce-b2d4-ed2ec12327bd	ENSG00000275395
67b6b9ac-b841-42ce-b2d4-ed2ec12327bd	ENSG00000276368
67b6b9ac-b841-42ce-b2d4-ed2ec12327bd	ENSG00000276410
67b6b9ac-b841-42ce-b2d4-ed2ec12327bd	ENSG00000276070
67b6b9ac-b841-42ce-b2d4-ed2ec12327bd	ENSG00000283154
67b6b9ac-b841-42ce-b2d4-ed2ec12327bd	ENSG00000275896
67b6b9ac-b841-42ce-b2d4-ed2ec12327bd	ENSG00000277494
67b6b9ac-b841-42ce-b2d4-ed2ec12327bd	ENSG00000278057
67b6b9ac-b841-42ce-b2d4-ed2ec12327bd	ENSG00000276430
67b6b9ac-b841-42ce-b2d4-ed2ec12327bd	ENSG00000277586
67b6b9ac-b841-42ce-b2d4-ed2ec12327bd	ENSG00000283247
67b6b9ac-b841-42ce-b2d4-ed2ec12327bd	ENSG00000283599
67b6b9ac-b841-42ce-b2d4-ed2ec12327bd	ENSG00000288825
67b6b9ac-b841-42ce-b2d4-ed2ec12327bd	ENSG00000283992
67b6b9ac-b841-42ce-b2d4-ed2ec12327bd	ENSG00000276085
67b6b9ac-b841-42ce-b2d4-ed2ec12327bd	ENSG00000280670
67b6b9ac-b841-42ce-b2d4-ed2ec12327bd	ENSG00000277639
67b6b9ac-b841-42ce-b2d4-ed2ec12327bd	ENSG00000287080
67b6b9ac-b841-42ce-b2d4-ed2ec12327bd	ENSG00000276747
67b6b9ac-b841-42ce-b2d4-ed2ec12327bd	ENSG00000278570
67b6b9ac-b841-42ce-b2d4-ed2ec12327bd	ENSG00000276023
67b6b9ac-b841-42ce-b2d4-ed2ec12327bd	ENSG00000277161
67b6b9ac-b841-42ce-b2d4-ed2ec12327bd	ENSG00000276043
67b6b9ac-b841-42ce-b2d4-ed2ec12327bd	ENSG00000278845
6fc37633-13f5-4bf0-af95-52808143bffd	ENSG00000277586
6fc37633-13f5-4bf0-af95-52808143bffd	ENSG00000283154
6fc37633-13f5-4bf0-af95-52808143bffd	ENSG00000276085
6fc37633-13f5-4bf0-af95-52808143bffd	ENSG00000276368
6fc37633-13f5-4bf0-af95-52808143bffd	ENSG00000276644
6fc37633-13f5-4bf0-af95-52808143bffd	ENSG00000276070
6fc37633-13f5-4bf0-af95-52808143bffd	ENSG00000277639
6fc37633-13f5-4bf0-af95-52808143bffd	ENSG00000276043
6fc37633-13f5-4bf0-af95-52808143bffd	ENSG00000275395
6fc37633-13f5-4bf0-af95-52808143bffd	ENSG00000276410
6fc37633-13f5-4bf0-af95-52808143bffd	ENSG00000284505
6fc37633-13f5-4bf0-af95-52808143bffd	ENSG00000278570
6fc37633-13f5-4bf0-af95-52808143bffd	ENSG00000291237
6fc37633-13f5-4bf0-af95-52808143bffd	ENSG00000285292
6fc37633-13f5-4bf0-af95-52808143bffd	ENSG00000287080
6fc37633-13f5-4bf0-af95-52808143bffd	ENSG00000280670
6fc37633-13f5-4bf0-af95-52808143bffd	ENSG00000277161
6fc37633-13f5-4bf0-af95-52808143bffd	ENSG00000276023
6fc37633-13f5-4bf0-af95-52808143bffd	ENSG00000278845
75011e96-ba37-4977-a539-fbf9f66a5e37	ENSG00000276070
75011e96-ba37-4977-a539-fbf9f66a5e37	ENSG00000275395
75011e96-ba37-4977-a539-fbf9f66a5e37	ENSG00000291237
75011e96-ba37-4977-a539-fbf9f66a5e37	ENSG00000276043
75011e96-ba37-4977-a539-fbf9f66a5e37	ENSG00000277494
75011e96-ba37-4977-a539-fbf9f66a5e37	ENSG00000275896
75011e96-ba37-4977-a539-fbf9f66a5e37	ENSG00000276644
75011e96-ba37-4977-a539-fbf9f66a5e37	ENSG00000277586
75011e96-ba37-4977-a539-fbf9f66a5e37	ENSG00000288825
75011e96-ba37-4977-a539-fbf9f66a5e37	ENSG00000276368
75011e96-ba37-4977-a539-fbf9f66a5e37	ENSG00000283536
75011e96-ba37-4977-a539-fbf9f66a5e37	ENSG00000285292
75011e96-ba37-4977-a539-fbf9f66a5e37	ENSG00000277639
75011e96-ba37-4977-a539-fbf9f66a5e37	ENSG00000276410
75011e96-ba37-4977-a539-fbf9f66a5e37	ENSG00000278570
75011e96-ba37-4977-a539-fbf9f66a5e37	ENSG00000277161
75011e96-ba37-4977-a539-fbf9f66a5e37	ENSG00000280670
75011e96-ba37-4977-a539-fbf9f66a5e37	ENSG00000276023
75011e96-ba37-4977-a539-fbf9f66a5e37	ENSG00000283154
75011e96-ba37-4977-a539-fbf9f66a5e37	ENSG00000278845
781cc817-3fd0-487c-a55a-b47b2786a05d	ENSG00000277639
781cc817-3fd0-487c-a55a-b47b2786a05d	ENSG00000287080
781cc817-3fd0-487c-a55a-b47b2786a05d	ENSG00000276043
781cc817-3fd0-487c-a55a-b47b2786a05d	ENSG00000276368
781cc817-3fd0-487c-a55a-b47b2786a05d	ENSG00000276410
781cc817-3fd0-487c-a55a-b47b2786a05d	ENSG00000276644
781cc817-3fd0-487c-a55a-b47b2786a05d	ENSG00000277586
781cc817-3fd0-487c-a55a-b47b2786a05d	ENSG00000278570
781cc817-3fd0-487c-a55a-b47b2786a05d	ENSG00000275395
781cc817-3fd0-487c-a55a-b47b2786a05d	ENSG00000280670
781cc817-3fd0-487c-a55a-b47b2786a05d	ENSG00000277161
781cc817-3fd0-487c-a55a-b47b2786a05d	ENSG00000276023
781cc817-3fd0-487c-a55a-b47b2786a05d	ENSG00000283154
781cc817-3fd0-487c-a55a-b47b2786a05d	ENSG00000278845
79884ae5-e026-4d4a-858f-e807960bd4f7	ENSG00000276085
79884ae5-e026-4d4a-858f-e807960bd4f7	ENSG00000277632
79884ae5-e026-4d4a-858f-e807960bd4f7	ENSG00000276070
79884ae5-e026-4d4a-858f-e807960bd4f7	ENSG00000275395
79884ae5-e026-4d4a-858f-e807960bd4f7	ENSG00000276644
79884ae5-e026-4d4a-858f-e807960bd4f7	ENSG00000276023
79884ae5-e026-4d4a-858f-e807960bd4f7	ENSG00000278570
79884ae5-e026-4d4a-858f-e807960bd4f7	ENSG00000283154
79884ae5-e026-4d4a-858f-e807960bd4f7	ENSG00000276368
79884ae5-e026-4d4a-858f-e807960bd4f7	ENSG00000291237
79884ae5-e026-4d4a-858f-e807960bd4f7	ENSG00000277161
79884ae5-e026-4d4a-858f-e807960bd4f7	ENSG00000278845
8058d760-09e6-4bdd-86a1-36917ffca3ef	ENSG00000278570
8058d760-09e6-4bdd-86a1-36917ffca3ef	ENSG00000291237
8058d760-09e6-4bdd-86a1-36917ffca3ef	ENSG00000276644
8058d760-09e6-4bdd-86a1-36917ffca3ef	ENSG00000276043
8058d760-09e6-4bdd-86a1-36917ffca3ef	ENSG00000276023
8058d760-09e6-4bdd-86a1-36917ffca3ef	ENSG00000283154
8058d760-09e6-4bdd-86a1-36917ffca3ef	ENSG00000276409
8058d760-09e6-4bdd-86a1-36917ffca3ef	ENSG00000277161
8058d760-09e6-4bdd-86a1-36917ffca3ef	ENSG00000276085
8058d760-09e6-4bdd-86a1-36917ffca3ef	ENSG00000284546
8058d760-09e6-4bdd-86a1-36917ffca3ef	ENSG00000276747
8058d760-09e6-4bdd-86a1-36917ffca3ef	ENSG00000276430
8058d760-09e6-4bdd-86a1-36917ffca3ef	ENSG00000283992
8058d760-09e6-4bdd-86a1-36917ffca3ef	ENSG00000277586
8058d760-09e6-4bdd-86a1-36917ffca3ef	ENSG00000289604
8058d760-09e6-4bdd-86a1-36917ffca3ef	ENSG00000276070
8058d760-09e6-4bdd-86a1-36917ffca3ef	ENSG00000275395
8058d760-09e6-4bdd-86a1-36917ffca3ef	ENSG00000280670
8058d760-09e6-4bdd-86a1-36917ffca3ef	ENSG00000277494
8058d760-09e6-4bdd-86a1-36917ffca3ef	ENSG00000277639
8058d760-09e6-4bdd-86a1-36917ffca3ef	ENSG00000278845
829a3cd1-a466-49f1-b2e9-d3f6b7f392e2	ENSG00000275896
829a3cd1-a466-49f1-b2e9-d3f6b7f392e2	ENSG00000276368
829a3cd1-a466-49f1-b2e9-d3f6b7f392e2	ENSG00000275395
829a3cd1-a466-49f1-b2e9-d3f6b7f392e2	ENSG00000276644
829a3cd1-a466-49f1-b2e9-d3f6b7f392e2	ENSG00000277586
829a3cd1-a466-49f1-b2e9-d3f6b7f392e2	ENSG00000276070
829a3cd1-a466-49f1-b2e9-d3f6b7f392e2	ENSG00000276043
829a3cd1-a466-49f1-b2e9-d3f6b7f392e2	ENSG00000282301
829a3cd1-a466-49f1-b2e9-d3f6b7f392e2	ENSG00000276747
829a3cd1-a466-49f1-b2e9-d3f6b7f392e2	ENSG00000277639
829a3cd1-a466-49f1-b2e9-d3f6b7f392e2	ENSG00000289604
829a3cd1-a466-49f1-b2e9-d3f6b7f392e2	ENSG00000283599
829a3cd1-a466-49f1-b2e9-d3f6b7f392e2	ENSG00000276023
829a3cd1-a466-49f1-b2e9-d3f6b7f392e2	ENSG00000288825
829a3cd1-a466-49f1-b2e9-d3f6b7f392e2	ENSG00000280670
829a3cd1-a466-49f1-b2e9-d3f6b7f392e2	ENSG00000276410
829a3cd1-a466-49f1-b2e9-d3f6b7f392e2	ENSG00000277161
829a3cd1-a466-49f1-b2e9-d3f6b7f392e2	ENSG00000278570
829a3cd1-a466-49f1-b2e9-d3f6b7f392e2	ENSG00000287080
829a3cd1-a466-49f1-b2e9-d3f6b7f392e2	ENSG00000276085
829a3cd1-a466-49f1-b2e9-d3f6b7f392e2	ENSG00000291237
829a3cd1-a466-49f1-b2e9-d3f6b7f392e2	ENSG00000278845
84cfa5aa-a0d1-415e-ac47-eb66c9cf8170	ENSG00000276085
84cfa5aa-a0d1-415e-ac47-eb66c9cf8170	ENSG00000276070
84cfa5aa-a0d1-415e-ac47-eb66c9cf8170	ENSG00000275395
84cfa5aa-a0d1-415e-ac47-eb66c9cf8170	ENSG00000287080
84cfa5aa-a0d1-415e-ac47-eb66c9cf8170	ENSG00000277639
84cfa5aa-a0d1-415e-ac47-eb66c9cf8170	ENSG00000276368
84cfa5aa-a0d1-415e-ac47-eb66c9cf8170	ENSG00000276410
84cfa5aa-a0d1-415e-ac47-eb66c9cf8170	ENSG00000276043
84cfa5aa-a0d1-415e-ac47-eb66c9cf8170	ENSG00000277494
84cfa5aa-a0d1-415e-ac47-eb66c9cf8170	ENSG00000276644
84cfa5aa-a0d1-415e-ac47-eb66c9cf8170	ENSG00000283154
84cfa5aa-a0d1-415e-ac47-eb66c9cf8170	ENSG00000283536
84cfa5aa-a0d1-415e-ac47-eb66c9cf8170	ENSG00000275896
84cfa5aa-a0d1-415e-ac47-eb66c9cf8170	ENSG00000278057
84cfa5aa-a0d1-415e-ac47-eb66c9cf8170	ENSG00000284505
84cfa5aa-a0d1-415e-ac47-eb66c9cf8170	ENSG00000276747
84cfa5aa-a0d1-415e-ac47-eb66c9cf8170	ENSG00000277586
84cfa5aa-a0d1-415e-ac47-eb66c9cf8170	ENSG00000278570
84cfa5aa-a0d1-415e-ac47-eb66c9cf8170	ENSG00000291237
84cfa5aa-a0d1-415e-ac47-eb66c9cf8170	ENSG00000285292
84cfa5aa-a0d1-415e-ac47-eb66c9cf8170	ENSG00000280670
84cfa5aa-a0d1-415e-ac47-eb66c9cf8170	ENSG00000277161
84cfa5aa-a0d1-415e-ac47-eb66c9cf8170	ENSG00000276023
84cfa5aa-a0d1-415e-ac47-eb66c9cf8170	ENSG00000278845
8560f809-5794-484e-9152-b63efa91d134	ENSG00000276070
8560f809-5794-484e-9152-b63efa91d134	ENSG00000276085
8560f809-5794-484e-9152-b63efa91d134	ENSG00000275395
8560f809-5794-484e-9152-b63efa91d134	ENSG00000277494
8560f809-5794-484e-9152-b63efa91d134	ENSG00000276368
8560f809-5794-484e-9152-b63efa91d134	ENSG00000291237
8560f809-5794-484e-9152-b63efa91d134	ENSG00000283154
8560f809-5794-484e-9152-b63efa91d134	ENSG00000276410
8560f809-5794-484e-9152-b63efa91d134	ENSG00000277639
8560f809-5794-484e-9152-b63efa91d134	ENSG00000288825
8560f809-5794-484e-9152-b63efa91d134	ENSG00000276644
8560f809-5794-484e-9152-b63efa91d134	ENSG00000277586
8560f809-5794-484e-9152-b63efa91d134	ENSG00000278570
8560f809-5794-484e-9152-b63efa91d134	ENSG00000283992
8560f809-5794-484e-9152-b63efa91d134	ENSG00000280670
8560f809-5794-484e-9152-b63efa91d134	ENSG00000287080
8560f809-5794-484e-9152-b63efa91d134	ENSG00000276043
8560f809-5794-484e-9152-b63efa91d134	ENSG00000277161
8560f809-5794-484e-9152-b63efa91d134	ENSG00000276023
8560f809-5794-484e-9152-b63efa91d134	ENSG00000278845
867757c1-3b1a-49d9-a0cd-17767eb160cc	ENSG00000276644
867757c1-3b1a-49d9-a0cd-17767eb160cc	ENSG00000291237
867757c1-3b1a-49d9-a0cd-17767eb160cc	ENSG00000276070
867757c1-3b1a-49d9-a0cd-17767eb160cc	ENSG00000276409
867757c1-3b1a-49d9-a0cd-17767eb160cc	ENSG00000277632
867757c1-3b1a-49d9-a0cd-17767eb160cc	ENSG00000276085
867757c1-3b1a-49d9-a0cd-17767eb160cc	ENSG00000275395
867757c1-3b1a-49d9-a0cd-17767eb160cc	ENSG00000278570
867757c1-3b1a-49d9-a0cd-17767eb160cc	ENSG00000276023
867757c1-3b1a-49d9-a0cd-17767eb160cc	ENSG00000278845
881e0e6b-a185-45f1-9b56-81606e91e7ff	ENSG00000276085
881e0e6b-a185-45f1-9b56-81606e91e7ff	ENSG00000276070
881e0e6b-a185-45f1-9b56-81606e91e7ff	ENSG00000277639
881e0e6b-a185-45f1-9b56-81606e91e7ff	ENSG00000275395
881e0e6b-a185-45f1-9b56-81606e91e7ff	ENSG00000276043
881e0e6b-a185-45f1-9b56-81606e91e7ff	ENSG00000291237
881e0e6b-a185-45f1-9b56-81606e91e7ff	ENSG00000277586
881e0e6b-a185-45f1-9b56-81606e91e7ff	ENSG00000277494
881e0e6b-a185-45f1-9b56-81606e91e7ff	ENSG00000283536
881e0e6b-a185-45f1-9b56-81606e91e7ff	ENSG00000276410
881e0e6b-a185-45f1-9b56-81606e91e7ff	ENSG00000280236
881e0e6b-a185-45f1-9b56-81606e91e7ff	ENSG00000289604
881e0e6b-a185-45f1-9b56-81606e91e7ff	ENSG00000276368
881e0e6b-a185-45f1-9b56-81606e91e7ff	ENSG00000284505
881e0e6b-a185-45f1-9b56-81606e91e7ff	ENSG00000283154
881e0e6b-a185-45f1-9b56-81606e91e7ff	ENSG00000287080
881e0e6b-a185-45f1-9b56-81606e91e7ff	ENSG00000288825
881e0e6b-a185-45f1-9b56-81606e91e7ff	ENSG00000276023
881e0e6b-a185-45f1-9b56-81606e91e7ff	ENSG00000276644
881e0e6b-a185-45f1-9b56-81606e91e7ff	ENSG00000285292
881e0e6b-a185-45f1-9b56-81606e91e7ff	ENSG00000278570
881e0e6b-a185-45f1-9b56-81606e91e7ff	ENSG00000280670
881e0e6b-a185-45f1-9b56-81606e91e7ff	ENSG00000277161
881e0e6b-a185-45f1-9b56-81606e91e7ff	ENSG00000278845
8ef06ea4-8d0f-4303-a652-7d4604402b1f	ENSG00000276085
8ef06ea4-8d0f-4303-a652-7d4604402b1f	ENSG00000276070
8ef06ea4-8d0f-4303-a652-7d4604402b1f	ENSG00000275395
8ef06ea4-8d0f-4303-a652-7d4604402b1f	ENSG00000277494
8ef06ea4-8d0f-4303-a652-7d4604402b1f	ENSG00000277639
8ef06ea4-8d0f-4303-a652-7d4604402b1f	ENSG00000276644
8ef06ea4-8d0f-4303-a652-7d4604402b1f	ENSG00000283992
8ef06ea4-8d0f-4303-a652-7d4604402b1f	ENSG00000276368
8ef06ea4-8d0f-4303-a652-7d4604402b1f	ENSG00000283599
8ef06ea4-8d0f-4303-a652-7d4604402b1f	ENSG00000291237
8ef06ea4-8d0f-4303-a652-7d4604402b1f	ENSG00000277586
8ef06ea4-8d0f-4303-a652-7d4604402b1f	ENSG00000283247
8ef06ea4-8d0f-4303-a652-7d4604402b1f	ENSG00000289604
8ef06ea4-8d0f-4303-a652-7d4604402b1f	ENSG00000276430
8ef06ea4-8d0f-4303-a652-7d4604402b1f	ENSG00000278057
8ef06ea4-8d0f-4303-a652-7d4604402b1f	ENSG00000276747
8ef06ea4-8d0f-4303-a652-7d4604402b1f	ENSG00000287080
8ef06ea4-8d0f-4303-a652-7d4604402b1f	ENSG00000288825
8ef06ea4-8d0f-4303-a652-7d4604402b1f	ENSG00000278570
8ef06ea4-8d0f-4303-a652-7d4604402b1f	ENSG00000276410
8ef06ea4-8d0f-4303-a652-7d4604402b1f	ENSG00000276043
8ef06ea4-8d0f-4303-a652-7d4604402b1f	ENSG00000283154
8ef06ea4-8d0f-4303-a652-7d4604402b1f	ENSG00000280670
8ef06ea4-8d0f-4303-a652-7d4604402b1f	ENSG00000277161
8ef06ea4-8d0f-4303-a652-7d4604402b1f	ENSG00000276023
8ef06ea4-8d0f-4303-a652-7d4604402b1f	ENSG00000278845
8f3e7fcf-0b16-4a29-a5f1-a7a8b267d689	ENSG00000276070
8f3e7fcf-0b16-4a29-a5f1-a7a8b267d689	ENSG00000276085
8f3e7fcf-0b16-4a29-a5f1-a7a8b267d689	ENSG00000276368
8f3e7fcf-0b16-4a29-a5f1-a7a8b267d689	ENSG00000277639
8f3e7fcf-0b16-4a29-a5f1-a7a8b267d689	ENSG00000275395
8f3e7fcf-0b16-4a29-a5f1-a7a8b267d689	ENSG00000275896
8f3e7fcf-0b16-4a29-a5f1-a7a8b267d689	ENSG00000276644
8f3e7fcf-0b16-4a29-a5f1-a7a8b267d689	ENSG00000291237
8f3e7fcf-0b16-4a29-a5f1-a7a8b267d689	ENSG00000287080
8f3e7fcf-0b16-4a29-a5f1-a7a8b267d689	ENSG00000276410
8f3e7fcf-0b16-4a29-a5f1-a7a8b267d689	ENSG00000283154
8f3e7fcf-0b16-4a29-a5f1-a7a8b267d689	ENSG00000278570
8f3e7fcf-0b16-4a29-a5f1-a7a8b267d689	ENSG00000276043
8f3e7fcf-0b16-4a29-a5f1-a7a8b267d689	ENSG00000283992
8f3e7fcf-0b16-4a29-a5f1-a7a8b267d689	ENSG00000277494
8f3e7fcf-0b16-4a29-a5f1-a7a8b267d689	ENSG00000288825
8f3e7fcf-0b16-4a29-a5f1-a7a8b267d689	ENSG00000280670
8f3e7fcf-0b16-4a29-a5f1-a7a8b267d689	ENSG00000276023
8f3e7fcf-0b16-4a29-a5f1-a7a8b267d689	ENSG00000277161
8f3e7fcf-0b16-4a29-a5f1-a7a8b267d689	ENSG00000278845
8ff0cef9-393e-43de-9722-a1e12c239727	ENSG00000276043
8ff0cef9-393e-43de-9722-a1e12c239727	ENSG00000277586
8ff0cef9-393e-43de-9722-a1e12c239727	ENSG00000287080
8ff0cef9-393e-43de-9722-a1e12c239727	ENSG00000278570
8ff0cef9-393e-43de-9722-a1e12c239727	ENSG00000283154
8ff0cef9-393e-43de-9722-a1e12c239727	ENSG00000277632
8ff0cef9-393e-43de-9722-a1e12c239727	ENSG00000276070
8ff0cef9-393e-43de-9722-a1e12c239727	ENSG00000277161
8ff0cef9-393e-43de-9722-a1e12c239727	ENSG00000280670
8ff0cef9-393e-43de-9722-a1e12c239727	ENSG00000276747
8ff0cef9-393e-43de-9722-a1e12c239727	ENSG00000275395
8ff0cef9-393e-43de-9722-a1e12c239727	ENSG00000276023
8ff0cef9-393e-43de-9722-a1e12c239727	ENSG00000278845
8ff0cef9-393e-43de-9722-a1e12c239727	ENSG00000291237
8ff0cef9-393e-43de-9722-a1e12c239727	ENSG00000276085
8ff0cef9-393e-43de-9722-a1e12c239727	ENSG00000276644
8ff0cef9-393e-43de-9722-a1e12c239727	ENSG00000276410
8ff0cef9-393e-43de-9722-a1e12c239727	ENSG00000276368
95d3b0fb-b8a7-4bec-a2e8-cded3222ff07	ENSG00000283154
95d3b0fb-b8a7-4bec-a2e8-cded3222ff07	ENSG00000276644
95d3b0fb-b8a7-4bec-a2e8-cded3222ff07	ENSG00000277586
95d3b0fb-b8a7-4bec-a2e8-cded3222ff07	ENSG00000275395
95d3b0fb-b8a7-4bec-a2e8-cded3222ff07	ENSG00000276085
95d3b0fb-b8a7-4bec-a2e8-cded3222ff07	ENSG00000276070
95d3b0fb-b8a7-4bec-a2e8-cded3222ff07	ENSG00000283599
95d3b0fb-b8a7-4bec-a2e8-cded3222ff07	ENSG00000276023
95d3b0fb-b8a7-4bec-a2e8-cded3222ff07	ENSG00000277639
95d3b0fb-b8a7-4bec-a2e8-cded3222ff07	ENSG00000278057
95d3b0fb-b8a7-4bec-a2e8-cded3222ff07	ENSG00000280236
95d3b0fb-b8a7-4bec-a2e8-cded3222ff07	ENSG00000284505
95d3b0fb-b8a7-4bec-a2e8-cded3222ff07	ENSG00000283247
95d3b0fb-b8a7-4bec-a2e8-cded3222ff07	ENSG00000277494
95d3b0fb-b8a7-4bec-a2e8-cded3222ff07	ENSG00000283536
95d3b0fb-b8a7-4bec-a2e8-cded3222ff07	ENSG00000276747
95d3b0fb-b8a7-4bec-a2e8-cded3222ff07	ENSG00000276430
95d3b0fb-b8a7-4bec-a2e8-cded3222ff07	ENSG00000277161
95d3b0fb-b8a7-4bec-a2e8-cded3222ff07	ENSG00000278570
95d3b0fb-b8a7-4bec-a2e8-cded3222ff07	ENSG00000280670
95d3b0fb-b8a7-4bec-a2e8-cded3222ff07	ENSG00000276043
95d3b0fb-b8a7-4bec-a2e8-cded3222ff07	ENSG00000278845
963a08cb-d995-4862-9614-f9d38a7d7540	ENSG00000277586
963a08cb-d995-4862-9614-f9d38a7d7540	ENSG00000278570
963a08cb-d995-4862-9614-f9d38a7d7540	ENSG00000276043
963a08cb-d995-4862-9614-f9d38a7d7540	ENSG00000283154
963a08cb-d995-4862-9614-f9d38a7d7540	ENSG00000280670
963a08cb-d995-4862-9614-f9d38a7d7540	ENSG00000283992
963a08cb-d995-4862-9614-f9d38a7d7540	ENSG00000276747
963a08cb-d995-4862-9614-f9d38a7d7540	ENSG00000283536
963a08cb-d995-4862-9614-f9d38a7d7540	ENSG00000276430
963a08cb-d995-4862-9614-f9d38a7d7540	ENSG00000287080
963a08cb-d995-4862-9614-f9d38a7d7540	ENSG00000276410
963a08cb-d995-4862-9614-f9d38a7d7540	ENSG00000275395
963a08cb-d995-4862-9614-f9d38a7d7540	ENSG00000276644
963a08cb-d995-4862-9614-f9d38a7d7540	ENSG00000276368
963a08cb-d995-4862-9614-f9d38a7d7540	ENSG00000277161
963a08cb-d995-4862-9614-f9d38a7d7540	ENSG00000276023
963a08cb-d995-4862-9614-f9d38a7d7540	ENSG00000278845
963a08cb-d995-4862-9614-f9d38a7d7540	ENSG00000291237
978a566a-dc27-478d-b306-26daba116c1f	ENSG00000276070
978a566a-dc27-478d-b306-26daba116c1f	ENSG00000275395
978a566a-dc27-478d-b306-26daba116c1f	ENSG00000291237
978a566a-dc27-478d-b306-26daba116c1f	ENSG00000276085
978a566a-dc27-478d-b306-26daba116c1f	ENSG00000276644
978a566a-dc27-478d-b306-26daba116c1f	ENSG00000276368
978a566a-dc27-478d-b306-26daba116c1f	ENSG00000283154
978a566a-dc27-478d-b306-26daba116c1f	ENSG00000277494
978a566a-dc27-478d-b306-26daba116c1f	ENSG00000288825
978a566a-dc27-478d-b306-26daba116c1f	ENSG00000275896
978a566a-dc27-478d-b306-26daba116c1f	ENSG00000277586
978a566a-dc27-478d-b306-26daba116c1f	ENSG00000276747
978a566a-dc27-478d-b306-26daba116c1f	ENSG00000289604
978a566a-dc27-478d-b306-26daba116c1f	ENSG00000280670
978a566a-dc27-478d-b306-26daba116c1f	ENSG00000276043
978a566a-dc27-478d-b306-26daba116c1f	ENSG00000277639
978a566a-dc27-478d-b306-26daba116c1f	ENSG00000276023
978a566a-dc27-478d-b306-26daba116c1f	ENSG00000276410
978a566a-dc27-478d-b306-26daba116c1f	ENSG00000277161
978a566a-dc27-478d-b306-26daba116c1f	ENSG00000278570
978a566a-dc27-478d-b306-26daba116c1f	ENSG00000278845
98219f72-0f9a-4de9-a859-c81834f24ab1	ENSG00000277586
98219f72-0f9a-4de9-a859-c81834f24ab1	ENSG00000291237
98219f72-0f9a-4de9-a859-c81834f24ab1	ENSG00000280670
98219f72-0f9a-4de9-a859-c81834f24ab1	ENSG00000275896
98219f72-0f9a-4de9-a859-c81834f24ab1	ENSG00000276085
98219f72-0f9a-4de9-a859-c81834f24ab1	ENSG00000276368
98219f72-0f9a-4de9-a859-c81834f24ab1	ENSG00000276070
98219f72-0f9a-4de9-a859-c81834f24ab1	ENSG00000275395
98219f72-0f9a-4de9-a859-c81834f24ab1	ENSG00000277161
98219f72-0f9a-4de9-a859-c81834f24ab1	ENSG00000277639
98219f72-0f9a-4de9-a859-c81834f24ab1	ENSG00000278570
98219f72-0f9a-4de9-a859-c81834f24ab1	ENSG00000276023
98219f72-0f9a-4de9-a859-c81834f24ab1	ENSG00000278845
98219f72-0f9a-4de9-a859-c81834f24ab1	ENSG00000276644
98219f72-0f9a-4de9-a859-c81834f24ab1	ENSG00000283154
98219f72-0f9a-4de9-a859-c81834f24ab1	ENSG00000276043
9f1a899f-05a0-44c5-8aa9-39df61ae4324	ENSG00000275395
9f1a899f-05a0-44c5-8aa9-39df61ae4324	ENSG00000276644
9f1a899f-05a0-44c5-8aa9-39df61ae4324	ENSG00000276070
9f1a899f-05a0-44c5-8aa9-39df61ae4324	ENSG00000291237
9f1a899f-05a0-44c5-8aa9-39df61ae4324	ENSG00000276085
9f1a899f-05a0-44c5-8aa9-39df61ae4324	ENSG00000276023
9f1a899f-05a0-44c5-8aa9-39df61ae4324	ENSG00000283154
9f1a899f-05a0-44c5-8aa9-39df61ae4324	ENSG00000278570
9f1a899f-05a0-44c5-8aa9-39df61ae4324	ENSG00000277639
9f1a899f-05a0-44c5-8aa9-39df61ae4324	ENSG00000282301
9f1a899f-05a0-44c5-8aa9-39df61ae4324	ENSG00000277586
9f1a899f-05a0-44c5-8aa9-39df61ae4324	ENSG00000288825
9f1a899f-05a0-44c5-8aa9-39df61ae4324	ENSG00000287080
9f1a899f-05a0-44c5-8aa9-39df61ae4324	ENSG00000285292
9f1a899f-05a0-44c5-8aa9-39df61ae4324	ENSG00000284505
9f1a899f-05a0-44c5-8aa9-39df61ae4324	ENSG00000276747
9f1a899f-05a0-44c5-8aa9-39df61ae4324	ENSG00000276368
9f1a899f-05a0-44c5-8aa9-39df61ae4324	ENSG00000276430
9f1a899f-05a0-44c5-8aa9-39df61ae4324	ENSG00000278057
9f1a899f-05a0-44c5-8aa9-39df61ae4324	ENSG00000276410
9f1a899f-05a0-44c5-8aa9-39df61ae4324	ENSG00000280670
9f1a899f-05a0-44c5-8aa9-39df61ae4324	ENSG00000277494
9f1a899f-05a0-44c5-8aa9-39df61ae4324	ENSG00000277161
9f1a899f-05a0-44c5-8aa9-39df61ae4324	ENSG00000276043
9f1a899f-05a0-44c5-8aa9-39df61ae4324	ENSG00000278845
a24ce10f-5a87-4e1f-a34a-f4fe5fc84052	ENSG00000276644
a24ce10f-5a87-4e1f-a34a-f4fe5fc84052	ENSG00000283154
a24ce10f-5a87-4e1f-a34a-f4fe5fc84052	ENSG00000277586
a24ce10f-5a87-4e1f-a34a-f4fe5fc84052	ENSG00000283599
a24ce10f-5a87-4e1f-a34a-f4fe5fc84052	ENSG00000275395
a24ce10f-5a87-4e1f-a34a-f4fe5fc84052	ENSG00000276085
a24ce10f-5a87-4e1f-a34a-f4fe5fc84052	ENSG00000276430
a24ce10f-5a87-4e1f-a34a-f4fe5fc84052	ENSG00000278570
a24ce10f-5a87-4e1f-a34a-f4fe5fc84052	ENSG00000277494
a24ce10f-5a87-4e1f-a34a-f4fe5fc84052	ENSG00000284505
a24ce10f-5a87-4e1f-a34a-f4fe5fc84052	ENSG00000276043
a24ce10f-5a87-4e1f-a34a-f4fe5fc84052	ENSG00000276070
a24ce10f-5a87-4e1f-a34a-f4fe5fc84052	ENSG00000278057
a24ce10f-5a87-4e1f-a34a-f4fe5fc84052	ENSG00000276747
a24ce10f-5a87-4e1f-a34a-f4fe5fc84052	ENSG00000283247
a24ce10f-5a87-4e1f-a34a-f4fe5fc84052	ENSG00000277639
a24ce10f-5a87-4e1f-a34a-f4fe5fc84052	ENSG00000280670
a24ce10f-5a87-4e1f-a34a-f4fe5fc84052	ENSG00000277161
a24ce10f-5a87-4e1f-a34a-f4fe5fc84052	ENSG00000276023
a24ce10f-5a87-4e1f-a34a-f4fe5fc84052	ENSG00000278845
a2c833f7-b7f1-4f4d-ad31-cae478b601b7	ENSG00000283154
a2c833f7-b7f1-4f4d-ad31-cae478b601b7	ENSG00000276644
a2c833f7-b7f1-4f4d-ad31-cae478b601b7	ENSG00000275395
a2c833f7-b7f1-4f4d-ad31-cae478b601b7	ENSG00000276409
a2c833f7-b7f1-4f4d-ad31-cae478b601b7	ENSG00000277586
a2c833f7-b7f1-4f4d-ad31-cae478b601b7	ENSG00000277632
a2c833f7-b7f1-4f4d-ad31-cae478b601b7	ENSG00000278570
a2c833f7-b7f1-4f4d-ad31-cae478b601b7	ENSG00000275896
a2c833f7-b7f1-4f4d-ad31-cae478b601b7	ENSG00000276430
a2c833f7-b7f1-4f4d-ad31-cae478b601b7	ENSG00000276070
a2c833f7-b7f1-4f4d-ad31-cae478b601b7	ENSG00000280236
a2c833f7-b7f1-4f4d-ad31-cae478b601b7	ENSG00000283992
a2c833f7-b7f1-4f4d-ad31-cae478b601b7	ENSG00000277161
a2c833f7-b7f1-4f4d-ad31-cae478b601b7	ENSG00000280670
a2c833f7-b7f1-4f4d-ad31-cae478b601b7	ENSG00000277494
a2c833f7-b7f1-4f4d-ad31-cae478b601b7	ENSG00000276043
a2c833f7-b7f1-4f4d-ad31-cae478b601b7	ENSG00000276023
a2c833f7-b7f1-4f4d-ad31-cae478b601b7	ENSG00000278845
aa32098f-f7b0-43f2-a00a-601d190aae94	ENSG00000275896
aa32098f-f7b0-43f2-a00a-601d190aae94	ENSG00000276368
aa32098f-f7b0-43f2-a00a-601d190aae94	ENSG00000277586
aa32098f-f7b0-43f2-a00a-601d190aae94	ENSG00000277632
aa32098f-f7b0-43f2-a00a-601d190aae94	ENSG00000276070
aa32098f-f7b0-43f2-a00a-601d190aae94	ENSG00000287080
aa32098f-f7b0-43f2-a00a-601d190aae94	ENSG00000276410
aa32098f-f7b0-43f2-a00a-601d190aae94	ENSG00000276644
aa32098f-f7b0-43f2-a00a-601d190aae94	ENSG00000276043
aa32098f-f7b0-43f2-a00a-601d190aae94	ENSG00000276085
aa32098f-f7b0-43f2-a00a-601d190aae94	ENSG00000283154
aa32098f-f7b0-43f2-a00a-601d190aae94	ENSG00000275395
aa32098f-f7b0-43f2-a00a-601d190aae94	ENSG00000288825
aa32098f-f7b0-43f2-a00a-601d190aae94	ENSG00000283536
aa32098f-f7b0-43f2-a00a-601d190aae94	ENSG00000278057
aa32098f-f7b0-43f2-a00a-601d190aae94	ENSG00000278570
aa32098f-f7b0-43f2-a00a-601d190aae94	ENSG00000276747
aa32098f-f7b0-43f2-a00a-601d190aae94	ENSG00000277161
aa32098f-f7b0-43f2-a00a-601d190aae94	ENSG00000280670
aa32098f-f7b0-43f2-a00a-601d190aae94	ENSG00000276023
aa32098f-f7b0-43f2-a00a-601d190aae94	ENSG00000278845
aa369999-a034-4ad9-b459-8a93c86ea77b	ENSG00000276644
aa369999-a034-4ad9-b459-8a93c86ea77b	ENSG00000283154
aa369999-a034-4ad9-b459-8a93c86ea77b	ENSG00000277586
aa369999-a034-4ad9-b459-8a93c86ea77b	ENSG00000283992
aa369999-a034-4ad9-b459-8a93c86ea77b	ENSG00000275395
aa369999-a034-4ad9-b459-8a93c86ea77b	ENSG00000276043
aa369999-a034-4ad9-b459-8a93c86ea77b	ENSG00000287080
aa369999-a034-4ad9-b459-8a93c86ea77b	ENSG00000276085
aa369999-a034-4ad9-b459-8a93c86ea77b	ENSG00000278570
aa369999-a034-4ad9-b459-8a93c86ea77b	ENSG00000277639
aa369999-a034-4ad9-b459-8a93c86ea77b	ENSG00000277494
aa369999-a034-4ad9-b459-8a93c86ea77b	ENSG00000276070
aa369999-a034-4ad9-b459-8a93c86ea77b	ENSG00000280670
aa369999-a034-4ad9-b459-8a93c86ea77b	ENSG00000276410
aa369999-a034-4ad9-b459-8a93c86ea77b	ENSG00000276368
aa369999-a034-4ad9-b459-8a93c86ea77b	ENSG00000276023
aa369999-a034-4ad9-b459-8a93c86ea77b	ENSG00000277161
aa369999-a034-4ad9-b459-8a93c86ea77b	ENSG00000278845
aa369999-a034-4ad9-b459-8a93c86ea77b	ENSG00000291237
acd544d0-4d8b-46c7-98b3-fc48f7e6fdb7	ENSG00000276644
acd544d0-4d8b-46c7-98b3-fc48f7e6fdb7	ENSG00000275896
acd544d0-4d8b-46c7-98b3-fc48f7e6fdb7	ENSG00000276070
acd544d0-4d8b-46c7-98b3-fc48f7e6fdb7	ENSG00000276085
acd544d0-4d8b-46c7-98b3-fc48f7e6fdb7	ENSG00000277494
acd544d0-4d8b-46c7-98b3-fc48f7e6fdb7	ENSG00000276368
acd544d0-4d8b-46c7-98b3-fc48f7e6fdb7	ENSG00000277639
acd544d0-4d8b-46c7-98b3-fc48f7e6fdb7	ENSG00000275395
acd544d0-4d8b-46c7-98b3-fc48f7e6fdb7	ENSG00000287080
acd544d0-4d8b-46c7-98b3-fc48f7e6fdb7	ENSG00000278570
acd544d0-4d8b-46c7-98b3-fc48f7e6fdb7	ENSG00000284690
acd544d0-4d8b-46c7-98b3-fc48f7e6fdb7	ENSG00000284505
acd544d0-4d8b-46c7-98b3-fc48f7e6fdb7	ENSG00000285292
acd544d0-4d8b-46c7-98b3-fc48f7e6fdb7	ENSG00000280670
acd544d0-4d8b-46c7-98b3-fc48f7e6fdb7	ENSG00000276747
acd544d0-4d8b-46c7-98b3-fc48f7e6fdb7	ENSG00000276410
acd544d0-4d8b-46c7-98b3-fc48f7e6fdb7	ENSG00000283154
acd544d0-4d8b-46c7-98b3-fc48f7e6fdb7	ENSG00000277161
acd544d0-4d8b-46c7-98b3-fc48f7e6fdb7	ENSG00000282301
acd544d0-4d8b-46c7-98b3-fc48f7e6fdb7	ENSG00000276043
acd544d0-4d8b-46c7-98b3-fc48f7e6fdb7	ENSG00000276023
acd544d0-4d8b-46c7-98b3-fc48f7e6fdb7	ENSG00000278845
acd544d0-4d8b-46c7-98b3-fc48f7e6fdb7	ENSG00000291237
aecc2743-4ff2-4b55-ac8c-a1ff76fc4bb4	ENSG00000276070
aecc2743-4ff2-4b55-ac8c-a1ff76fc4bb4	ENSG00000276085
aecc2743-4ff2-4b55-ac8c-a1ff76fc4bb4	ENSG00000291237
aecc2743-4ff2-4b55-ac8c-a1ff76fc4bb4	ENSG00000277586
aecc2743-4ff2-4b55-ac8c-a1ff76fc4bb4	ENSG00000278570
aecc2743-4ff2-4b55-ac8c-a1ff76fc4bb4	ENSG00000275395
aecc2743-4ff2-4b55-ac8c-a1ff76fc4bb4	ENSG00000288825
aecc2743-4ff2-4b55-ac8c-a1ff76fc4bb4	ENSG00000276043
aecc2743-4ff2-4b55-ac8c-a1ff76fc4bb4	ENSG00000277639
aecc2743-4ff2-4b55-ac8c-a1ff76fc4bb4	ENSG00000277494
aecc2743-4ff2-4b55-ac8c-a1ff76fc4bb4	ENSG00000287080
aecc2743-4ff2-4b55-ac8c-a1ff76fc4bb4	ENSG00000276410
aecc2743-4ff2-4b55-ac8c-a1ff76fc4bb4	ENSG00000280670
aecc2743-4ff2-4b55-ac8c-a1ff76fc4bb4	ENSG00000277161
aecc2743-4ff2-4b55-ac8c-a1ff76fc4bb4	ENSG00000276023
aecc2743-4ff2-4b55-ac8c-a1ff76fc4bb4	ENSG00000276644
aecc2743-4ff2-4b55-ac8c-a1ff76fc4bb4	ENSG00000278845
afae4675-434d-4e89-b5ce-2854c9dc38a3	ENSG00000276644
afae4675-434d-4e89-b5ce-2854c9dc38a3	ENSG00000276070
afae4675-434d-4e89-b5ce-2854c9dc38a3	ENSG00000283154
afae4675-434d-4e89-b5ce-2854c9dc38a3	ENSG00000275395
afae4675-434d-4e89-b5ce-2854c9dc38a3	ENSG00000277639
afae4675-434d-4e89-b5ce-2854c9dc38a3	ENSG00000276085
afae4675-434d-4e89-b5ce-2854c9dc38a3	ENSG00000277494
afae4675-434d-4e89-b5ce-2854c9dc38a3	ENSG00000275896
afae4675-434d-4e89-b5ce-2854c9dc38a3	ENSG00000282301
afae4675-434d-4e89-b5ce-2854c9dc38a3	ENSG00000278057
afae4675-434d-4e89-b5ce-2854c9dc38a3	ENSG00000283247
afae4675-434d-4e89-b5ce-2854c9dc38a3	ENSG00000283599
afae4675-434d-4e89-b5ce-2854c9dc38a3	ENSG00000276368
afae4675-434d-4e89-b5ce-2854c9dc38a3	ENSG00000287080
afae4675-434d-4e89-b5ce-2854c9dc38a3	ENSG00000276410
afae4675-434d-4e89-b5ce-2854c9dc38a3	ENSG00000277586
afae4675-434d-4e89-b5ce-2854c9dc38a3	ENSG00000276747
afae4675-434d-4e89-b5ce-2854c9dc38a3	ENSG00000276023
afae4675-434d-4e89-b5ce-2854c9dc38a3	ENSG00000291237
afae4675-434d-4e89-b5ce-2854c9dc38a3	ENSG00000276043
afae4675-434d-4e89-b5ce-2854c9dc38a3	ENSG00000276430
afae4675-434d-4e89-b5ce-2854c9dc38a3	ENSG00000278570
afae4675-434d-4e89-b5ce-2854c9dc38a3	ENSG00000280670
afae4675-434d-4e89-b5ce-2854c9dc38a3	ENSG00000277161
afae4675-434d-4e89-b5ce-2854c9dc38a3	ENSG00000278845
b617ee1b-f8c8-4de9-b82b-e803ab93550d	ENSG00000280670
b617ee1b-f8c8-4de9-b82b-e803ab93550d	ENSG00000284505
b617ee1b-f8c8-4de9-b82b-e803ab93550d	ENSG00000275896
b617ee1b-f8c8-4de9-b82b-e803ab93550d	ENSG00000277639
c838aec3-03ef-4398-b882-0e3912abfff0	ENSG00000276070
c838aec3-03ef-4398-b882-0e3912abfff0	ENSG00000276085
c838aec3-03ef-4398-b882-0e3912abfff0	ENSG00000275896
c838aec3-03ef-4398-b882-0e3912abfff0	ENSG00000276368
c838aec3-03ef-4398-b882-0e3912abfff0	ENSG00000276043
c838aec3-03ef-4398-b882-0e3912abfff0	ENSG00000287080
c838aec3-03ef-4398-b882-0e3912abfff0	ENSG00000277586
c838aec3-03ef-4398-b882-0e3912abfff0	ENSG00000291237
c838aec3-03ef-4398-b882-0e3912abfff0	ENSG00000276410
c838aec3-03ef-4398-b882-0e3912abfff0	ENSG00000278570
c838aec3-03ef-4398-b882-0e3912abfff0	ENSG00000278057
c838aec3-03ef-4398-b882-0e3912abfff0	ENSG00000277639
c838aec3-03ef-4398-b882-0e3912abfff0	ENSG00000276644
c838aec3-03ef-4398-b882-0e3912abfff0	ENSG00000289604
c838aec3-03ef-4398-b882-0e3912abfff0	ENSG00000283154
c838aec3-03ef-4398-b882-0e3912abfff0	ENSG00000276747
c838aec3-03ef-4398-b882-0e3912abfff0	ENSG00000280670
c838aec3-03ef-4398-b882-0e3912abfff0	ENSG00000277161
c838aec3-03ef-4398-b882-0e3912abfff0	ENSG00000275395
c838aec3-03ef-4398-b882-0e3912abfff0	ENSG00000288825
c838aec3-03ef-4398-b882-0e3912abfff0	ENSG00000278845
c838aec3-03ef-4398-b882-0e3912abfff0	ENSG00000276023
cee9b331-3ba0-4461-8bbd-867819d9fc0a	ENSG00000276043
cee9b331-3ba0-4461-8bbd-867819d9fc0a	ENSG00000275395
cee9b331-3ba0-4461-8bbd-867819d9fc0a	ENSG00000276085
cee9b331-3ba0-4461-8bbd-867819d9fc0a	ENSG00000291237
cee9b331-3ba0-4461-8bbd-867819d9fc0a	ENSG00000277639
cee9b331-3ba0-4461-8bbd-867819d9fc0a	ENSG00000276410
cee9b331-3ba0-4461-8bbd-867819d9fc0a	ENSG00000276644
cee9b331-3ba0-4461-8bbd-867819d9fc0a	ENSG00000276070
cee9b331-3ba0-4461-8bbd-867819d9fc0a	ENSG00000276747
cee9b331-3ba0-4461-8bbd-867819d9fc0a	ENSG00000277586
cee9b331-3ba0-4461-8bbd-867819d9fc0a	ENSG00000283599
cee9b331-3ba0-4461-8bbd-867819d9fc0a	ENSG00000280670
cee9b331-3ba0-4461-8bbd-867819d9fc0a	ENSG00000277161
cee9b331-3ba0-4461-8bbd-867819d9fc0a	ENSG00000283992
cee9b331-3ba0-4461-8bbd-867819d9fc0a	ENSG00000276023
d567b692-c374-4628-a508-8008f6778f22	ENSG00000276070
d567b692-c374-4628-a508-8008f6778f22	ENSG00000291237
d567b692-c374-4628-a508-8008f6778f22	ENSG00000276085
d567b692-c374-4628-a508-8008f6778f22	ENSG00000275395
d567b692-c374-4628-a508-8008f6778f22	ENSG00000283992
d567b692-c374-4628-a508-8008f6778f22	ENSG00000276368
d567b692-c374-4628-a508-8008f6778f22	ENSG00000276430
d567b692-c374-4628-a508-8008f6778f22	ENSG00000283154
d567b692-c374-4628-a508-8008f6778f22	ENSG00000276747
d567b692-c374-4628-a508-8008f6778f22	ENSG00000276410
d567b692-c374-4628-a508-8008f6778f22	ENSG00000275896
d567b692-c374-4628-a508-8008f6778f22	ENSG00000277586
d567b692-c374-4628-a508-8008f6778f22	ENSG00000280670
d567b692-c374-4628-a508-8008f6778f22	ENSG00000278570
d567b692-c374-4628-a508-8008f6778f22	ENSG00000277494
d567b692-c374-4628-a508-8008f6778f22	ENSG00000276644
d567b692-c374-4628-a508-8008f6778f22	ENSG00000277639
d567b692-c374-4628-a508-8008f6778f22	ENSG00000277161
d567b692-c374-4628-a508-8008f6778f22	ENSG00000276023
d567b692-c374-4628-a508-8008f6778f22	ENSG00000276043
d567b692-c374-4628-a508-8008f6778f22	ENSG00000278845
d68a8b48-abf0-4bd5-8834-155d34ec448a	ENSG00000275395
d68a8b48-abf0-4bd5-8834-155d34ec448a	ENSG00000277639
d68a8b48-abf0-4bd5-8834-155d34ec448a	ENSG00000276070
d68a8b48-abf0-4bd5-8834-155d34ec448a	ENSG00000291237
d68a8b48-abf0-4bd5-8834-155d34ec448a	ENSG00000283154
d68a8b48-abf0-4bd5-8834-155d34ec448a	ENSG00000276644
d68a8b48-abf0-4bd5-8834-155d34ec448a	ENSG00000277494
d68a8b48-abf0-4bd5-8834-155d34ec448a	ENSG00000276085
d68a8b48-abf0-4bd5-8834-155d34ec448a	ENSG00000276430
d68a8b48-abf0-4bd5-8834-155d34ec448a	ENSG00000283992
d68a8b48-abf0-4bd5-8834-155d34ec448a	ENSG00000276368
d68a8b48-abf0-4bd5-8834-155d34ec448a	ENSG00000276043
d68a8b48-abf0-4bd5-8834-155d34ec448a	ENSG00000287080
d68a8b48-abf0-4bd5-8834-155d34ec448a	ENSG00000278570
d68a8b48-abf0-4bd5-8834-155d34ec448a	ENSG00000276410
d68a8b48-abf0-4bd5-8834-155d34ec448a	ENSG00000280670
d68a8b48-abf0-4bd5-8834-155d34ec448a	ENSG00000277161
d68a8b48-abf0-4bd5-8834-155d34ec448a	ENSG00000276023
d68a8b48-abf0-4bd5-8834-155d34ec448a	ENSG00000278845
d7cff847-6403-44a6-ad8a-2f5a783639dd	ENSG00000276644
d7cff847-6403-44a6-ad8a-2f5a783639dd	ENSG00000283154
d7cff847-6403-44a6-ad8a-2f5a783639dd	ENSG00000275395
d7cff847-6403-44a6-ad8a-2f5a783639dd	ENSG00000276023
d7cff847-6403-44a6-ad8a-2f5a783639dd	ENSG00000276085
d7cff847-6403-44a6-ad8a-2f5a783639dd	ENSG00000277494
d7cff847-6403-44a6-ad8a-2f5a783639dd	ENSG00000276070
d7cff847-6403-44a6-ad8a-2f5a783639dd	ENSG00000278570
d7cff847-6403-44a6-ad8a-2f5a783639dd	ENSG00000276043
d7cff847-6403-44a6-ad8a-2f5a783639dd	ENSG00000277639
d7cff847-6403-44a6-ad8a-2f5a783639dd	ENSG00000284505
d7cff847-6403-44a6-ad8a-2f5a783639dd	ENSG00000276430
d7cff847-6403-44a6-ad8a-2f5a783639dd	ENSG00000276747
d7cff847-6403-44a6-ad8a-2f5a783639dd	ENSG00000278057
d7cff847-6403-44a6-ad8a-2f5a783639dd	ENSG00000280670
d7cff847-6403-44a6-ad8a-2f5a783639dd	ENSG00000277161
d7cff847-6403-44a6-ad8a-2f5a783639dd	ENSG00000277586
d7cff847-6403-44a6-ad8a-2f5a783639dd	ENSG00000278845
de5416ef-bbfa-41f3-99d4-01a3554173f5	ENSG00000276085
de5416ef-bbfa-41f3-99d4-01a3554173f5	ENSG00000276070
de5416ef-bbfa-41f3-99d4-01a3554173f5	ENSG00000275395
de5416ef-bbfa-41f3-99d4-01a3554173f5	ENSG00000276430
de5416ef-bbfa-41f3-99d4-01a3554173f5	ENSG00000277494
de5416ef-bbfa-41f3-99d4-01a3554173f5	ENSG00000278057
de5416ef-bbfa-41f3-99d4-01a3554173f5	ENSG00000275896
de5416ef-bbfa-41f3-99d4-01a3554173f5	ENSG00000277586
de5416ef-bbfa-41f3-99d4-01a3554173f5	ENSG00000291237
de5416ef-bbfa-41f3-99d4-01a3554173f5	ENSG00000276043
de5416ef-bbfa-41f3-99d4-01a3554173f5	ENSG00000278570
de5416ef-bbfa-41f3-99d4-01a3554173f5	ENSG00000287080
de5416ef-bbfa-41f3-99d4-01a3554173f5	ENSG00000276747
de5416ef-bbfa-41f3-99d4-01a3554173f5	ENSG00000278889
de5416ef-bbfa-41f3-99d4-01a3554173f5	ENSG00000288825
de5416ef-bbfa-41f3-99d4-01a3554173f5	ENSG00000276410
de5416ef-bbfa-41f3-99d4-01a3554173f5	ENSG00000276644
de5416ef-bbfa-41f3-99d4-01a3554173f5	ENSG00000277639
de5416ef-bbfa-41f3-99d4-01a3554173f5	ENSG00000276368
de5416ef-bbfa-41f3-99d4-01a3554173f5	ENSG00000280670
de5416ef-bbfa-41f3-99d4-01a3554173f5	ENSG00000277161
de5416ef-bbfa-41f3-99d4-01a3554173f5	ENSG00000276023
de5416ef-bbfa-41f3-99d4-01a3554173f5	ENSG00000283154
de5416ef-bbfa-41f3-99d4-01a3554173f5	ENSG00000285292
de5416ef-bbfa-41f3-99d4-01a3554173f5	ENSG00000278845
e3ed2ba4-edf5-40ac-8750-8a417ad1eefe	ENSG00000277586
e3ed2ba4-edf5-40ac-8750-8a417ad1eefe	ENSG00000276070
e3ed2ba4-edf5-40ac-8750-8a417ad1eefe	ENSG00000275395
e3ed2ba4-edf5-40ac-8750-8a417ad1eefe	ENSG00000275896
e3ed2ba4-edf5-40ac-8750-8a417ad1eefe	ENSG00000277632
e3ed2ba4-edf5-40ac-8750-8a417ad1eefe	ENSG00000277494
e3ed2ba4-edf5-40ac-8750-8a417ad1eefe	ENSG00000291237
e3ed2ba4-edf5-40ac-8750-8a417ad1eefe	ENSG00000276043
e3ed2ba4-edf5-40ac-8750-8a417ad1eefe	ENSG00000278570
e3ed2ba4-edf5-40ac-8750-8a417ad1eefe	ENSG00000283599
e3ed2ba4-edf5-40ac-8750-8a417ad1eefe	ENSG00000287080
e3ed2ba4-edf5-40ac-8750-8a417ad1eefe	ENSG00000276410
e3ed2ba4-edf5-40ac-8750-8a417ad1eefe	ENSG00000276644
e3ed2ba4-edf5-40ac-8750-8a417ad1eefe	ENSG00000283154
e3ed2ba4-edf5-40ac-8750-8a417ad1eefe	ENSG00000280670
e3ed2ba4-edf5-40ac-8750-8a417ad1eefe	ENSG00000277161
e3ed2ba4-edf5-40ac-8750-8a417ad1eefe	ENSG00000276023
e3ed2ba4-edf5-40ac-8750-8a417ad1eefe	ENSG00000278845
e51bae9a-c747-4b64-904a-4da7cda218ab	ENSG00000276070
e51bae9a-c747-4b64-904a-4da7cda218ab	ENSG00000276085
e51bae9a-c747-4b64-904a-4da7cda218ab	ENSG00000275896
e51bae9a-c747-4b64-904a-4da7cda218ab	ENSG00000291237
e51bae9a-c747-4b64-904a-4da7cda218ab	ENSG00000277586
e51bae9a-c747-4b64-904a-4da7cda218ab	ENSG00000276043
e51bae9a-c747-4b64-904a-4da7cda218ab	ENSG00000277639
e51bae9a-c747-4b64-904a-4da7cda218ab	ENSG00000275395
e51bae9a-c747-4b64-904a-4da7cda218ab	ENSG00000278570
e51bae9a-c747-4b64-904a-4da7cda218ab	ENSG00000276409
e51bae9a-c747-4b64-904a-4da7cda218ab	ENSG00000283154
e51bae9a-c747-4b64-904a-4da7cda218ab	ENSG00000280670
e51bae9a-c747-4b64-904a-4da7cda218ab	ENSG00000276023
e51bae9a-c747-4b64-904a-4da7cda218ab	ENSG00000276644
e51bae9a-c747-4b64-904a-4da7cda218ab	ENSG00000277161
e51bae9a-c747-4b64-904a-4da7cda218ab	ENSG00000278845
e522d2cd-7927-4e59-a4ed-064009569279	ENSG00000275896
e522d2cd-7927-4e59-a4ed-064009569279	ENSG00000277632
e522d2cd-7927-4e59-a4ed-064009569279	ENSG00000276085
e522d2cd-7927-4e59-a4ed-064009569279	ENSG00000276368
e522d2cd-7927-4e59-a4ed-064009569279	ENSG00000276070
e522d2cd-7927-4e59-a4ed-064009569279	ENSG00000275395
e522d2cd-7927-4e59-a4ed-064009569279	ENSG00000287080
e522d2cd-7927-4e59-a4ed-064009569279	ENSG00000277586
e522d2cd-7927-4e59-a4ed-064009569279	ENSG00000276043
e522d2cd-7927-4e59-a4ed-064009569279	ENSG00000276410
e522d2cd-7927-4e59-a4ed-064009569279	ENSG00000288825
e522d2cd-7927-4e59-a4ed-064009569279	ENSG00000276747
e522d2cd-7927-4e59-a4ed-064009569279	ENSG00000283154
e522d2cd-7927-4e59-a4ed-064009569279	ENSG00000278570
e522d2cd-7927-4e59-a4ed-064009569279	ENSG00000276644
e522d2cd-7927-4e59-a4ed-064009569279	ENSG00000280670
e522d2cd-7927-4e59-a4ed-064009569279	ENSG00000277161
e522d2cd-7927-4e59-a4ed-064009569279	ENSG00000276023
e522d2cd-7927-4e59-a4ed-064009569279	ENSG00000278845
e7bd68ab-df49-44df-9b1e-8486114aeeb5	ENSG00000277632
e7bd68ab-df49-44df-9b1e-8486114aeeb5	ENSG00000276070
e7bd68ab-df49-44df-9b1e-8486114aeeb5	ENSG00000276085
e7bd68ab-df49-44df-9b1e-8486114aeeb5	ENSG00000291237
e7bd68ab-df49-44df-9b1e-8486114aeeb5	ENSG00000276644
e7bd68ab-df49-44df-9b1e-8486114aeeb5	ENSG00000288825
e7bd68ab-df49-44df-9b1e-8486114aeeb5	ENSG00000277586
e7bd68ab-df49-44df-9b1e-8486114aeeb5	ENSG00000278570
e7bd68ab-df49-44df-9b1e-8486114aeeb5	ENSG00000275896
e7bd68ab-df49-44df-9b1e-8486114aeeb5	ENSG00000277494
e7bd68ab-df49-44df-9b1e-8486114aeeb5	ENSG00000276747
e7bd68ab-df49-44df-9b1e-8486114aeeb5	ENSG00000275395
e7bd68ab-df49-44df-9b1e-8486114aeeb5	ENSG00000276368
e7bd68ab-df49-44df-9b1e-8486114aeeb5	ENSG00000283154
e7bd68ab-df49-44df-9b1e-8486114aeeb5	ENSG00000287080
e7bd68ab-df49-44df-9b1e-8486114aeeb5	ENSG00000276410
e7bd68ab-df49-44df-9b1e-8486114aeeb5	ENSG00000276023
e7bd68ab-df49-44df-9b1e-8486114aeeb5	ENSG00000280670
e7bd68ab-df49-44df-9b1e-8486114aeeb5	ENSG00000277161
e7bd68ab-df49-44df-9b1e-8486114aeeb5	ENSG00000276043
e7bd68ab-df49-44df-9b1e-8486114aeeb5	ENSG00000278845
edbfa04a-f1dd-496a-8237-df11d70621ca	ENSG00000276085
edbfa04a-f1dd-496a-8237-df11d70621ca	ENSG00000277632
edbfa04a-f1dd-496a-8237-df11d70621ca	ENSG00000276070
edbfa04a-f1dd-496a-8237-df11d70621ca	ENSG00000291237
edbfa04a-f1dd-496a-8237-df11d70621ca	ENSG00000283154
edbfa04a-f1dd-496a-8237-df11d70621ca	ENSG00000275896
edbfa04a-f1dd-496a-8237-df11d70621ca	ENSG00000283992
edbfa04a-f1dd-496a-8237-df11d70621ca	ENSG00000276644
edbfa04a-f1dd-496a-8237-df11d70621ca	ENSG00000276368
edbfa04a-f1dd-496a-8237-df11d70621ca	ENSG00000276747
edbfa04a-f1dd-496a-8237-df11d70621ca	ENSG00000288825
edbfa04a-f1dd-496a-8237-df11d70621ca	ENSG00000278057
edbfa04a-f1dd-496a-8237-df11d70621ca	ENSG00000278570
edbfa04a-f1dd-496a-8237-df11d70621ca	ENSG00000275395
edbfa04a-f1dd-496a-8237-df11d70621ca	ENSG00000283599
edbfa04a-f1dd-496a-8237-df11d70621ca	ENSG00000277494
edbfa04a-f1dd-496a-8237-df11d70621ca	ENSG00000287080
edbfa04a-f1dd-496a-8237-df11d70621ca	ENSG00000276410
edbfa04a-f1dd-496a-8237-df11d70621ca	ENSG00000280670
edbfa04a-f1dd-496a-8237-df11d70621ca	ENSG00000276043
edbfa04a-f1dd-496a-8237-df11d70621ca	ENSG00000277161
edbfa04a-f1dd-496a-8237-df11d70621ca	ENSG00000276023
edbfa04a-f1dd-496a-8237-df11d70621ca	ENSG00000278845
f14bc322-1322-4184-8d16-409557525ea5	ENSG00000275896
f14bc322-1322-4184-8d16-409557525ea5	ENSG00000276409
f14bc322-1322-4184-8d16-409557525ea5	ENSG00000283992
f14bc322-1322-4184-8d16-409557525ea5	ENSG00000276085
f14bc322-1322-4184-8d16-409557525ea5	ENSG00000275395
f14bc322-1322-4184-8d16-409557525ea5	ENSG00000277639
f14bc322-1322-4184-8d16-409557525ea5	ENSG00000291237
f14bc322-1322-4184-8d16-409557525ea5	ENSG00000277586
f14bc322-1322-4184-8d16-409557525ea5	ENSG00000277494
f14bc322-1322-4184-8d16-409557525ea5	ENSG00000276043
f14bc322-1322-4184-8d16-409557525ea5	ENSG00000278057
f14bc322-1322-4184-8d16-409557525ea5	ENSG00000289604
f14bc322-1322-4184-8d16-409557525ea5	ENSG00000284505
f14bc322-1322-4184-8d16-409557525ea5	ENSG00000276644
f14bc322-1322-4184-8d16-409557525ea5	ENSG00000283154
f14bc322-1322-4184-8d16-409557525ea5	ENSG00000280670
f3c49918-4707-4d92-bb6d-2b5b4eb9d1b4	ENSG00000276644
f3c49918-4707-4d92-bb6d-2b5b4eb9d1b4	ENSG00000283154
f3c49918-4707-4d92-bb6d-2b5b4eb9d1b4	ENSG00000276070
f3c49918-4707-4d92-bb6d-2b5b4eb9d1b4	ENSG00000275395
f3c49918-4707-4d92-bb6d-2b5b4eb9d1b4	ENSG00000276085
f3c49918-4707-4d92-bb6d-2b5b4eb9d1b4	ENSG00000277586
f3c49918-4707-4d92-bb6d-2b5b4eb9d1b4	ENSG00000283599
f3c49918-4707-4d92-bb6d-2b5b4eb9d1b4	ENSG00000277494
f3c49918-4707-4d92-bb6d-2b5b4eb9d1b4	ENSG00000278570
f3c49918-4707-4d92-bb6d-2b5b4eb9d1b4	ENSG00000276747
f3c49918-4707-4d92-bb6d-2b5b4eb9d1b4	ENSG00000276430
f3c49918-4707-4d92-bb6d-2b5b4eb9d1b4	ENSG00000288825
f3c49918-4707-4d92-bb6d-2b5b4eb9d1b4	ENSG00000280236
f3c49918-4707-4d92-bb6d-2b5b4eb9d1b4	ENSG00000284505
f3c49918-4707-4d92-bb6d-2b5b4eb9d1b4	ENSG00000277639
f3c49918-4707-4d92-bb6d-2b5b4eb9d1b4	ENSG00000280670
f3c49918-4707-4d92-bb6d-2b5b4eb9d1b4	ENSG00000277161
f3c49918-4707-4d92-bb6d-2b5b4eb9d1b4	ENSG00000278057
f3c49918-4707-4d92-bb6d-2b5b4eb9d1b4	ENSG00000276043
f3c49918-4707-4d92-bb6d-2b5b4eb9d1b4	ENSG00000276023
f3c49918-4707-4d92-bb6d-2b5b4eb9d1b4	ENSG00000278845
f641d68a-e877-4bb8-afd7-b8fa3921d461	ENSG00000276644
f641d68a-e877-4bb8-afd7-b8fa3921d461	ENSG00000276070
f641d68a-e877-4bb8-afd7-b8fa3921d461	ENSG00000275395
f641d68a-e877-4bb8-afd7-b8fa3921d461	ENSG00000283154
f641d68a-e877-4bb8-afd7-b8fa3921d461	ENSG00000276410
f641d68a-e877-4bb8-afd7-b8fa3921d461	ENSG00000276085
f641d68a-e877-4bb8-afd7-b8fa3921d461	ENSG00000277494
f641d68a-e877-4bb8-afd7-b8fa3921d461	ENSG00000280670
f641d68a-e877-4bb8-afd7-b8fa3921d461	ENSG00000277639
f641d68a-e877-4bb8-afd7-b8fa3921d461	ENSG00000276747
f641d68a-e877-4bb8-afd7-b8fa3921d461	ENSG00000283992
f641d68a-e877-4bb8-afd7-b8fa3921d461	ENSG00000278570
f641d68a-e877-4bb8-afd7-b8fa3921d461	ENSG00000275896
f641d68a-e877-4bb8-afd7-b8fa3921d461	ENSG00000276368
f641d68a-e877-4bb8-afd7-b8fa3921d461	ENSG00000287080
f641d68a-e877-4bb8-afd7-b8fa3921d461	ENSG00000276043
f641d68a-e877-4bb8-afd7-b8fa3921d461	ENSG00000277161
f641d68a-e877-4bb8-afd7-b8fa3921d461	ENSG00000276023
f641d68a-e877-4bb8-afd7-b8fa3921d461	ENSG00000278845
f641d68a-e877-4bb8-afd7-b8fa3921d461	ENSG00000291237
f6cc8a47-2dea-40aa-8608-d771c5ef8a07	ENSG00000283154
f6cc8a47-2dea-40aa-8608-d771c5ef8a07	ENSG00000276043
f6cc8a47-2dea-40aa-8608-d771c5ef8a07	ENSG00000276070
f6cc8a47-2dea-40aa-8608-d771c5ef8a07	ENSG00000278570
f6cc8a47-2dea-40aa-8608-d771c5ef8a07	ENSG00000276644
f6cc8a47-2dea-40aa-8608-d771c5ef8a07	ENSG00000276023
f6cc8a47-2dea-40aa-8608-d771c5ef8a07	ENSG00000277161
f6cc8a47-2dea-40aa-8608-d771c5ef8a07	ENSG00000277586
f6cc8a47-2dea-40aa-8608-d771c5ef8a07	ENSG00000278845
f6cc8a47-2dea-40aa-8608-d771c5ef8a07	ENSG00000276410
f6cc8a47-2dea-40aa-8608-d771c5ef8a07	ENSG00000277632
f6cc8a47-2dea-40aa-8608-d771c5ef8a07	ENSG00000291237
f6cc8a47-2dea-40aa-8608-d771c5ef8a07	ENSG00000275395
f6cc8a47-2dea-40aa-8608-d771c5ef8a07	ENSG00000276368
f6cc8a47-2dea-40aa-8608-d771c5ef8a07	ENSG00000280670
f6cc8a47-2dea-40aa-8608-d771c5ef8a07	ENSG00000276085
fe7aae33-6f7c-41a5-8d29-9996a9ddf1ab	ENSG00000275395
fe7aae33-6f7c-41a5-8d29-9996a9ddf1ab	ENSG00000283154
fe7aae33-6f7c-41a5-8d29-9996a9ddf1ab	ENSG00000275896
fe7aae33-6f7c-41a5-8d29-9996a9ddf1ab	ENSG00000278570
fe7aae33-6f7c-41a5-8d29-9996a9ddf1ab	ENSG00000276644
fe7aae33-6f7c-41a5-8d29-9996a9ddf1ab	ENSG00000277639
fe7aae33-6f7c-41a5-8d29-9996a9ddf1ab	ENSG00000277494
fe7aae33-6f7c-41a5-8d29-9996a9ddf1ab	ENSG00000276023
fe7aae33-6f7c-41a5-8d29-9996a9ddf1ab	ENSG00000276070
fe7aae33-6f7c-41a5-8d29-9996a9ddf1ab	ENSG00000277586
fe7aae33-6f7c-41a5-8d29-9996a9ddf1ab	ENSG00000276747
fe7aae33-6f7c-41a5-8d29-9996a9ddf1ab	ENSG00000285292
fe7aae33-6f7c-41a5-8d29-9996a9ddf1ab	ENSG00000278057
fe7aae33-6f7c-41a5-8d29-9996a9ddf1ab	ENSG00000276085
fe7aae33-6f7c-41a5-8d29-9996a9ddf1ab	ENSG00000287080
fe7aae33-6f7c-41a5-8d29-9996a9ddf1ab	ENSG00000280670
fe7aae33-6f7c-41a5-8d29-9996a9ddf1ab	ENSG00000277161
fe7aae33-6f7c-41a5-8d29-9996a9ddf1ab	ENSG00000291237
fe7aae33-6f7c-41a5-8d29-9996a9ddf1ab	ENSG00000276430
fe7aae33-6f7c-41a5-8d29-9996a9ddf1ab	ENSG00000276043
fe7aae33-6f7c-41a5-8d29-9996a9ddf1ab	ENSG00000278845
