dataset,expressed,scvi_genes,cellplm_genes,common_uncapped,genelist
01b84709-139c-4485-98a9-6e14c58fbbf6,28700,8000,19374,3194,3194
07dd8c34-4625-480a-8ee4-273a06c3082b,26893,8000,19374,3187,3187
09b518f9-da64-44cc-aec8-70a89d55611f,28010,8000,19374,3165,3165
0a8e3443-c3e2-4918-84db-0495657d9175,20126,8000,19374,2575,2575
0ae6f031-2f9c-4247-8b26-db320d6efd32,28299,8000,19374,3224,3224
0bf30b02-db97-4560-b9cd-0fe3588892af,23363,8000,19374,2889,2889
0c0c49a2-b96b-432f-98a4-1decf9929149,20096,8000,19374,2589,2589
145dcf6a-2461-4fa3-a0af-7fc56db0bd33,32787,8000,19374,3211,3211
16023185-de21-4c0d-a9c8-73abdd52d142,22200,8000,19374,3164,3164
19053a82-9c89-4fb8-bd19-d7b1800b0b7b,16847,8000,19374,3082,3082
19f1bec6-eeb7-4133-accc-992d745fef89,25464,8000,19374,3035,3035
1a9f3b38-b86d-416d-bbdc-9058ad3ff42d,27117,8000,19374,3155,3155
1ab4ebbc-18d6-4838-89c2-cdc5b10accfb,27694,8000,19374,3275,3275
1b350d0a-4535-4879-beb6-1142f3f94947,22943,8000,19374,2901,2901
203025fe-fa99-4d57-81da-458ed8f0c334,26405,8000,19374,3005,3005
21722308-5091-4b63-9c07-4f116ab9a7b3,32781,8000,19374,3239,3239
27d3952f-fbbc-497d-98d1-f37f3d555235,15237,8000,19374,1915,1915
30c2a6fd-d547-460f-a5e7-44c62a2af7ad,19644,8000,19374,2364,2364
322c816f-608a-4da1-99c4-36ca4ad45146,28500,8000,19374,3132,3132
3a702020-cf66-4ef5-9d11-4a5e835b7efb,24628,8000,19374,3132,3132
3bfd5174-5b49-4e58-b233-ed0f4edd0bec,27539,8000,19374,3188,3188
3c364ffe-d599-44d5-a77f-6c5fd7038cf6,28710,8000,19374,3180,3180
3cb646ab-d411-4e5b-89eb-082a786c953b,20118,8000,19374,2586,2586
3e55180c-780a-4424-9434-5296640ffc0d,25338,8000,19374,3106,3106
420d0f5d-b7ba-4b1e-88d0-44e9f733febd,20188,8000,19374,2584,2584
4319097a-acae-4124-beed-d1173ffe1464,22771,8000,19374,2683,2683
432f3af5-6a79-401f-b315-fb2df789f32c,28781,8000,19374,3276,3276
43a1506b-aa9e-46a3-b288-d210f4595ddf,19068,8000,19374,2693,2693
43aa19d2-c723-4822-979d-d2f0239835e0,55362,8000,19374,3572,3572
46104f0b-9af5-466a-ae0f-56b8dc1969a2,20160,8000,19374,2575,2575
47e00f43-6176-44a5-b4d1-f88a1920fcab,20092,8000,19374,2596,2596
4b83f213-b96b-4c87-a884-9b81faddb194,25372,8000,19374,3161,3161
527641f0-df64-4c80-957c-a65dccd477bc,14009,8000,19374,2314,2314
53ce2631-3646-4172-bbd9-38b0a44d8214,27195,8000,19374,3051,3051
56a4bc14-9407-45fd-8786-f7f6fc87c9dd,29517,8000,19374,3211,3211
589fe605-6d49-4abe-bff8-1675511c689a,20887,8000,19374,3056,3056
58f43044-cd3c-42b8-bc0b-3498eb236359,25839,8000,19374,3263,3263
5a9cfb44-494a-4540-8db8-7143b1bb5a6f,18832,8000,19374,2772,2772
5c97eeeb-7e52-44b3-b010-b832b1f5424c,33774,8000,19374,3109,3109
5e57cd50-8e42-42d6-940d-5c1660d06864,33686,8000,19374,3103,3103
5ed90bc0-12f3-4354-b314-0ce0dbb96458,29185,8000,19374,3287,3287
5fde5c9c-5b1e-4df5-982a-3f8e7635161f,20139,8000,19374,2574,2574
60a29d0b-1a37-4447-ac32-00d701580b47,26287,8000,19374,3177,3177
61af564d-e5ea-4d34-a0f3-2668a00db376,29059,8000,19374,3279,3279
61d327d1-2227-4c5f-9367-e3559dc79b07,24760,8000,19374,2678,2678
64267fb5-7b70-4705-a13b-cc38966c22a8,27816,8000,19374,3040,3040
67b6b9ac-b841-42ce-b2d4-ed2ec12327bd,30509,8000,19374,3334,3334
6fc37633-13f5-4bf0-af95-52808143bffd,23398,8000,19374,2920,2920
75011e96-ba37-4977-a539-fbf9f66a5e37,20373,8000,19374,2982,2982
781cc817-3fd0-487c-a55a-b47b2786a05d,23192,8000,19374,2827,2827
79884ae5-e026-4d4a-858f-e807960bd4f7,14725,8000,19374,1875,1875
8058d760-09e6-4bdd-86a1-36917ffca3ef,26917,8000,19374,3136,3136
829a3cd1-a466-49f1-b2e9-d3f6b7f392e2,19870,8000,19374,3156,3156
84cfa5aa-a0d1-415e-ac47-eb66c9cf8170,22584,8000,19374,3112,3112
8560f809-5794-484e-9152-b63efa91d134,27043,8000,19374,3212,3212
867757c1-3b1a-49d9-a0cd-17767eb160cc,17243,8000,19374,2386,2386
881e0e6b-a185-45f1-9b56-81606e91e7ff,23837,8000,19374,3254,3254
8ef06ea4-8d0f-4303-a652-7d4604402b1f,27859,8000,19374,3323,3323
8f3e7fcf-0b16-4a29-a5f1-a7a8b267d689,26661,8000,19374,3235,3235
8ff0cef9-393e-43de-9722-a1e12c239727,17388,8000,19374,2190,2190
95d3b0fb-b8a7-4bec-a2e8-cded3222ff07,26708,8000,19374,3198,3198
963a08cb-d995-4862-9614-f9d38a7d7540,27863,8000,19374,3004,3004
978a566a-dc27-478d-b306-26daba116c1f,26860,8000,19374,3068,3068
98219f72-0f9a-4de9-a859-c81834f24ab1,17441,8000,19374,2859,2859
9f1a899f-05a0-44c5-8aa9-39df61ae4324,31594,8000,19374,3200,3200
a24ce10f-5a87-4e1f-a34a-f4fe5fc84052,26556,8000,19374,3162,3162
a2c833f7-b7f1-4f4d-ad31-cae478b601b7,19882,8000,19374,3108,3108
aa32098f-f7b0-43f2-a00a-601d190aae94,20148,8000,19374,2602,2602
aa369999-a034-4ad9-b459-8a93c86ea77b,29480,8000,19374,3190,3190
acd544d0-4d8b-46c7-98b3-fc48f7e6fdb7,33413,8000,19374,3181,3181
aecc2743-4ff2-4b55-ac8c-a1ff76fc4bb4,20773,8000,19374,2954,2954
afae4675-434d-4e89-b5ce-2854c9dc38a3,18150,8000,19374,3319,3319
b617ee1b-f8c8-4de9-b82b-e803ab93550d,24296,8000,19374,3373,3373
c838aec3-03ef-4398-b882-0e3912abfff0,21906,8000,19374,2604,2604
cee9b331-3ba0-4461-8bbd-867819d9fc0a,13978,8000,19374,2297,2297
d567b692-c374-4628-a508-8008f6778f22,27180,8000,19374,3312,3312
d68a8b48-abf0-4bd5-8834-155d34ec448a,27225,8000,19374,3182,3182
d7cff847-6403-44a6-ad8a-2f5a783639dd,26874,8000,19374,3193,3193
de5416ef-bbfa-41f3-99d4-01a3554173f5,22576,8000,19374,3328,3328
e3ed2ba4-edf5-40ac-8750-8a417ad1eefe,26615,8000,19374,3093,3093
e51bae9a-c747-4b64-904a-4da7cda218ab,22947,8000,19374,3119,3119
e522d2cd-7927-4e59-a4ed-064009569279,19529,8000,19374,2561,2561
e7bd68ab-df49-44df-9b1e-8486114aeeb5,26888,8000,19374,3146,3146
edbfa04a-f1dd-496a-8237-df11d70621ca,27043,8000,19374,3164,3164
f14bc322-1322-4184-8d16-409557525ea5,21431,8000,19374,3123,3123
f3c49918-4707-4d92-bb6d-2b5b4eb9d1b4,26850,8000,19374,3197,3197
f641d68a-e877-4bb8-afd7-b8fa3921d461,28617,8000,19374,3206,3206
f6cc8a47-2dea-40aa-8608-d771c5ef8a07,18124,8000,19374,2312,2312
fe7aae33-6f7c-41a5-8d29-9996a9ddf1ab,25146,8000,19374,3061,3061
