run,dataset,metric,value,n_hvg,n_cells,sampled_cells
sctrilemma,01b84709-139c-4485-98a9-6e14c58fbbf6,training_style_recon_pearson_hvg,0.87661962890625,2000,20000,20000
sctrilemma,01b84709-139c-4485-98a9-6e14c58fbbf6,gene_mean_pearson,0.9404270535638796,4096,20000,20000
sctrilemma,01b84709-139c-4485-98a9-6e14c58fbbf6,gene_mean_spearman,0.8460009483565211,4096,20000,20000
sctrilemma,07dd8c34-4625-480a-8ee4-273a06c3082b,training_style_recon_pearson_hvg,0.9521974312622746,2000,11202,11202
sctrilemma,07dd8c34-4625-480a-8ee4-273a06c3082b,gene_mean_pearson,0.9361378730761516,4096,11202,11202
sctrilemma,07dd8c34-4625-480a-8ee4-273a06c3082b,gene_mean_spearman,0.8704881344095251,4096,11202,11202
sctrilemma,09b518f9-da64-44cc-aec8-70a89d55611f,training_style_recon_pearson_hvg,0.8887559020996094,2000,20000,20000
sctrilemma,09b518f9-da64-44cc-aec8-70a89d55611f,gene_mean_pearson,0.8938173328371659,4096,20000,20000
sctrilemma,09b518f9-da64-44cc-aec8-70a89d55611f,gene_mean_spearman,0.7756532735231422,4096,20000,20000
sctrilemma,0a8e3443-c3e2-4918-84db-0495657d9175,training_style_recon_pearson_hvg,0.9651794860839844,2000,20000,20000
sctrilemma,0a8e3443-c3e2-4918-84db-0495657d9175,gene_mean_pearson,0.9786008525003288,4096,20000,20000
sctrilemma,0a8e3443-c3e2-4918-84db-0495657d9175,gene_mean_spearman,0.8877813976192936,4096,20000,20000
sctrilemma,0ae6f031-2f9c-4247-8b26-db320d6efd32,training_style_recon_pearson_hvg,0.7582127173639113,2000,7750,7750
sctrilemma,0ae6f031-2f9c-4247-8b26-db320d6efd32,gene_mean_pearson,0.8489818904184434,4096,7750,7750
sctrilemma,0ae6f031-2f9c-4247-8b26-db320d6efd32,gene_mean_spearman,0.6693763997429886,4096,7750,7750
sctrilemma,0bf30b02-db97-4560-b9cd-0fe3588892af,training_style_recon_pearson_hvg,0.9200141357421876,2000,20000,20000
sctrilemma,0bf30b02-db97-4560-b9cd-0fe3588892af,gene_mean_pearson,0.9582726269374808,4096,20000,20000
sctrilemma,0bf30b02-db97-4560-b9cd-0fe3588892af,gene_mean_spearman,0.8121300187556272,4096,20000,20000
sctrilemma,0c0c49a2-b96b-432f-98a4-1decf9929149,training_style_recon_pearson_hvg,0.9656751159667968,2000,20000,20000
sctrilemma,0c0c49a2-b96b-432f-98a4-1decf9929149,gene_mean_pearson,0.9788889243768348,4096,20000,20000
sctrilemma,0c0c49a2-b96b-432f-98a4-1decf9929149,gene_mean_spearman,0.8915323752985076,4096,20000,20000
sctrilemma,145dcf6a-2461-4fa3-a0af-7fc56db0bd33,training_style_recon_pearson_hvg,0.9163250610351562,2000,20000,20000
sctrilemma,145dcf6a-2461-4fa3-a0af-7fc56db0bd33,gene_mean_pearson,0.9302858444502607,4096,20000,20000
sctrilemma,145dcf6a-2461-4fa3-a0af-7fc56db0bd33,gene_mean_spearman,0.7895900840836254,4096,20000,20000
sctrilemma,16023185-de21-4c0d-a9c8-73abdd52d142,training_style_recon_pearson_hvg,0.8903640319824219,2000,20000,20000
sctrilemma,16023185-de21-4c0d-a9c8-73abdd52d142,gene_mean_pearson,0.983140616211273,4096,20000,20000
sctrilemma,16023185-de21-4c0d-a9c8-73abdd52d142,gene_mean_spearman,0.8919936056133275,4096,20000,20000
sctrilemma,19053a82-9c89-4fb8-bd19-d7b1800b0b7b,training_style_recon_pearson_hvg,0.913413214111328,2000,20000,20000
sctrilemma,19053a82-9c89-4fb8-bd19-d7b1800b0b7b,gene_mean_pearson,0.951500885295104,4096,20000,20000
sctrilemma,19053a82-9c89-4fb8-bd19-d7b1800b0b7b,gene_mean_spearman,0.8758485636713988,4096,20000,20000
sctrilemma,19f1bec6-eeb7-4133-accc-992d745fef89,training_style_recon_pearson_hvg,0.8797090698242187,2000,20000,20000
sctrilemma,19f1bec6-eeb7-4133-accc-992d745fef89,gene_mean_pearson,0.8731903930558866,4096,20000,20000
sctrilemma,19f1bec6-eeb7-4133-accc-992d745fef89,gene_mean_spearman,0.7643877576764826,4096,20000,20000
sctrilemma,1a9f3b38-b86d-416d-bbdc-9058ad3ff42d,training_style_recon_pearson_hvg,0.8918005676269531,2000,20000,20000
sctrilemma,1a9f3b38-b86d-416d-bbdc-9058ad3ff42d,gene_mean_pearson,0.7844453277786507,4096,20000,20000
sctrilemma,1a9f3b38-b86d-416d-bbdc-9058ad3ff42d,gene_mean_spearman,0.664252537314,4096,20000,20000
sctrilemma,1ab4ebbc-18d6-4838-89c2-cdc5b10accfb,training_style_recon_pearson_hvg,0.9361967771897668,2000,15855,15855
sctrilemma,1ab4ebbc-18d6-4838-89c2-cdc5b10accfb,gene_mean_pearson,0.954192418470572,4096,15855,15855
sctrilemma,1ab4ebbc-18d6-4838-89c2-cdc5b10accfb,gene_mean_spearman,0.8381681475604524,4096,15855,15855
sctrilemma,1b350d0a-4535-4879-beb6-1142f3f94947,training_style_recon_pearson_hvg,0.9264530456542968,2000,20000,20000
sctrilemma,1b350d0a-4535-4879-beb6-1142f3f94947,gene_mean_pearson,0.9777182652911174,4096,20000,20000
sctrilemma,1b350d0a-4535-4879-beb6-1142f3f94947,gene_mean_spearman,0.913818762448524,4096,20000,20000
sctrilemma,203025fe-fa99-4d57-81da-458ed8f0c334,training_style_recon_pearson_hvg,0.8711844543457031,2000,20000,20000
sctrilemma,203025fe-fa99-4d57-81da-458ed8f0c334,gene_mean_pearson,0.8805513477790496,4096,20000,20000
sctrilemma,203025fe-fa99-4d57-81da-458ed8f0c334,gene_mean_spearman,0.8103129893285514,4096,20000,20000
sctrilemma,21722308-5091-4b63-9c07-4f116ab9a7b3,training_style_recon_pearson_hvg,0.91250322265625,2000,20000,20000
sctrilemma,21722308-5091-4b63-9c07-4f116ab9a7b3,gene_mean_pearson,0.920588989385064,4096,20000,20000
sctrilemma,21722308-5091-4b63-9c07-4f116ab9a7b3,gene_mean_spearman,0.7529610319780241,4096,20000,20000
sctrilemma,27d3952f-fbbc-497d-98d1-f37f3d555235,training_style_recon_pearson_hvg,0.9254974903727944,2000,3457,3457
sctrilemma,27d3952f-fbbc-497d-98d1-f37f3d555235,gene_mean_pearson,0.935970605146854,4096,3457,3457
sctrilemma,27d3952f-fbbc-497d-98d1-f37f3d555235,gene_mean_spearman,0.7879790074593914,4096,3457,3457
sctrilemma,30c2a6fd-d547-460f-a5e7-44c62a2af7ad,training_style_recon_pearson_hvg,0.8972137756347657,2000,20000,20000
sctrilemma,30c2a6fd-d547-460f-a5e7-44c62a2af7ad,gene_mean_pearson,0.9481672332697756,4096,20000,20000
sctrilemma,30c2a6fd-d547-460f-a5e7-44c62a2af7ad,gene_mean_spearman,0.798682848448588,4096,20000,20000
sctrilemma,322c816f-608a-4da1-99c4-36ca4ad45146,training_style_recon_pearson_hvg,0.9118436157226564,2000,20000,20000
sctrilemma,322c816f-608a-4da1-99c4-36ca4ad45146,gene_mean_pearson,0.893078131649867,4096,20000,20000
sctrilemma,322c816f-608a-4da1-99c4-36ca4ad45146,gene_mean_spearman,0.751858361991062,4096,20000,20000
sctrilemma,3a702020-cf66-4ef5-9d11-4a5e835b7efb,training_style_recon_pearson_hvg,0.8338605041503906,2000,20000,20000
sctrilemma,3a702020-cf66-4ef5-9d11-4a5e835b7efb,gene_mean_pearson,0.7904676193699206,4096,20000,20000
sctrilemma,3a702020-cf66-4ef5-9d11-4a5e835b7efb,gene_mean_spearman,0.6579384981729686,4096,20000,20000
sctrilemma,3bfd5174-5b49-4e58-b233-ed0f4edd0bec,training_style_recon_pearson_hvg,0.7835013860887097,2000,7750,7750
sctrilemma,3bfd5174-5b49-4e58-b233-ed0f4edd0bec,gene_mean_pearson,0.8555081965699618,4096,7750,7750
sctrilemma,3bfd5174-5b49-4e58-b233-ed0f4edd0bec,gene_mean_spearman,0.6619865460597342,4096,7750,7750
sctrilemma,3c364ffe-d599-44d5-a77f-6c5fd7038cf6,training_style_recon_pearson_hvg,0.9016538024902344,2000,20000,20000
sctrilemma,3c364ffe-d599-44d5-a77f-6c5fd7038cf6,gene_mean_pearson,0.8949663197116795,4096,20000,20000
sctrilemma,3c364ffe-d599-44d5-a77f-6c5fd7038cf6,gene_mean_spearman,0.7955829725063501,4096,20000,20000
sctrilemma,3cb646ab-d411-4e5b-89eb-082a786c953b,training_style_recon_pearson_hvg,0.9653363403320312,2000,20000,20000
sctrilemma,3cb646ab-d411-4e5b-89eb-082a786c953b,gene_mean_pearson,0.9794694307534736,4096,20000,20000
sctrilemma,3cb646ab-d411-4e5b-89eb-082a786c953b,gene_mean_spearman,0.8896435876956112,4096,20000,20000
sctrilemma,3e55180c-780a-4424-9434-5296640ffc0d,training_style_recon_pearson_hvg,0.9412545021867764,2000,7774,7774
sctrilemma,3e55180c-780a-4424-9434-5296640ffc0d,gene_mean_pearson,0.9366655249166278,4096,7774,7774
sctrilemma,3e55180c-780a-4424-9434-5296640ffc0d,gene_mean_spearman,0.813778873143576,4096,7774,7774
sctrilemma,420d0f5d-b7ba-4b1e-88d0-44e9f733febd,training_style_recon_pearson_hvg,0.9665044677734376,2000,20000,20000
sctrilemma,420d0f5d-b7ba-4b1e-88d0-44e9f733febd,gene_mean_pearson,0.9793082236349178,4096,20000,20000
sctrilemma,420d0f5d-b7ba-4b1e-88d0-44e9f733febd,gene_mean_spearman,0.8899038180395443,4096,20000,20000
sctrilemma,4319097a-acae-4124-beed-d1173ffe1464,training_style_recon_pearson_hvg,0.8824327904485887,2000,7750,7750
sctrilemma,4319097a-acae-4124-beed-d1173ffe1464,gene_mean_pearson,0.8705683692118965,4096,7750,7750
sctrilemma,4319097a-acae-4124-beed-d1173ffe1464,gene_mean_spearman,0.7597583566671563,4096,7750,7750
sctrilemma,432f3af5-6a79-401f-b315-fb2df789f32c,training_style_recon_pearson_hvg,0.7531521862399193,2000,7750,7750
sctrilemma,432f3af5-6a79-401f-b315-fb2df789f32c,gene_mean_pearson,0.890315037082724,4096,7750,7750
sctrilemma,432f3af5-6a79-401f-b315-fb2df789f32c,gene_mean_spearman,0.7114340757548631,4096,7750,7750
sctrilemma,43a1506b-aa9e-46a3-b288-d210f4595ddf,training_style_recon_pearson_hvg,0.8453870056152344,2000,20000,20000
sctrilemma,43a1506b-aa9e-46a3-b288-d210f4595ddf,gene_mean_pearson,0.9597555155342674,4096,20000,20000
sctrilemma,43a1506b-aa9e-46a3-b288-d210f4595ddf,gene_mean_spearman,0.8043773369096683,4096,20000,20000
sctrilemma,43aa19d2-c723-4822-979d-d2f0239835e0,training_style_recon_pearson_hvg,0.8982913940429688,2000,20000,20000
sctrilemma,43aa19d2-c723-4822-979d-d2f0239835e0,gene_mean_pearson,0.9291889030440764,4096,20000,20000
sctrilemma,43aa19d2-c723-4822-979d-d2f0239835e0,gene_mean_spearman,0.800888425909783,4096,20000,20000
sctrilemma,46104f0b-9af5-466a-ae0f-56b8dc1969a2,training_style_recon_pearson_hvg,0.965920672607422,2000,20000,20000
sctrilemma,46104f0b-9af5-466a-ae0f-56b8dc1969a2,gene_mean_pearson,0.979246758797033,4096,20000,20000
sctrilemma,46104f0b-9af5-466a-ae0f-56b8dc1969a2,gene_mean_spearman,0.8874113049654508,4096,20000,20000
sctrilemma,47e00f43-6176-44a5-b4d1-f88a1920fcab,training_style_recon_pearson_hvg,0.965819873046875,2000,20000,20000
sctrilemma,47e00f43-6176-44a5-b4d1-f88a1920fcab,gene_mean_pearson,0.979359183257272,4096,20000,20000
sctrilemma,47e00f43-6176-44a5-b4d1-f88a1920fcab,gene_mean_spearman,0.8930777990906306,4096,20000,20000
sctrilemma,4b83f213-b96b-4c87-a884-9b81faddb194,training_style_recon_pearson_hvg,0.8626299438476562,2000,20000,20000
sctrilemma,4b83f213-b96b-4c87-a884-9b81faddb194,gene_mean_pearson,0.9188852960169116,4096,20000,20000
sctrilemma,4b83f213-b96b-4c87-a884-9b81faddb194,gene_mean_spearman,0.7995312591502448,4096,20000,20000
sctrilemma,527641f0-df64-4c80-957c-a65dccd477bc,training_style_recon_pearson_hvg,0.8915085842993952,2000,7750,7750
sctrilemma,527641f0-df64-4c80-957c-a65dccd477bc,gene_mean_pearson,0.867178226802361,4096,7750,7750
sctrilemma,527641f0-df64-4c80-957c-a65dccd477bc,gene_mean_spearman,0.6684136158702629,4096,7750,7750
sctrilemma,53ce2631-3646-4172-bbd9-38b0a44d8214,training_style_recon_pearson_hvg,0.8854807189941406,2000,20000,20000
sctrilemma,53ce2631-3646-4172-bbd9-38b0a44d8214,gene_mean_pearson,0.9243468328124156,4096,20000,20000
sctrilemma,53ce2631-3646-4172-bbd9-38b0a44d8214,gene_mean_spearman,0.8434794443731052,4096,20000,20000
sctrilemma,56a4bc14-9407-45fd-8786-f7f6fc87c9dd,training_style_recon_pearson_hvg,0.88255,2000,20000,20000
sctrilemma,56a4bc14-9407-45fd-8786-f7f6fc87c9dd,gene_mean_pearson,0.9383286686179588,4096,20000,20000
sctrilemma,56a4bc14-9407-45fd-8786-f7f6fc87c9dd,gene_mean_spearman,0.8595496792217525,4096,20000,20000
sctrilemma,589fe605-6d49-4abe-bff8-1675511c689a,training_style_recon_pearson_hvg,0.9263663696289064,2000,20000,20000
sctrilemma,589fe605-6d49-4abe-bff8-1675511c689a,gene_mean_pearson,0.975568330765538,4096,20000,20000
sctrilemma,589fe605-6d49-4abe-bff8-1675511c689a,gene_mean_spearman,0.8639166510344165,4096,20000,20000
sctrilemma,58f43044-cd3c-42b8-bc0b-3498eb236359,training_style_recon_pearson_hvg,0.850907113647461,2000,20000,20000
sctrilemma,58f43044-cd3c-42b8-bc0b-3498eb236359,gene_mean_pearson,0.9368082777553616,4096,20000,20000
sctrilemma,58f43044-cd3c-42b8-bc0b-3498eb236359,gene_mean_spearman,0.7689288652841444,4096,20000,20000
sctrilemma,5a9cfb44-494a-4540-8db8-7143b1bb5a6f,training_style_recon_pearson_hvg,0.8725564575195313,2000,20000,20000
sctrilemma,5a9cfb44-494a-4540-8db8-7143b1bb5a6f,gene_mean_pearson,0.9520791364250004,4096,20000,20000
sctrilemma,5a9cfb44-494a-4540-8db8-7143b1bb5a6f,gene_mean_spearman,0.8501928552052405,4096,20000,20000
sctrilemma,5c97eeeb-7e52-44b3-b010-b832b1f5424c,training_style_recon_pearson_hvg,0.9393552978515624,2000,20000,20000
sctrilemma,5c97eeeb-7e52-44b3-b010-b832b1f5424c,gene_mean_pearson,0.921496267660706,4096,20000,20000
sctrilemma,5c97eeeb-7e52-44b3-b010-b832b1f5424c,gene_mean_spearman,0.8219967841708978,4096,20000,20000
sctrilemma,5e57cd50-8e42-42d6-940d-5c1660d06864,training_style_recon_pearson_hvg,0.9385037231445312,2000,20000,20000
sctrilemma,5e57cd50-8e42-42d6-940d-5c1660d06864,gene_mean_pearson,0.9240131601086076,4096,20000,20000
sctrilemma,5e57cd50-8e42-42d6-940d-5c1660d06864,gene_mean_spearman,0.8211942205614691,4096,20000,20000
sctrilemma,5ed90bc0-12f3-4354-b314-0ce0dbb96458,training_style_recon_pearson_hvg,0.930319873046875,2000,20000,20000
sctrilemma,5ed90bc0-12f3-4354-b314-0ce0dbb96458,gene_mean_pearson,0.9451298086566968,4096,20000,20000
sctrilemma,5ed90bc0-12f3-4354-b314-0ce0dbb96458,gene_mean_spearman,0.7517808714662453,4096,20000,20000
sctrilemma,5fde5c9c-5b1e-4df5-982a-3f8e7635161f,training_style_recon_pearson_hvg,0.9670566589355468,2000,20000,20000
sctrilemma,5fde5c9c-5b1e-4df5-982a-3f8e7635161f,gene_mean_pearson,0.9785273527646874,4096,20000,20000
sctrilemma,5fde5c9c-5b1e-4df5-982a-3f8e7635161f,gene_mean_spearman,0.8931089965360945,4096,20000,20000
sctrilemma,60a29d0b-1a37-4447-ac32-00d701580b47,training_style_recon_pearson_hvg,0.9223629843939988,2000,7813,7813
sctrilemma,60a29d0b-1a37-4447-ac32-00d701580b47,gene_mean_pearson,0.9707670531574388,4096,7813,7813
sctrilemma,60a29d0b-1a37-4447-ac32-00d701580b47,gene_mean_spearman,0.8508312674385506,4096,7813,7813
sctrilemma,61af564d-e5ea-4d34-a0f3-2668a00db376,training_style_recon_pearson_hvg,0.8397442321777344,2000,20000,20000
sctrilemma,61af564d-e5ea-4d34-a0f3-2668a00db376,gene_mean_pearson,0.8137816920121632,4096,20000,20000
sctrilemma,61af564d-e5ea-4d34-a0f3-2668a00db376,gene_mean_spearman,0.7112866260203012,4096,20000,20000
sctrilemma,61d327d1-2227-4c5f-9367-e3559dc79b07,training_style_recon_pearson_hvg,0.4949160245195705,2000,796,796
sctrilemma,61d327d1-2227-4c5f-9367-e3559dc79b07,gene_mean_pearson,0.5783952023034669,4096,796,796
sctrilemma,61d327d1-2227-4c5f-9367-e3559dc79b07,gene_mean_spearman,0.3786394866606473,4096,796,796
sctrilemma,64267fb5-7b70-4705-a13b-cc38966c22a8,training_style_recon_pearson_hvg,0.9803392700195313,2000,20000,20000
sctrilemma,64267fb5-7b70-4705-a13b-cc38966c22a8,gene_mean_pearson,0.9223055446065246,4096,20000,20000
sctrilemma,64267fb5-7b70-4705-a13b-cc38966c22a8,gene_mean_spearman,0.7720572014564284,4096,20000,20000
sctrilemma,67b6b9ac-b841-42ce-b2d4-ed2ec12327bd,training_style_recon_pearson_hvg,0.8414412536621094,2000,20000,20000
sctrilemma,67b6b9ac-b841-42ce-b2d4-ed2ec12327bd,gene_mean_pearson,0.858148584694139,4096,20000,20000
sctrilemma,67b6b9ac-b841-42ce-b2d4-ed2ec12327bd,gene_mean_spearman,0.7741788189601567,4096,20000,20000
sctrilemma,6fc37633-13f5-4bf0-af95-52808143bffd,training_style_recon_pearson_hvg,0.9654897258304048,2000,2988,2988
sctrilemma,6fc37633-13f5-4bf0-af95-52808143bffd,gene_mean_pearson,0.9371376648371924,4096,2988,2988
sctrilemma,6fc37633-13f5-4bf0-af95-52808143bffd,gene_mean_spearman,0.8075896239590236,4096,2988,2988
sctrilemma,75011e96-ba37-4977-a539-fbf9f66a5e37,training_style_recon_pearson_hvg,0.9117471648204222,2000,16812,16812
sctrilemma,75011e96-ba37-4977-a539-fbf9f66a5e37,gene_mean_pearson,0.9657854121246018,4096,16812,16812
sctrilemma,75011e96-ba37-4977-a539-fbf9f66a5e37,gene_mean_spearman,0.8278644968949518,4096,16812,16812
sctrilemma,781cc817-3fd0-487c-a55a-b47b2786a05d,training_style_recon_pearson_hvg,0.8975096437958078,2000,9619,9619
sctrilemma,781cc817-3fd0-487c-a55a-b47b2786a05d,gene_mean_pearson,0.9624019123483032,4096,9619,9619
sctrilemma,781cc817-3fd0-487c-a55a-b47b2786a05d,gene_mean_spearman,0.8081282901416632,4096,9619,9619
sctrilemma,79884ae5-e026-4d4a-858f-e807960bd4f7,training_style_recon_pearson_hvg,0.8897728802524717,2000,4425,4425
sctrilemma,79884ae5-e026-4d4a-858f-e807960bd4f7,gene_mean_pearson,0.9319523166109104,4096,4425,4425
sctrilemma,79884ae5-e026-4d4a-858f-e807960bd4f7,gene_mean_spearman,0.7857640604268759,4096,4425,4425
sctrilemma,8058d760-09e6-4bdd-86a1-36917ffca3ef,training_style_recon_pearson_hvg,0.90343408203125,2000,20000,20000
sctrilemma,8058d760-09e6-4bdd-86a1-36917ffca3ef,gene_mean_pearson,0.7397769721506988,4096,20000,20000
sctrilemma,8058d760-09e6-4bdd-86a1-36917ffca3ef,gene_mean_spearman,0.632555941628367,4096,20000,20000
sctrilemma,829a3cd1-a466-49f1-b2e9-d3f6b7f392e2,training_style_recon_pearson_hvg,0.9360135192871094,2000,20000,20000
sctrilemma,829a3cd1-a466-49f1-b2e9-d3f6b7f392e2,gene_mean_pearson,0.96406448848661,4096,20000,20000
sctrilemma,829a3cd1-a466-49f1-b2e9-d3f6b7f392e2,gene_mean_spearman,0.8223079480256035,4096,20000,20000
sctrilemma,84cfa5aa-a0d1-415e-ac47-eb66c9cf8170,training_style_recon_pearson_hvg,0.922821063232422,2000,20000,20000
sctrilemma,84cfa5aa-a0d1-415e-ac47-eb66c9cf8170,gene_mean_pearson,0.9766820536564118,4096,20000,20000
sctrilemma,84cfa5aa-a0d1-415e-ac47-eb66c9cf8170,gene_mean_spearman,0.8834497242730879,4096,20000,20000
sctrilemma,8560f809-5794-484e-9152-b63efa91d134,training_style_recon_pearson_hvg,0.9069503967285156,2000,20000,20000
sctrilemma,8560f809-5794-484e-9152-b63efa91d134,gene_mean_pearson,0.9569431695544196,4096,20000,20000
sctrilemma,8560f809-5794-484e-9152-b63efa91d134,gene_mean_spearman,0.7879797962314514,4096,20000,20000
sctrilemma,867757c1-3b1a-49d9-a0cd-17767eb160cc,training_style_recon_pearson_hvg,0.8407565124511719,2000,20000,20000
sctrilemma,867757c1-3b1a-49d9-a0cd-17767eb160cc,gene_mean_pearson,0.7864487446084283,4096,20000,20000
sctrilemma,867757c1-3b1a-49d9-a0cd-17767eb160cc,gene_mean_spearman,0.7404581693832976,4096,20000,20000
sctrilemma,881e0e6b-a185-45f1-9b56-81606e91e7ff,training_style_recon_pearson_hvg,0.947204718017578,2000,20000,20000
sctrilemma,881e0e6b-a185-45f1-9b56-81606e91e7ff,gene_mean_pearson,0.9792155301373806,4096,20000,20000
sctrilemma,881e0e6b-a185-45f1-9b56-81606e91e7ff,gene_mean_spearman,0.880537872416362,4096,20000,20000
sctrilemma,8ef06ea4-8d0f-4303-a652-7d4604402b1f,training_style_recon_pearson_hvg,0.8884631591796875,2000,20000,20000
sctrilemma,8ef06ea4-8d0f-4303-a652-7d4604402b1f,gene_mean_pearson,0.9535141233119808,4096,20000,20000
sctrilemma,8ef06ea4-8d0f-4303-a652-7d4604402b1f,gene_mean_spearman,0.7898407545171756,4096,20000,20000
sctrilemma,8f3e7fcf-0b16-4a29-a5f1-a7a8b267d689,training_style_recon_pearson_hvg,0.955303973388672,2000,20000,20000
sctrilemma,8f3e7fcf-0b16-4a29-a5f1-a7a8b267d689,gene_mean_pearson,0.977739151789816,4096,20000,20000
sctrilemma,8f3e7fcf-0b16-4a29-a5f1-a7a8b267d689,gene_mean_spearman,0.8750204909605082,4096,20000,20000
sctrilemma,8ff0cef9-393e-43de-9722-a1e12c239727,training_style_recon_pearson_hvg,0.8113623676915322,2000,7750,7750
sctrilemma,8ff0cef9-393e-43de-9722-a1e12c239727,gene_mean_pearson,0.910794762112796,4096,7750,7750
sctrilemma,8ff0cef9-393e-43de-9722-a1e12c239727,gene_mean_spearman,0.7822129829429377,4096,7750,7750
sctrilemma,95d3b0fb-b8a7-4bec-a2e8-cded3222ff07,training_style_recon_pearson_hvg,0.924139618177009,2000,10268,10268
sctrilemma,95d3b0fb-b8a7-4bec-a2e8-cded3222ff07,gene_mean_pearson,0.9346901292708156,4096,10268,10268
sctrilemma,95d3b0fb-b8a7-4bec-a2e8-cded3222ff07,gene_mean_spearman,0.8510138153469974,4096,10268,10268
sctrilemma,963a08cb-d995-4862-9614-f9d38a7d7540,training_style_recon_pearson_hvg,0.8897413269042969,2000,20000,20000
sctrilemma,963a08cb-d995-4862-9614-f9d38a7d7540,gene_mean_pearson,0.8187311860988947,4096,20000,20000
sctrilemma,963a08cb-d995-4862-9614-f9d38a7d7540,gene_mean_spearman,0.6912505917623992,4096,20000,20000
sctrilemma,978a566a-dc27-478d-b306-26daba116c1f,training_style_recon_pearson_hvg,0.9118352416992188,2000,20000,20000
sctrilemma,978a566a-dc27-478d-b306-26daba116c1f,gene_mean_pearson,0.7744216665240768,4096,20000,20000
sctrilemma,978a566a-dc27-478d-b306-26daba116c1f,gene_mean_spearman,0.6420377944856127,4096,20000,20000
sctrilemma,98219f72-0f9a-4de9-a859-c81834f24ab1,training_style_recon_pearson_hvg,0.4370581207275391,2000,20000,20000
sctrilemma,98219f72-0f9a-4de9-a859-c81834f24ab1,gene_mean_pearson,0.6050157279728954,4096,20000,20000
sctrilemma,98219f72-0f9a-4de9-a859-c81834f24ab1,gene_mean_spearman,0.653077363545961,4096,20000,20000
sctrilemma,9f1a899f-05a0-44c5-8aa9-39df61ae4324,training_style_recon_pearson_hvg,0.9176074951171876,2000,20000,20000
sctrilemma,9f1a899f-05a0-44c5-8aa9-39df61ae4324,gene_mean_pearson,0.8792177613015535,4096,20000,20000
sctrilemma,9f1a899f-05a0-44c5-8aa9-39df61ae4324,gene_mean_spearman,0.7550871599936656,4096,20000,20000
sctrilemma,a24ce10f-5a87-4e1f-a34a-f4fe5fc84052,training_style_recon_pearson_hvg,0.9307390466571136,2000,15669,15669
sctrilemma,a24ce10f-5a87-4e1f-a34a-f4fe5fc84052,gene_mean_pearson,0.9323457408945016,4096,15669,15669
sctrilemma,a24ce10f-5a87-4e1f-a34a-f4fe5fc84052,gene_mean_spearman,0.8566640784395868,4096,15669,15669
sctrilemma,a2c833f7-b7f1-4f4d-ad31-cae478b601b7,training_style_recon_pearson_hvg,0.9352289001464844,2000,20000,20000
sctrilemma,a2c833f7-b7f1-4f4d-ad31-cae478b601b7,gene_mean_pearson,0.9413328726012395,4096,20000,20000
sctrilemma,a2c833f7-b7f1-4f4d-ad31-cae478b601b7,gene_mean_spearman,0.8844494367078236,4096,20000,20000
sctrilemma,aa32098f-f7b0-43f2-a00a-601d190aae94,training_style_recon_pearson_hvg,0.9660427917480467,2000,20000,20000
sctrilemma,aa32098f-f7b0-43f2-a00a-601d190aae94,gene_mean_pearson,0.9789702286415888,4096,20000,20000
sctrilemma,aa32098f-f7b0-43f2-a00a-601d190aae94,gene_mean_spearman,0.8921752894872041,4096,20000,20000
sctrilemma,aa369999-a034-4ad9-b459-8a93c86ea77b,training_style_recon_pearson_hvg,0.8964094299316406,2000,20000,20000
sctrilemma,aa369999-a034-4ad9-b459-8a93c86ea77b,gene_mean_pearson,0.9246539158949648,4096,20000,20000
sctrilemma,aa369999-a034-4ad9-b459-8a93c86ea77b,gene_mean_spearman,0.8344358837035453,4096,20000,20000
sctrilemma,acd544d0-4d8b-46c7-98b3-fc48f7e6fdb7,training_style_recon_pearson_hvg,0.7020920771944903,2000,12808,12808
sctrilemma,acd544d0-4d8b-46c7-98b3-fc48f7e6fdb7,gene_mean_pearson,0.7876334621320557,4096,12808,12808
sctrilemma,acd544d0-4d8b-46c7-98b3-fc48f7e6fdb7,gene_mean_spearman,0.7249052682485778,4096,12808,12808
sctrilemma,aecc2743-4ff2-4b55-ac8c-a1ff76fc4bb4,training_style_recon_pearson_hvg,0.9519505859375,2000,20000,20000
sctrilemma,aecc2743-4ff2-4b55-ac8c-a1ff76fc4bb4,gene_mean_pearson,0.9595969320823844,4096,20000,20000
sctrilemma,aecc2743-4ff2-4b55-ac8c-a1ff76fc4bb4,gene_mean_spearman,0.8071381084451814,4096,20000,20000
sctrilemma,afae4675-434d-4e89-b5ce-2854c9dc38a3,training_style_recon_pearson_hvg,0.736209814453125,2000,20000,20000
sctrilemma,afae4675-434d-4e89-b5ce-2854c9dc38a3,gene_mean_pearson,0.7906731045326019,4096,20000,20000
sctrilemma,afae4675-434d-4e89-b5ce-2854c9dc38a3,gene_mean_spearman,0.6804250718999697,4096,20000,20000
sctrilemma,b617ee1b-f8c8-4de9-b82b-e803ab93550d,training_style_recon_pearson_hvg,0.8951540710449218,2000,20000,20000
sctrilemma,b617ee1b-f8c8-4de9-b82b-e803ab93550d,gene_mean_pearson,0.9503410929288488,4096,20000,20000
sctrilemma,b617ee1b-f8c8-4de9-b82b-e803ab93550d,gene_mean_spearman,0.9044346628443511,4096,20000,20000
sctrilemma,c838aec3-03ef-4398-b882-0e3912abfff0,training_style_recon_pearson_hvg,0.9429763244628906,2000,20000,20000
sctrilemma,c838aec3-03ef-4398-b882-0e3912abfff0,gene_mean_pearson,0.9756346252910004,4096,20000,20000
sctrilemma,c838aec3-03ef-4398-b882-0e3912abfff0,gene_mean_spearman,0.8865197257136576,4096,20000,20000
sctrilemma,cee9b331-3ba0-4461-8bbd-867819d9fc0a,training_style_recon_pearson_hvg,0.8892038337953629,2000,7750,7750
sctrilemma,cee9b331-3ba0-4461-8bbd-867819d9fc0a,gene_mean_pearson,0.8776792355869907,4096,7750,7750
sctrilemma,cee9b331-3ba0-4461-8bbd-867819d9fc0a,gene_mean_spearman,0.6894718747946433,4096,7750,7750
sctrilemma,d567b692-c374-4628-a508-8008f6778f22,training_style_recon_pearson_hvg,0.8974618408203126,2000,20000,20000
sctrilemma,d567b692-c374-4628-a508-8008f6778f22,gene_mean_pearson,0.8963299396194913,4096,20000,20000
sctrilemma,d567b692-c374-4628-a508-8008f6778f22,gene_mean_spearman,0.8066889948706102,4096,20000,20000
sctrilemma,d68a8b48-abf0-4bd5-8834-155d34ec448a,training_style_recon_pearson_hvg,0.8802517333984375,2000,20000,20000
sctrilemma,d68a8b48-abf0-4bd5-8834-155d34ec448a,gene_mean_pearson,0.8528410570043802,4096,20000,20000
sctrilemma,d68a8b48-abf0-4bd5-8834-155d34ec448a,gene_mean_spearman,0.7393859585357843,4096,20000,20000
sctrilemma,d7cff847-6403-44a6-ad8a-2f5a783639dd,training_style_recon_pearson_hvg,0.94321025390625,2000,20000,20000
sctrilemma,d7cff847-6403-44a6-ad8a-2f5a783639dd,gene_mean_pearson,0.9219802779808618,4096,20000,20000
sctrilemma,d7cff847-6403-44a6-ad8a-2f5a783639dd,gene_mean_spearman,0.8393143603146255,4096,20000,20000
sctrilemma,de5416ef-bbfa-41f3-99d4-01a3554173f5,training_style_recon_pearson_hvg,0.8747284301757813,2000,20000,20000
sctrilemma,de5416ef-bbfa-41f3-99d4-01a3554173f5,gene_mean_pearson,0.9622315957890436,4096,20000,20000
sctrilemma,de5416ef-bbfa-41f3-99d4-01a3554173f5,gene_mean_spearman,0.9001559397298659,4096,20000,20000
sctrilemma,e3ed2ba4-edf5-40ac-8750-8a417ad1eefe,training_style_recon_pearson_hvg,0.8645082702636718,2000,20000,20000
sctrilemma,e3ed2ba4-edf5-40ac-8750-8a417ad1eefe,gene_mean_pearson,0.918537485773426,4096,20000,20000
sctrilemma,e3ed2ba4-edf5-40ac-8750-8a417ad1eefe,gene_mean_spearman,0.8594952979546031,4096,20000,20000
sctrilemma,e51bae9a-c747-4b64-904a-4da7cda218ab,training_style_recon_pearson_hvg,0.5661145965576172,2000,20000,20000
sctrilemma,e51bae9a-c747-4b64-904a-4da7cda218ab,gene_mean_pearson,0.9218416483302236,4096,20000,20000
sctrilemma,e51bae9a-c747-4b64-904a-4da7cda218ab,gene_mean_spearman,0.7422481680441487,4096,20000,20000
sctrilemma,e522d2cd-7927-4e59-a4ed-064009569279,training_style_recon_pearson_hvg,0.9635605041503906,2000,20000,20000
sctrilemma,e522d2cd-7927-4e59-a4ed-064009569279,gene_mean_pearson,0.9788117509323764,4096,20000,20000
sctrilemma,e522d2cd-7927-4e59-a4ed-064009569279,gene_mean_spearman,0.885539203637288,4096,20000,20000
sctrilemma,e7bd68ab-df49-44df-9b1e-8486114aeeb5,training_style_recon_pearson_hvg,0.8947773193359375,2000,20000,20000
sctrilemma,e7bd68ab-df49-44df-9b1e-8486114aeeb5,gene_mean_pearson,0.9432167584724074,4096,20000,20000
sctrilemma,e7bd68ab-df49-44df-9b1e-8486114aeeb5,gene_mean_spearman,0.770547498369161,4096,20000,20000
sctrilemma,edbfa04a-f1dd-496a-8237-df11d70621ca,training_style_recon_pearson_hvg,0.9431221069335938,2000,20000,20000
sctrilemma,edbfa04a-f1dd-496a-8237-df11d70621ca,gene_mean_pearson,0.9476710580920144,4096,20000,20000
sctrilemma,edbfa04a-f1dd-496a-8237-df11d70621ca,gene_mean_spearman,0.7498194904657522,4096,20000,20000
sctrilemma,f14bc322-1322-4184-8d16-409557525ea5,training_style_recon_pearson_hvg,0.9171050231933594,2000,20000,20000
sctrilemma,f14bc322-1322-4184-8d16-409557525ea5,gene_mean_pearson,0.9769737297026077,4096,20000,20000
sctrilemma,f14bc322-1322-4184-8d16-409557525ea5,gene_mean_spearman,0.9003293366949796,4096,20000,20000
sctrilemma,f3c49918-4707-4d92-bb6d-2b5b4eb9d1b4,training_style_recon_pearson_hvg,0.8986291673615916,2000,15177,15177
sctrilemma,f3c49918-4707-4d92-bb6d-2b5b4eb9d1b4,gene_mean_pearson,0.929600411792391,4096,15177,15177
sctrilemma,f3c49918-4707-4d92-bb6d-2b5b4eb9d1b4,gene_mean_spearman,0.8416103336383229,4096,15177,15177
sctrilemma,f641d68a-e877-4bb8-afd7-b8fa3921d461,training_style_recon_pearson_hvg,0.7388371887207031,2000,20000,20000
sctrilemma,f641d68a-e877-4bb8-afd7-b8fa3921d461,gene_mean_pearson,0.7556344662916793,4096,20000,20000
sctrilemma,f641d68a-e877-4bb8-afd7-b8fa3921d461,gene_mean_spearman,0.6447982941331256,4096,20000,20000
sctrilemma,f6cc8a47-2dea-40aa-8608-d771c5ef8a07,training_style_recon_pearson_hvg,0.8140186176915323,2000,7750,7750
sctrilemma,f6cc8a47-2dea-40aa-8608-d771c5ef8a07,gene_mean_pearson,0.9128270899729916,4096,7750,7750
sctrilemma,f6cc8a47-2dea-40aa-8608-d771c5ef8a07,gene_mean_spearman,0.7871932148168476,4096,7750,7750
sctrilemma,fe7aae33-6f7c-41a5-8d29-9996a9ddf1ab,training_style_recon_pearson_hvg,0.9523903747558594,2000,20000,20000
sctrilemma,fe7aae33-6f7c-41a5-8d29-9996a9ddf1ab,gene_mean_pearson,0.8991342478547146,4096,20000,20000
sctrilemma,fe7aae33-6f7c-41a5-8d29-9996a9ddf1ab,gene_mean_spearman,0.8367208646844471,4096,20000,20000
