cohort,dataset_id,model,metric,value,n_values,n_cell_types
Brain,203025fe-fa99-4d57-81da-458ed8f0c334,cellplm,top10_pathway_jaccard,0.1753431242042476,42,7
Brain,203025fe-fa99-4d57-81da-458ed8f0c334,cellplm,top10_pathway_score_spearman,-0.26340269561395224,42,7
Brain,203025fe-fa99-4d57-81da-458ed8f0c334,scprint,top10_pathway_jaccard,0.19163297347729014,42,7
Brain,203025fe-fa99-4d57-81da-458ed8f0c334,scprint,top10_pathway_score_spearman,-0.18077852366315095,42,7
Brain,203025fe-fa99-4d57-81da-458ed8f0c334,sctrilemma,top10_pathway_jaccard,0.23538574224111597,42,7
Brain,203025fe-fa99-4d57-81da-458ed8f0c334,sctrilemma,top10_pathway_score_spearman,-0.021766200604491134,42,7
Brain,203025fe-fa99-4d57-81da-458ed8f0c334,scvi,top10_pathway_jaccard,0.17416849780848012,42,7
Brain,203025fe-fa99-4d57-81da-458ed8f0c334,scvi,top10_pathway_score_spearman,-0.30096985771365614,42,7
Colon,829a3cd1-a466-49f1-b2e9-d3f6b7f392e2,cellplm,top10_pathway_jaccard,0.27929661211394957,36,6
Colon,829a3cd1-a466-49f1-b2e9-d3f6b7f392e2,cellplm,top10_pathway_score_spearman,-0.04674121516131708,36,6
Colon,829a3cd1-a466-49f1-b2e9-d3f6b7f392e2,scprint,top10_pathway_jaccard,0.27225200696562923,36,6
Colon,829a3cd1-a466-49f1-b2e9-d3f6b7f392e2,scprint,top10_pathway_score_spearman,-0.115047399209739,36,6
Colon,829a3cd1-a466-49f1-b2e9-d3f6b7f392e2,sctrilemma,top10_pathway_jaccard,0.3956179532159924,36,6
Colon,829a3cd1-a466-49f1-b2e9-d3f6b7f392e2,sctrilemma,top10_pathway_score_spearman,0.32999621037046184,36,6
Colon,829a3cd1-a466-49f1-b2e9-d3f6b7f392e2,scvi,top10_pathway_jaccard,0.23274876377301557,36,6
Colon,829a3cd1-a466-49f1-b2e9-d3f6b7f392e2,scvi,top10_pathway_score_spearman,-0.17435322752103813,36,6
Kidney,867757c1-3b1a-49d9-a0cd-17767eb160cc,cellplm,top10_pathway_jaccard,0.19406079155424236,78,13
Kidney,867757c1-3b1a-49d9-a0cd-17767eb160cc,cellplm,top10_pathway_score_spearman,-0.04370369941465478,78,13
Kidney,867757c1-3b1a-49d9-a0cd-17767eb160cc,scprint,top10_pathway_jaccard,0.18150577646886293,78,13
Kidney,867757c1-3b1a-49d9-a0cd-17767eb160cc,scprint,top10_pathway_score_spearman,-0.13606195759056536,78,13
Kidney,867757c1-3b1a-49d9-a0cd-17767eb160cc,sctrilemma,top10_pathway_jaccard,0.24810904499520836,78,13
Kidney,867757c1-3b1a-49d9-a0cd-17767eb160cc,sctrilemma,top10_pathway_score_spearman,0.13685292251221653,78,13
Kidney,867757c1-3b1a-49d9-a0cd-17767eb160cc,scvi,top10_pathway_jaccard,0.19194855006953124,78,13
Kidney,867757c1-3b1a-49d9-a0cd-17767eb160cc,scvi,top10_pathway_score_spearman,-0.15167966178847925,78,13
Liver,e3ed2ba4-edf5-40ac-8750-8a417ad1eefe,cellplm,top10_pathway_jaccard,0.30235808666008496,66,11
Liver,e3ed2ba4-edf5-40ac-8750-8a417ad1eefe,cellplm,top10_pathway_score_spearman,0.047948447090323865,66,11
Liver,e3ed2ba4-edf5-40ac-8750-8a417ad1eefe,scprint,top10_pathway_jaccard,0.2934050240551788,66,11
Liver,e3ed2ba4-edf5-40ac-8750-8a417ad1eefe,scprint,top10_pathway_score_spearman,0.05591277572369588,66,11
Liver,e3ed2ba4-edf5-40ac-8750-8a417ad1eefe,sctrilemma,top10_pathway_jaccard,0.391366956734252,66,11
Liver,e3ed2ba4-edf5-40ac-8750-8a417ad1eefe,sctrilemma,top10_pathway_score_spearman,0.3294504312229631,66,11
Liver,e3ed2ba4-edf5-40ac-8750-8a417ad1eefe,scvi,top10_pathway_jaccard,0.2698028509314746,66,11
Liver,e3ed2ba4-edf5-40ac-8750-8a417ad1eefe,scvi,top10_pathway_score_spearman,-0.0625027448627402,66,11
Tendon,acd544d0-4d8b-46c7-98b3-fc48f7e6fdb7,cellplm,top10_pathway_jaccard,0.31849413844382884,24,4
Tendon,acd544d0-4d8b-46c7-98b3-fc48f7e6fdb7,cellplm,top10_pathway_score_spearman,0.11709301470227669,24,4
Tendon,acd544d0-4d8b-46c7-98b3-fc48f7e6fdb7,scprint,top10_pathway_jaccard,0.3516578558180725,24,4
Tendon,acd544d0-4d8b-46c7-98b3-fc48f7e6fdb7,scprint,top10_pathway_score_spearman,-0.03578761032137128,24,4
Tendon,acd544d0-4d8b-46c7-98b3-fc48f7e6fdb7,sctrilemma,top10_pathway_jaccard,0.4552201432038893,24,4
Tendon,acd544d0-4d8b-46c7-98b3-fc48f7e6fdb7,sctrilemma,top10_pathway_score_spearman,0.369329719103663,24,4
Tendon,acd544d0-4d8b-46c7-98b3-fc48f7e6fdb7,scvi,top10_pathway_jaccard,0.393894128317503,24,4
Tendon,acd544d0-4d8b-46c7-98b3-fc48f7e6fdb7,scvi,top10_pathway_score_spearman,0.1354769892117826,24,4
