dataset_id,model,model_display,n_cells,n_common_genes,recon_pearson,recon_spearman,recon_mae,recon_mse
01b84709-139c-4485-98a9-6e14c58fbbf6,scvi,scVI,2500,600,0.33845362067222595,0.31001517176628113,1.4222338199615479,2.6775848865509033
01b84709-139c-4485-98a9-6e14c58fbbf6,scprint,scPRINT,2500,600,0.4896647334098816,0.46196454763412476,1.637627124786377,3.506314992904663
01b84709-139c-4485-98a9-6e14c58fbbf6,cellplm,CellPLM,2500,600,0.4958350360393524,0.4406944215297699,1.4558345079421997,3.052738666534424
01b84709-139c-4485-98a9-6e14c58fbbf6,sctrilemma,scTrilemma,2500,600,0.6714882850646973,0.576971173286438,1.7084152698516846,3.9483559131622314
07dd8c34-4625-480a-8ee4-273a06c3082b,scvi,scVI,2500,979,0.4441262483596802,0.3831075131893158,1.0803418159484863,1.7061467170715332
07dd8c34-4625-480a-8ee4-273a06c3082b,scprint,scPRINT,2500,979,0.5474591255187988,0.4091424345970154,1.1414860486984253,2.0378525257110596
07dd8c34-4625-480a-8ee4-273a06c3082b,cellplm,CellPLM,2500,979,0.722626805305481,0.6124427318572998,0.8322497606277466,1.1637119054794312
07dd8c34-4625-480a-8ee4-273a06c3082b,sctrilemma,scTrilemma,2500,979,0.7583386301994324,0.6171686053276062,1.2059108018875122,2.0426957607269287
09b518f9-da64-44cc-aec8-70a89d55611f,scvi,scVI,2500,331,0.22035790979862213,0.21443074941635132,1.6874130964279175,3.652606964111328
09b518f9-da64-44cc-aec8-70a89d55611f,scprint,scPRINT,2500,331,0.4247276186943054,0.4282330870628357,2.150585174560547,6.113781452178955
09b518f9-da64-44cc-aec8-70a89d55611f,cellplm,CellPLM,2500,331,0.3729766011238098,0.35959458351135254,2.1528234481811523,6.181570053100586
09b518f9-da64-44cc-aec8-70a89d55611f,sctrilemma,scTrilemma,2500,331,0.5397792458534241,0.466143935918808,2.3380799293518066,7.005823612213135
0a8e3443-c3e2-4918-84db-0495657d9175,scvi,scVI,2500,473,0.5051310658454895,0.4291602373123169,1.3279039859771729,2.2563817501068115
0a8e3443-c3e2-4918-84db-0495657d9175,scprint,scPRINT,2500,473,0.5851003527641296,0.56838458776474,1.4041805267333984,3.018188953399658
0a8e3443-c3e2-4918-84db-0495657d9175,cellplm,CellPLM,2500,473,0.6487337350845337,0.5577911138534546,1.2341253757476807,2.1858959197998047
0a8e3443-c3e2-4918-84db-0495657d9175,sctrilemma,scTrilemma,2500,473,0.7388306260108948,0.6425235271453857,1.50694739818573,3.381556987762451
0ae6f031-2f9c-4247-8b26-db320d6efd32,scvi,scVI,2500,398,0.3929204046726227,0.35183772444725037,1.5384782552719116,2.9798312187194824
0ae6f031-2f9c-4247-8b26-db320d6efd32,scprint,scPRINT,2500,398,0.5601511001586914,0.5658264756202698,1.6226643323898315,3.9135701656341553
0ae6f031-2f9c-4247-8b26-db320d6efd32,cellplm,CellPLM,2500,398,0.4837174117565155,0.4239027798175812,1.546015977859497,3.579390287399292
0ae6f031-2f9c-4247-8b26-db320d6efd32,sctrilemma,scTrilemma,2500,398,0.6757640242576599,0.5750845670700073,1.8757175207138062,4.8757405281066895
0bf30b02-db97-4560-b9cd-0fe3588892af,scvi,scVI,2500,447,0.4850105345249176,0.4127722680568695,1.388081431388855,2.4596993923187256
0bf30b02-db97-4560-b9cd-0fe3588892af,scprint,scPRINT,2500,447,0.5948674082756042,0.5725826025009155,1.4875246286392212,3.3391828536987305
0bf30b02-db97-4560-b9cd-0fe3588892af,cellplm,CellPLM,2500,447,0.6223058700561523,0.5445947051048279,1.3034864664077759,2.5326452255249023
0bf30b02-db97-4560-b9cd-0fe3588892af,sctrilemma,scTrilemma,2500,447,0.740974485874176,0.6427347660064697,1.6069480180740356,3.698390245437622
0c0c49a2-b96b-432f-98a4-1decf9929149,scvi,scVI,2500,455,0.5102536678314209,0.4331933557987213,1.3319714069366455,2.27352237701416
0c0c49a2-b96b-432f-98a4-1decf9929149,scprint,scPRINT,2500,455,0.5732502937316895,0.5594128966331482,1.4116979837417603,3.060734272003174
0c0c49a2-b96b-432f-98a4-1decf9929149,cellplm,CellPLM,2500,455,0.6522374153137207,0.5600719451904297,1.2343624830245972,2.207418203353882
0c0c49a2-b96b-432f-98a4-1decf9929149,sctrilemma,scTrilemma,2500,455,0.7452324628829956,0.6498902440071106,1.508797526359558,3.404633045196533
145dcf6a-2461-4fa3-a0af-7fc56db0bd33,scvi,scVI,2500,1168,0.4650956988334656,0.3999750316143036,1.01222825050354,1.5039461851119995
145dcf6a-2461-4fa3-a0af-7fc56db0bd33,scprint,scPRINT,2500,1168,0.5504693984985352,0.411259263753891,1.0837279558181763,1.758894443511963
145dcf6a-2461-4fa3-a0af-7fc56db0bd33,cellplm,CellPLM,2500,1168,0.6492435336112976,0.5681511163711548,0.8853379487991333,1.3150426149368286
145dcf6a-2461-4fa3-a0af-7fc56db0bd33,sctrilemma,scTrilemma,2500,1168,0.7339107990264893,0.5847323536872864,1.1549094915390015,1.7968151569366455
16023185-de21-4c0d-a9c8-73abdd52d142,scvi,scVI,2500,345,0.5082385540008545,0.43901488184928894,1.4117833375930786,2.643018960952759
16023185-de21-4c0d-a9c8-73abdd52d142,scprint,scPRINT,2500,345,0.5444917678833008,0.5249364972114563,1.6484445333480835,4.024032115936279
16023185-de21-4c0d-a9c8-73abdd52d142,cellplm,CellPLM,2500,345,0.6453487277030945,0.5767242312431335,1.3596644401550293,2.9264369010925293
16023185-de21-4c0d-a9c8-73abdd52d142,sctrilemma,scTrilemma,2500,345,0.7790370583534241,0.6819571256637573,1.7294552326202393,4.235650539398193
19053a82-9c89-4fb8-bd19-d7b1800b0b7b,scvi,scVI,2500,266,0.49254119396209717,0.43829208612442017,1.5200227499008179,3.071467399597168
19053a82-9c89-4fb8-bd19-d7b1800b0b7b,scprint,scPRINT,2500,266,0.5260277390480042,0.5141831636428833,1.8154395818710327,4.945675373077393
19053a82-9c89-4fb8-bd19-d7b1800b0b7b,cellplm,CellPLM,2500,266,0.647361695766449,0.5953973531723022,1.5273970365524292,3.5536975860595703
19053a82-9c89-4fb8-bd19-d7b1800b0b7b,sctrilemma,scTrilemma,2500,266,0.7981558442115784,0.7232211828231812,1.8076934814453125,4.74069356918335
19f1bec6-eeb7-4133-accc-992d745fef89,scvi,scVI,2500,402,0.32552871108055115,0.3051629960536957,1.6122479438781738,3.2596006393432617
19f1bec6-eeb7-4133-accc-992d745fef89,scprint,scPRINT,2500,402,0.38350218534469604,0.3577520549297333,1.8620307445526123,4.594433307647705
19f1bec6-eeb7-4133-accc-992d745fef89,cellplm,CellPLM,2500,402,0.3965129256248474,0.37678050994873047,1.810213327407837,4.610349178314209
19f1bec6-eeb7-4133-accc-992d745fef89,sctrilemma,scTrilemma,2500,402,0.6820921301841736,0.5965242385864258,1.895370364189148,4.844966888427734
1a9f3b38-b86d-416d-bbdc-9058ad3ff42d,scvi,scVI,2500,335,0.23868153989315033,0.2357153445482254,1.7882213592529297,3.9420394897460938
1a9f3b38-b86d-416d-bbdc-9058ad3ff42d,scprint,scPRINT,2500,335,0.39426544308662415,0.40390604734420776,2.2528913021087646,6.4596147537231445
1a9f3b38-b86d-416d-bbdc-9058ad3ff42d,cellplm,CellPLM,2500,335,0.35735222697257996,0.35568302869796753,2.119765043258667,6.012409687042236
1a9f3b38-b86d-416d-bbdc-9058ad3ff42d,sctrilemma,scTrilemma,2500,335,0.5607858300209045,0.5167568922042847,2.336897611618042,6.92768669128418
1ab4ebbc-18d6-4838-89c2-cdc5b10accfb,scvi,scVI,2500,863,0.4873424768447876,0.42911434173583984,1.078102469444275,1.7010174989700317
1ab4ebbc-18d6-4838-89c2-cdc5b10accfb,scprint,scPRINT,2500,863,0.5504838824272156,0.5243870615959167,1.1590113639831543,1.9787726402282715
1ab4ebbc-18d6-4838-89c2-cdc5b10accfb,cellplm,CellPLM,2500,863,0.6163596510887146,0.527244508266449,0.9750562906265259,1.7161129713058472
1ab4ebbc-18d6-4838-89c2-cdc5b10accfb,sctrilemma,scTrilemma,2500,863,0.6960967779159546,0.5912284255027771,1.4205763339996338,2.761625051498413
1b350d0a-4535-4879-beb6-1142f3f94947,scvi,scVI,2500,518,0.48616692423820496,0.41696521639823914,1.313315987586975,2.2473814487457275
1b350d0a-4535-4879-beb6-1142f3f94947,scprint,scPRINT,2500,518,0.6130309700965881,0.5750338435173035,1.3557806015014648,2.831547498703003
1b350d0a-4535-4879-beb6-1142f3f94947,cellplm,CellPLM,2500,518,0.6666587591171265,0.5697637796401978,1.220438003540039,2.118246555328369
1b350d0a-4535-4879-beb6-1142f3f94947,sctrilemma,scTrilemma,2500,518,0.7594530582427979,0.6421586871147156,1.469157099723816,3.1392822265625
203025fe-fa99-4d57-81da-458ed8f0c334,scvi,scVI,2500,437,0.3228226602077484,0.3005428612232208,1.5787792205810547,3.2048373222351074
203025fe-fa99-4d57-81da-458ed8f0c334,scprint,scPRINT,2500,437,0.44573304057121277,0.4115186333656311,1.9821981191635132,5.178188323974609
203025fe-fa99-4d57-81da-458ed8f0c334,cellplm,CellPLM,2500,437,0.4901430904865265,0.4539998471736908,1.710317850112915,4.189579486846924
203025fe-fa99-4d57-81da-458ed8f0c334,sctrilemma,scTrilemma,2500,437,0.6164713501930237,0.5442289113998413,2.0693142414093018,5.527384281158447
21722308-5091-4b63-9c07-4f116ab9a7b3,scvi,scVI,2500,1175,0.49997156858444214,0.42983415722846985,0.9735907316207886,1.4101531505584717
21722308-5091-4b63-9c07-4f116ab9a7b3,scprint,scPRINT,2500,1175,0.5478318929672241,0.4055062532424927,1.0670738220214844,1.7351502180099487
21722308-5091-4b63-9c07-4f116ab9a7b3,cellplm,CellPLM,2500,1175,0.6749927401542664,0.5917531251907349,0.8074909448623657,1.1521953344345093
21722308-5091-4b63-9c07-4f116ab9a7b3,sctrilemma,scTrilemma,2500,1175,0.7460523247718811,0.6025823950767517,1.1303695440292358,1.7306337356567383
27d3952f-fbbc-497d-98d1-f37f3d555235,scvi,scVI,2500,241,0.3934708535671234,0.36547860503196716,1.757246732711792,3.771897554397583
27d3952f-fbbc-497d-98d1-f37f3d555235,scprint,scPRINT,2500,241,0.4954753816127777,0.5192479491233826,1.9064656496047974,5.583006381988525
27d3952f-fbbc-497d-98d1-f37f3d555235,cellplm,CellPLM,2500,241,0.5463922619819641,0.5166647434234619,1.7600170373916626,4.335066795349121
27d3952f-fbbc-497d-98d1-f37f3d555235,sctrilemma,scTrilemma,2500,241,0.7528635263442993,0.7188813090324402,1.8333390951156616,5.141316890716553
30c2a6fd-d547-460f-a5e7-44c62a2af7ad,scvi,scVI,2500,274,0.4443015456199646,0.40091565251350403,1.6918995380401611,3.454184055328369
30c2a6fd-d547-460f-a5e7-44c62a2af7ad,scprint,scPRINT,2500,274,0.5059326887130737,0.5531119108200073,1.9064717292785645,5.22608757019043
30c2a6fd-d547-460f-a5e7-44c62a2af7ad,cellplm,CellPLM,2500,274,0.5540701746940613,0.5039885640144348,1.699758768081665,4.015157699584961
30c2a6fd-d547-460f-a5e7-44c62a2af7ad,sctrilemma,scTrilemma,2500,274,0.7306371331214905,0.6780123710632324,1.928733229637146,5.386507511138916
322c816f-608a-4da1-99c4-36ca4ad45146,scvi,scVI,2500,615,0.21998921036720276,0.2108425796031952,1.4555308818817139,2.86112904548645
322c816f-608a-4da1-99c4-36ca4ad45146,scprint,scPRINT,2500,615,0.45365408062934875,0.4196532964706421,1.5787074565887451,3.469172954559326
322c816f-608a-4da1-99c4-36ca4ad45146,cellplm,CellPLM,2500,615,0.4765995442867279,0.42703181505203247,1.490001916885376,3.170809030532837
322c816f-608a-4da1-99c4-36ca4ad45146,sctrilemma,scTrilemma,2500,615,0.6579168438911438,0.5536158084869385,1.693356990814209,3.848809003829956
3a702020-cf66-4ef5-9d11-4a5e835b7efb,scvi,scVI,2500,519,0.21129357814788818,0.20304587483406067,1.5884082317352295,3.253129005432129
3a702020-cf66-4ef5-9d11-4a5e835b7efb,scprint,scPRINT,2500,519,0.39645227789878845,0.376630961894989,1.8452643156051636,4.533967971801758
3a702020-cf66-4ef5-9d11-4a5e835b7efb,cellplm,CellPLM,2500,519,0.3368408977985382,0.32093507051467896,1.8332501649856567,4.523751735687256
3a702020-cf66-4ef5-9d11-4a5e835b7efb,sctrilemma,scTrilemma,2500,519,0.5459690690040588,0.47577181458473206,1.9516695737838745,4.970841884613037
3bfd5174-5b49-4e58-b233-ed0f4edd0bec,scvi,scVI,2500,324,0.3697456121444702,0.33695459365844727,1.662693977355957,3.415498971939087
3bfd5174-5b49-4e58-b233-ed0f4edd0bec,scprint,scPRINT,2500,324,0.5364115834236145,0.5575046539306641,1.787899374961853,4.712368011474609
3bfd5174-5b49-4e58-b233-ed0f4edd0bec,cellplm,CellPLM,2500,324,0.47250276803970337,0.4312182366847992,1.6892019510269165,4.263466835021973
3bfd5174-5b49-4e58-b233-ed0f4edd0bec,sctrilemma,scTrilemma,2500,324,0.6736955642700195,0.5941016674041748,2.012848138809204,5.628971576690674
3c364ffe-d599-44d5-a77f-6c5fd7038cf6,scvi,scVI,2500,536,0.24819940328598022,0.23710882663726807,1.5195953845977783,3.043808937072754
3c364ffe-d599-44d5-a77f-6c5fd7038cf6,scprint,scPRINT,2500,536,0.42551669478416443,0.4010125696659088,1.790921688079834,4.263335227966309
3c364ffe-d599-44d5-a77f-6c5fd7038cf6,cellplm,CellPLM,2500,536,0.4437188506126404,0.4080435335636139,1.6536036729812622,3.834226131439209
3c364ffe-d599-44d5-a77f-6c5fd7038cf6,sctrilemma,scTrilemma,2500,536,0.6199095249176025,0.5288382172584534,1.8893482685089111,4.654372692108154
3cb646ab-d411-4e5b-89eb-082a786c953b,scvi,scVI,2500,459,0.5083942413330078,0.4322970509529114,1.3357040882110596,2.2815098762512207
3cb646ab-d411-4e5b-89eb-082a786c953b,scprint,scPRINT,2500,459,0.5782629251480103,0.5668236613273621,1.4159424304962158,3.054309129714966
3cb646ab-d411-4e5b-89eb-082a786c953b,cellplm,CellPLM,2500,459,0.6488853096961975,0.5572823882102966,1.2414721250534058,2.2203738689422607
3cb646ab-d411-4e5b-89eb-082a786c953b,sctrilemma,scTrilemma,2500,459,0.7421596050262451,0.6446517705917358,1.5224337577819824,3.4437036514282227
3e55180c-780a-4424-9434-5296640ffc0d,scvi,scVI,2500,918,0.3830862045288086,0.3560831844806671,1.1284362077713013,1.834357738494873
3e55180c-780a-4424-9434-5296640ffc0d,scprint,scPRINT,2500,918,0.533695638179779,0.43757277727127075,1.1464351415634155,2.002258539199829
3e55180c-780a-4424-9434-5296640ffc0d,cellplm,CellPLM,2500,918,0.5391833782196045,0.4412122070789337,1.0823793411254883,1.7579658031463623
3e55180c-780a-4424-9434-5296640ffc0d,sctrilemma,scTrilemma,2500,918,0.6932679414749146,0.5659263730049133,1.2102705240249634,2.1061933040618896
420d0f5d-b7ba-4b1e-88d0-44e9f733febd,scvi,scVI,2500,466,0.5081275105476379,0.432571679353714,1.328060507774353,2.258890151977539
420d0f5d-b7ba-4b1e-88d0-44e9f733febd,scprint,scPRINT,2500,466,0.572094738483429,0.5567849278450012,1.4122945070266724,3.0498318672180176
420d0f5d-b7ba-4b1e-88d0-44e9f733febd,cellplm,CellPLM,2500,466,0.6501059532165527,0.558375358581543,1.2327486276626587,2.1906471252441406
420d0f5d-b7ba-4b1e-88d0-44e9f733febd,sctrilemma,scTrilemma,2500,466,0.7403486371040344,0.6439107060432434,1.5098025798797607,3.3993682861328125
4319097a-acae-4124-beed-d1173ffe1464,scvi,scVI,2500,595,0.4233342111110687,0.4187527298927307,1.385387659072876,2.439120292663574
4319097a-acae-4124-beed-d1173ffe1464,scprint,scPRINT,2500,595,0.43753427267074585,0.4712946116924286,1.5168968439102173,3.393433094024658
4319097a-acae-4124-beed-d1173ffe1464,cellplm,CellPLM,2500,595,0.4926549196243286,0.4822908043861389,1.4216080904006958,2.9591751098632812
4319097a-acae-4124-beed-d1173ffe1464,sctrilemma,scTrilemma,2500,595,0.6102882623672485,0.57563316822052,1.5897539854049683,3.6499993801116943
432f3af5-6a79-401f-b315-fb2df789f32c,scvi,scVI,2500,466,0.4173138439655304,0.37011176347732544,1.4589159488677979,2.681504726409912
432f3af5-6a79-401f-b315-fb2df789f32c,scprint,scPRINT,2500,466,0.5874894261360168,0.5867673754692078,1.5263274908065796,3.4675052165985107
432f3af5-6a79-401f-b315-fb2df789f32c,cellplm,CellPLM,2500,466,0.5189371705055237,0.4445338845252991,1.409074306488037,2.960932970046997
432f3af5-6a79-401f-b315-fb2df789f32c,sctrilemma,scTrilemma,2500,466,0.6723905801773071,0.5724349021911621,1.7625489234924316,4.310303688049316
43a1506b-aa9e-46a3-b288-d210f4595ddf,scvi,scVI,2500,729,0.3619901239871979,0.31763094663619995,1.0712685585021973,1.7449755668640137
43a1506b-aa9e-46a3-b288-d210f4595ddf,scprint,scPRINT,2500,729,0.5018270015716553,0.47802889347076416,1.055577039718628,1.7610445022583008
43a1506b-aa9e-46a3-b288-d210f4595ddf,cellplm,CellPLM,2500,729,0.58838951587677,0.4892914891242981,1.1035354137420654,1.9236418008804321
43a1506b-aa9e-46a3-b288-d210f4595ddf,sctrilemma,scTrilemma,2500,729,0.7236672639846802,0.574202835559845,1.2057973146438599,2.1895644664764404
43aa19d2-c723-4822-979d-d2f0239835e0,scvi,scVI,2500,1293,0.5102455019950867,0.42289748787879944,0.9300212264060974,1.358211874961853
43aa19d2-c723-4822-979d-d2f0239835e0,scprint,scPRINT,2500,1293,0.5778602361679077,0.2636997401714325,0.9285913705825806,1.5088557004928589
43aa19d2-c723-4822-979d-d2f0239835e0,cellplm,CellPLM,2500,1293,0.6619752049446106,0.5447898507118225,0.8171119689941406,1.148871660232544
43aa19d2-c723-4822-979d-d2f0239835e0,sctrilemma,scTrilemma,2500,1293,0.7437921166419983,0.557432234287262,1.0733685493469238,1.5162984132766724
46104f0b-9af5-466a-ae0f-56b8dc1969a2,scvi,scVI,2500,465,0.5053524971008301,0.42834892868995667,1.3301327228546143,2.2662570476531982
46104f0b-9af5-466a-ae0f-56b8dc1969a2,scprint,scPRINT,2500,465,0.5766671895980835,0.5621313452720642,1.4113490581512451,3.0420093536376953
46104f0b-9af5-466a-ae0f-56b8dc1969a2,cellplm,CellPLM,2500,465,0.6499695181846619,0.5578644275665283,1.2329444885253906,2.1889026165008545
46104f0b-9af5-466a-ae0f-56b8dc1969a2,sctrilemma,scTrilemma,2500,465,0.7411130666732788,0.6440986394882202,1.5103040933609009,3.397806406021118
47e00f43-6176-44a5-b4d1-f88a1920fcab,scvi,scVI,2500,458,0.510126531124115,0.4335172772407532,1.3334990739822388,2.2724342346191406
47e00f43-6176-44a5-b4d1-f88a1920fcab,scprint,scPRINT,2500,458,0.5671296715736389,0.55731201171875,1.4142639636993408,3.0527048110961914
47e00f43-6176-44a5-b4d1-f88a1920fcab,cellplm,CellPLM,2500,458,0.6500158309936523,0.5583856105804443,1.2352277040481567,2.198915719985962
47e00f43-6176-44a5-b4d1-f88a1920fcab,sctrilemma,scTrilemma,2500,458,0.7421621680259705,0.6472288370132446,1.5084551572799683,3.3981008529663086
4b83f213-b96b-4c87-a884-9b81faddb194,scvi,scVI,2500,623,0.3551842272281647,0.3173403739929199,1.3306859731674194,2.418121814727783
4b83f213-b96b-4c87-a884-9b81faddb194,scprint,scPRINT,2500,623,0.5618921518325806,0.5299138426780701,1.431462049484253,2.997302770614624
4b83f213-b96b-4c87-a884-9b81faddb194,cellplm,CellPLM,2500,623,0.4655657112598419,0.39213061332702637,1.4384193420410156,2.937528133392334
4b83f213-b96b-4c87-a884-9b81faddb194,sctrilemma,scTrilemma,2500,623,0.6683869957923889,0.5568079948425293,1.6067287921905518,3.5239808559417725
527641f0-df64-4c80-957c-a65dccd477bc,scvi,scVI,2500,905,0.5088697075843811,0.43185681104660034,1.0008208751678467,1.4814214706420898
527641f0-df64-4c80-957c-a65dccd477bc,scprint,scPRINT,2500,905,0.5756271481513977,0.48893943428993225,1.037589430809021,1.82086181640625
527641f0-df64-4c80-957c-a65dccd477bc,cellplm,CellPLM,2500,905,0.646011233329773,0.559435248374939,0.9194729328155518,1.3705652952194214
527641f0-df64-4c80-957c-a65dccd477bc,sctrilemma,scTrilemma,2500,905,0.7079699039459229,0.5807622671127319,1.1435765027999878,1.964568018913269
53ce2631-3646-4172-bbd9-38b0a44d8214,scvi,scVI,2500,427,0.3345825970172882,0.31696516275405884,1.5770156383514404,3.138099431991577
53ce2631-3646-4172-bbd9-38b0a44d8214,scprint,scPRINT,2500,427,0.3724392056465149,0.30165550112724304,1.8804115056991577,4.783995151519775
53ce2631-3646-4172-bbd9-38b0a44d8214,cellplm,CellPLM,2500,427,0.5160399079322815,0.4830913841724396,1.5895047187805176,3.636883497238159
53ce2631-3646-4172-bbd9-38b0a44d8214,sctrilemma,scTrilemma,2500,427,0.6892783641815186,0.6235971450805664,1.794785737991333,4.488248348236084
56a4bc14-9407-45fd-8786-f7f6fc87c9dd,scvi,scVI,2500,543,0.3284599184989929,0.29535752534866333,1.4533588886260986,2.796018123626709
56a4bc14-9407-45fd-8786-f7f6fc87c9dd,scprint,scPRINT,2500,543,0.4578551650047302,0.3912372589111328,1.7725011110305786,4.222215175628662
56a4bc14-9407-45fd-8786-f7f6fc87c9dd,cellplm,CellPLM,2500,543,0.5353201627731323,0.4820065200328827,1.4962637424468994,3.288895845413208
56a4bc14-9407-45fd-8786-f7f6fc87c9dd,sctrilemma,scTrilemma,2500,543,0.657232403755188,0.5575453042984009,1.8449605703353882,4.457233905792236
589fe605-6d49-4abe-bff8-1675511c689a,scvi,scVI,2500,795,0.35094764828681946,0.32591360807418823,1.1921720504760742,2.0224039554595947
589fe605-6d49-4abe-bff8-1675511c689a,scprint,scPRINT,2500,795,0.47761234641075134,0.44248974323272705,1.1883339881896973,2.0291378498077393
589fe605-6d49-4abe-bff8-1675511c689a,cellplm,CellPLM,2500,795,0.6159629821777344,0.5170789957046509,1.0311050415039062,1.6622222661972046
589fe605-6d49-4abe-bff8-1675511c689a,sctrilemma,scTrilemma,2500,795,0.7197195887565613,0.5836068391799927,1.2568644285202026,2.2756402492523193
58f43044-cd3c-42b8-bc0b-3498eb236359,scvi,scVI,2500,858,0.4058212339878082,0.35474106669425964,1.1484326124191284,1.8645249605178833
58f43044-cd3c-42b8-bc0b-3498eb236359,scprint,scPRINT,2500,858,0.5178539156913757,0.46647265553474426,1.1548124551773071,1.9459104537963867
58f43044-cd3c-42b8-bc0b-3498eb236359,cellplm,CellPLM,2500,858,0.5565358400344849,0.45801815390586853,1.066585659980774,1.8644580841064453
58f43044-cd3c-42b8-bc0b-3498eb236359,sctrilemma,scTrilemma,2500,858,0.7001851797103882,0.553558349609375,1.388947606086731,2.601912021636963
5a9cfb44-494a-4540-8db8-7143b1bb5a6f,scvi,scVI,2500,192,0.47206181287765503,0.43741297721862793,1.7792664766311646,3.877192735671997
5a9cfb44-494a-4540-8db8-7143b1bb5a6f,scprint,scPRINT,2500,192,0.4798409044742584,0.4985617995262146,2.193002700805664,6.923813819885254
5a9cfb44-494a-4540-8db8-7143b1bb5a6f,cellplm,CellPLM,2500,192,0.5541480779647827,0.5129308104515076,1.968552827835083,5.42758321762085
5a9cfb44-494a-4540-8db8-7143b1bb5a6f,sctrilemma,scTrilemma,2500,192,0.804024875164032,0.7536059021949768,2.0357210636138916,5.996819019317627
5c97eeeb-7e52-44b3-b010-b832b1f5424c,scvi,scVI,2500,955,0.42837780714035034,0.3753885328769684,1.115036964416504,1.8028631210327148
5c97eeeb-7e52-44b3-b010-b832b1f5424c,scprint,scPRINT,2500,955,0.5487629175186157,0.42487606406211853,1.202389121055603,2.213329792022705
5c97eeeb-7e52-44b3-b010-b832b1f5424c,cellplm,CellPLM,2500,955,0.6545146107673645,0.5583259463310242,0.9548135995864868,1.5069187879562378
5c97eeeb-7e52-44b3-b010-b832b1f5424c,sctrilemma,scTrilemma,2500,955,0.7126588821411133,0.5715214610099792,1.2914714813232422,2.326871633529663
5e57cd50-8e42-42d6-940d-5c1660d06864,scvi,scVI,2500,944,0.4289567172527313,0.3777124285697937,1.1225156784057617,1.815718173980713
5e57cd50-8e42-42d6-940d-5c1660d06864,scprint,scPRINT,2500,944,0.5449416637420654,0.4242928624153137,1.21342134475708,2.2404427528381348
5e57cd50-8e42-42d6-940d-5c1660d06864,cellplm,CellPLM,2500,944,0.6423043608665466,0.5526683926582336,0.9823092222213745,1.5827182531356812
5e57cd50-8e42-42d6-940d-5c1660d06864,sctrilemma,scTrilemma,2500,944,0.704634428024292,0.5676599740982056,1.2967091798782349,2.3496601581573486
5ed90bc0-12f3-4354-b314-0ce0dbb96458,scvi,scVI,2500,806,0.44677409529685974,0.3934631645679474,1.1713178157806396,1.904808521270752
5ed90bc0-12f3-4354-b314-0ce0dbb96458,scprint,scPRINT,2500,806,0.507659375667572,0.4451460838317871,1.2754837274551392,2.388962507247925
5ed90bc0-12f3-4354-b314-0ce0dbb96458,cellplm,CellPLM,2500,806,0.5938988327980042,0.5158727169036865,1.0892478227615356,1.9191728830337524
5ed90bc0-12f3-4354-b314-0ce0dbb96458,sctrilemma,scTrilemma,2500,806,0.7192676663398743,0.5807579159736633,1.3934463262557983,2.647362232208252
5fde5c9c-5b1e-4df5-982a-3f8e7635161f,scvi,scVI,2500,475,0.5071800947189331,0.42917191982269287,1.3208191394805908,2.235076904296875
5fde5c9c-5b1e-4df5-982a-3f8e7635161f,scprint,scPRINT,2500,475,0.5800595879554749,0.5603495240211487,1.3966302871704102,2.985912561416626
5fde5c9c-5b1e-4df5-982a-3f8e7635161f,cellplm,CellPLM,2500,475,0.6509413719177246,0.5585278868675232,1.2228944301605225,2.1525232791900635
5fde5c9c-5b1e-4df5-982a-3f8e7635161f,sctrilemma,scTrilemma,2500,475,0.738980770111084,0.6412733197212219,1.4992799758911133,3.353189468383789
60a29d0b-1a37-4447-ac32-00d701580b47,scvi,scVI,2500,568,0.3903634548187256,0.33670616149902344,1.313682198524475,2.338087320327759
60a29d0b-1a37-4447-ac32-00d701580b47,scprint,scPRINT,2500,568,0.5194129943847656,0.5044868588447571,1.4356597661972046,3.1124684810638428
60a29d0b-1a37-4447-ac32-00d701580b47,cellplm,CellPLM,2500,568,0.5934193134307861,0.5145352482795715,1.245017170906067,2.448012351989746
60a29d0b-1a37-4447-ac32-00d701580b47,sctrilemma,scTrilemma,2500,568,0.7059988975524902,0.5895064473152161,1.6471706628799438,3.6631886959075928
61af564d-e5ea-4d34-a0f3-2668a00db376,scvi,scVI,2500,315,0.22966620326042175,0.21807342767715454,1.8173539638519287,4.015191555023193
61af564d-e5ea-4d34-a0f3-2668a00db376,scprint,scPRINT,2500,315,0.408018559217453,0.42048129439353943,2.230424165725708,6.462032318115234
61af564d-e5ea-4d34-a0f3-2668a00db376,cellplm,CellPLM,2500,315,0.34629568457603455,0.3402542471885681,2.194903612136841,6.387617111206055
61af564d-e5ea-4d34-a0f3-2668a00db376,sctrilemma,scTrilemma,2500,315,0.5505020618438721,0.507540225982666,2.383409261703491,7.258078575134277
61d327d1-2227-4c5f-9367-e3559dc79b07,scvi,scVI,796,402,0.34105953574180603,0.31355389952659607,1.3868070840835571,2.6695241928100586
61d327d1-2227-4c5f-9367-e3559dc79b07,scprint,scPRINT,796,402,0.4235585331916809,0.4065249562263489,1.4927037954330444,3.3427343368530273
61d327d1-2227-4c5f-9367-e3559dc79b07,cellplm,CellPLM,796,402,0.5327380895614624,0.4677905738353729,1.4110710620880127,2.9730753898620605
61d327d1-2227-4c5f-9367-e3559dc79b07,sctrilemma,scTrilemma,796,402,0.6778079867362976,0.5681349635124207,1.6572678089141846,4.004641532897949
64267fb5-7b70-4705-a13b-cc38966c22a8,scvi,scVI,2500,694,0.3200429677963257,0.31711483001708984,1.3502951860427856,2.406033515930176
64267fb5-7b70-4705-a13b-cc38966c22a8,scprint,scPRINT,2500,694,0.5368626713752747,0.5103697180747986,1.387265682220459,2.7837064266204834
64267fb5-7b70-4705-a13b-cc38966c22a8,cellplm,CellPLM,2500,694,0.4405643939971924,0.36158162355422974,1.3630261421203613,2.6087002754211426
64267fb5-7b70-4705-a13b-cc38966c22a8,sctrilemma,scTrilemma,2500,694,0.6372028589248657,0.5460174083709717,1.4794820547103882,3.0881030559539795
67b6b9ac-b841-42ce-b2d4-ed2ec12327bd,scvi,scVI,2500,489,0.2959490120410919,0.289158433675766,1.5957785844802856,3.156315803527832
67b6b9ac-b841-42ce-b2d4-ed2ec12327bd,scprint,scPRINT,2500,489,0.4287232756614685,0.43072977662086487,1.8309139013290405,4.53415060043335
67b6b9ac-b841-42ce-b2d4-ed2ec12327bd,cellplm,CellPLM,2500,489,0.44610595703125,0.4372336268424988,1.7171921730041504,4.132673740386963
67b6b9ac-b841-42ce-b2d4-ed2ec12327bd,sctrilemma,scTrilemma,2500,489,0.5566186308860779,0.5119485855102539,1.9746617078781128,5.1196064949035645
6fc37633-13f5-4bf0-af95-52808143bffd,scvi,scVI,2500,675,0.337019681930542,0.3130337595939636,1.2814610004425049,2.368875741958618
6fc37633-13f5-4bf0-af95-52808143bffd,scprint,scPRINT,2500,675,0.5584837198257446,0.521429181098938,1.2844732999801636,2.5351247787475586
6fc37633-13f5-4bf0-af95-52808143bffd,cellplm,CellPLM,2500,675,0.5300424695014954,0.4337294399738312,1.2382683753967285,2.1978323459625244
6fc37633-13f5-4bf0-af95-52808143bffd,sctrilemma,scTrilemma,2500,675,0.6905114054679871,0.5868064761161804,1.3846838474273682,2.771186351776123
75011e96-ba37-4977-a539-fbf9f66a5e37,scvi,scVI,2500,372,0.39552199840545654,0.3694073259830475,1.5755796432495117,3.2469074726104736
75011e96-ba37-4977-a539-fbf9f66a5e37,scprint,scPRINT,2500,372,0.45275935530662537,0.4689132571220398,1.8826038837432861,4.9535136222839355
75011e96-ba37-4977-a539-fbf9f66a5e37,cellplm,CellPLM,2500,372,0.5541703701019287,0.5172662734985352,1.6521549224853516,3.952512502670288
75011e96-ba37-4977-a539-fbf9f66a5e37,sctrilemma,scTrilemma,2500,372,0.7628800868988037,0.6967994570732117,1.8124109506607056,4.575280666351318
781cc817-3fd0-487c-a55a-b47b2786a05d,scvi,scVI,2500,979,0.33825889229774475,0.29392874240875244,0.9992543458938599,1.5115097761154175
781cc817-3fd0-487c-a55a-b47b2786a05d,scprint,scPRINT,2500,979,0.5366381406784058,0.4727964699268341,0.9072437882423401,1.2599036693572998
781cc817-3fd0-487c-a55a-b47b2786a05d,cellplm,CellPLM,2500,979,0.5955279469490051,0.47881630063056946,0.9396132826805115,1.4154057502746582
781cc817-3fd0-487c-a55a-b47b2786a05d,sctrilemma,scTrilemma,2500,979,0.7160153388977051,0.5439383387565613,1.0643455982208252,1.6890374422073364
79884ae5-e026-4d4a-858f-e807960bd4f7,scvi,scVI,2500,183,0.4123002290725708,0.38832756876945496,1.8650343418121338,4.1868577003479
79884ae5-e026-4d4a-858f-e807960bd4f7,scprint,scPRINT,2500,183,0.5102622509002686,0.5437266230583191,2.0393340587615967,6.465063095092773
79884ae5-e026-4d4a-858f-e807960bd4f7,cellplm,CellPLM,2500,183,0.5458981990814209,0.5333890318870544,1.874017357826233,5.036961555480957
79884ae5-e026-4d4a-858f-e807960bd4f7,sctrilemma,scTrilemma,2500,183,0.779219925403595,0.7587531208992004,1.9214192628860474,5.718118667602539
8058d760-09e6-4bdd-86a1-36917ffca3ef,scvi,scVI,2500,371,0.21186979115009308,0.21376727521419525,1.7182934284210205,3.7555370330810547
8058d760-09e6-4bdd-86a1-36917ffca3ef,scprint,scPRINT,2500,371,0.41412869095802307,0.43280673027038574,2.143183708190918,5.99538516998291
8058d760-09e6-4bdd-86a1-36917ffca3ef,cellplm,CellPLM,2500,371,0.3327394723892212,0.329387903213501,2.0819318294525146,5.84763240814209
8058d760-09e6-4bdd-86a1-36917ffca3ef,sctrilemma,scTrilemma,2500,371,0.4630133807659149,0.4476753771305084,2.32502818107605,6.816697597503662
829a3cd1-a466-49f1-b2e9-d3f6b7f392e2,scvi,scVI,2500,723,0.37292978167533875,0.3175811469554901,1.1351555585861206,1.947383999824524
829a3cd1-a466-49f1-b2e9-d3f6b7f392e2,scprint,scPRINT,2500,723,0.47466689348220825,0.4657556414604187,1.212823510169983,2.2118990421295166
829a3cd1-a466-49f1-b2e9-d3f6b7f392e2,cellplm,CellPLM,2500,723,0.6057959198951721,0.5132560133934021,1.138360619544983,2.0271880626678467
829a3cd1-a466-49f1-b2e9-d3f6b7f392e2,sctrilemma,scTrilemma,2500,723,0.691167414188385,0.5423067212104797,1.4304522275924683,2.8841559886932373
84cfa5aa-a0d1-415e-ac47-eb66c9cf8170,scvi,scVI,2500,580,0.4668459892272949,0.39570751786231995,1.2150417566299438,2.078784704208374
84cfa5aa-a0d1-415e-ac47-eb66c9cf8170,scprint,scPRINT,2500,580,0.5019996762275696,0.49032849073410034,1.3300248384475708,2.57668399810791
84cfa5aa-a0d1-415e-ac47-eb66c9cf8170,cellplm,CellPLM,2500,580,0.6136531233787537,0.5107855200767517,1.1198487281799316,2.0754261016845703
84cfa5aa-a0d1-415e-ac47-eb66c9cf8170,sctrilemma,scTrilemma,2500,580,0.7561370730400085,0.6279522180557251,1.5133782625198364,3.1837000846862793
8560f809-5794-484e-9152-b63efa91d134,scvi,scVI,2500,570,0.3929155766963959,0.3424483835697174,1.3485411405563354,2.4223673343658447
8560f809-5794-484e-9152-b63efa91d134,scprint,scPRINT,2500,570,0.5004967451095581,0.4654879868030548,1.5034165382385254,3.315549850463867
8560f809-5794-484e-9152-b63efa91d134,cellplm,CellPLM,2500,570,0.5391870737075806,0.4683467745780945,1.3500096797943115,2.752808094024658
8560f809-5794-484e-9152-b63efa91d134,sctrilemma,scTrilemma,2500,570,0.7339980602264404,0.6097456812858582,1.5773305892944336,3.4198875427246094
867757c1-3b1a-49d9-a0cd-17767eb160cc,scvi,scVI,2500,209,0.19682124257087708,0.19456563889980316,1.986631155014038,4.792903423309326
867757c1-3b1a-49d9-a0cd-17767eb160cc,scprint,scPRINT,2500,209,0.4108765423297882,0.435857892036438,2.547065496444702,8.325677871704102
867757c1-3b1a-49d9-a0cd-17767eb160cc,cellplm,CellPLM,2500,209,0.3421085774898529,0.3398238718509674,2.5064775943756104,8.242899894714355
867757c1-3b1a-49d9-a0cd-17767eb160cc,sctrilemma,scTrilemma,2500,209,0.5349224209785461,0.4934512674808502,2.664067029953003,9.09750747680664
881e0e6b-a185-45f1-9b56-81606e91e7ff,scvi,scVI,2500,553,0.4522269368171692,0.3975426256656647,1.276708960533142,2.2366890907287598
881e0e6b-a185-45f1-9b56-81606e91e7ff,scprint,scPRINT,2500,553,0.5528457760810852,0.5041134357452393,1.402775764465332,2.949382781982422
881e0e6b-a185-45f1-9b56-81606e91e7ff,cellplm,CellPLM,2500,553,0.6415141820907593,0.5678275227546692,1.1839908361434937,2.192668914794922
881e0e6b-a185-45f1-9b56-81606e91e7ff,sctrilemma,scTrilemma,2500,553,0.7713949084281921,0.653637170791626,1.475967288017273,3.090318441390991
8ef06ea4-8d0f-4303-a652-7d4604402b1f,scvi,scVI,2500,587,0.3770272433757782,0.3283695578575134,1.3544026613235474,2.43939208984375
8ef06ea4-8d0f-4303-a652-7d4604402b1f,scprint,scPRINT,2500,587,0.46053314208984375,0.4306252896785736,1.5345211029052734,3.386467456817627
8ef06ea4-8d0f-4303-a652-7d4604402b1f,cellplm,CellPLM,2500,587,0.5238766670227051,0.45106303691864014,1.3391108512878418,2.7398874759674072
8ef06ea4-8d0f-4303-a652-7d4604402b1f,sctrilemma,scTrilemma,2500,587,0.7097859978675842,0.5810164213180542,1.6395307779312134,3.6307590007781982
8f3e7fcf-0b16-4a29-a5f1-a7a8b267d689,scvi,scVI,2500,799,0.45950087904930115,0.39515912532806396,1.1230242252349854,1.8151116371154785
8f3e7fcf-0b16-4a29-a5f1-a7a8b267d689,scprint,scPRINT,2500,799,0.5689713358879089,0.4875100553035736,1.2193158864974976,2.280235528945923
8f3e7fcf-0b16-4a29-a5f1-a7a8b267d689,cellplm,CellPLM,2500,799,0.6579949855804443,0.5656469464302063,1.0057032108306885,1.6624038219451904
8f3e7fcf-0b16-4a29-a5f1-a7a8b267d689,sctrilemma,scTrilemma,2500,799,0.7562103271484375,0.6165682673454285,1.324775218963623,2.4352622032165527
8ff0cef9-393e-43de-9722-a1e12c239727,scvi,scVI,2500,329,0.4237707853317261,0.3925574719905853,1.6278446912765503,3.294206380844116
8ff0cef9-393e-43de-9722-a1e12c239727,scprint,scPRINT,2500,329,0.5528289675712585,0.5761788487434387,1.8019136190414429,4.821340560913086
8ff0cef9-393e-43de-9722-a1e12c239727,cellplm,CellPLM,2500,329,0.5475004315376282,0.5097219347953796,1.6052002906799316,3.563988447189331
8ff0cef9-393e-43de-9722-a1e12c239727,sctrilemma,scTrilemma,2500,329,0.7040806412696838,0.6536027193069458,1.8720331192016602,5.054652690887451
95d3b0fb-b8a7-4bec-a2e8-cded3222ff07,scvi,scVI,2500,891,0.4114114046096802,0.35560259222984314,1.1584354639053345,1.9081885814666748
95d3b0fb-b8a7-4bec-a2e8-cded3222ff07,scprint,scPRINT,2500,891,0.5289285778999329,0.3986230790615082,1.2621465921401978,2.3698136806488037
95d3b0fb-b8a7-4bec-a2e8-cded3222ff07,cellplm,CellPLM,2500,891,0.6986436247825623,0.5971899032592773,0.9386906027793884,1.429604411125183
95d3b0fb-b8a7-4bec-a2e8-cded3222ff07,sctrilemma,scTrilemma,2500,891,0.7378572821617126,0.6054356098175049,1.3351850509643555,2.4391860961914062
963a08cb-d995-4862-9614-f9d38a7d7540,scvi,scVI,2500,657,0.27827396988868713,0.26813018321990967,1.3704274892807007,2.5520317554473877
963a08cb-d995-4862-9614-f9d38a7d7540,scprint,scPRINT,2500,657,0.4107189476490021,0.364549845457077,1.4191641807556152,2.9505088329315186
963a08cb-d995-4862-9614-f9d38a7d7540,cellplm,CellPLM,2500,657,0.4100727438926697,0.3678808808326721,1.4734004735946655,3.1293938159942627
963a08cb-d995-4862-9614-f9d38a7d7540,sctrilemma,scTrilemma,2500,657,0.6412011981010437,0.5000331997871399,1.4788554906845093,3.088848114013672
978a566a-dc27-478d-b306-26daba116c1f,scvi,scVI,2500,364,0.20267103612422943,0.19757719337940216,1.7658562660217285,3.871654987335205
978a566a-dc27-478d-b306-26daba116c1f,scprint,scPRINT,2500,364,0.3777899742126465,0.3706580102443695,2.204272508621216,6.197178840637207
978a566a-dc27-478d-b306-26daba116c1f,cellplm,CellPLM,2500,364,0.32329410314559937,0.3170076608657837,2.094153881072998,5.820986270904541
978a566a-dc27-478d-b306-26daba116c1f,sctrilemma,scTrilemma,2500,364,0.5298618078231812,0.47641491889953613,2.2696456909179688,6.57918643951416
98219f72-0f9a-4de9-a859-c81834f24ab1,scvi,scVI,2500,54,0.07306325435638428,0.07830588519573212,2.4078009128570557,7.532993793487549
98219f72-0f9a-4de9-a859-c81834f24ab1,scprint,scPRINT,2500,54,0.4996640384197235,0.5394383072853088,3.70473575592041,17.304845809936523
98219f72-0f9a-4de9-a859-c81834f24ab1,cellplm,CellPLM,2500,54,0.1265225112438202,0.14556969702243805,3.9213175773620605,18.805036544799805
98219f72-0f9a-4de9-a859-c81834f24ab1,sctrilemma,scTrilemma,2500,54,0.49737557768821716,0.46061649918556213,3.8795056343078613,18.4874324798584
9f1a899f-05a0-44c5-8aa9-39df61ae4324,scvi,scVI,2500,470,0.25994551181793213,0.24651247262954712,1.6022603511810303,3.237849235534668
9f1a899f-05a0-44c5-8aa9-39df61ae4324,scprint,scPRINT,2500,470,0.39747363328933716,0.35917314887046814,1.9092063903808594,4.757443904876709
9f1a899f-05a0-44c5-8aa9-39df61ae4324,cellplm,CellPLM,2500,470,0.47932127118110657,0.4518335461616516,1.6796770095825195,3.9947071075439453
9f1a899f-05a0-44c5-8aa9-39df61ae4324,sctrilemma,scTrilemma,2500,470,0.5958837866783142,0.5263818502426147,1.9678916931152344,5.0464277267456055
a24ce10f-5a87-4e1f-a34a-f4fe5fc84052,scvi,scVI,2500,963,0.4719078540802002,0.40496277809143066,1.0392823219299316,1.6269351243972778
a24ce10f-5a87-4e1f-a34a-f4fe5fc84052,scprint,scPRINT,2500,963,0.5603146553039551,0.4195530116558075,1.1361873149871826,2.0906484127044678
a24ce10f-5a87-4e1f-a34a-f4fe5fc84052,cellplm,CellPLM,2500,963,0.6857617497444153,0.5800719857215881,0.8870106339454651,1.3471698760986328
a24ce10f-5a87-4e1f-a34a-f4fe5fc84052,sctrilemma,scTrilemma,2500,963,0.7349044680595398,0.5835320949554443,1.2390508651733398,2.1929705142974854
a2c833f7-b7f1-4f4d-ad31-cae478b601b7,scvi,scVI,2500,450,0.26414304971694946,0.2494855374097824,1.6233927011489868,3.3774547576904297
a2c833f7-b7f1-4f4d-ad31-cae478b601b7,scprint,scPRINT,2500,450,0.463380366563797,0.4435046911239624,1.9694406986236572,5.017165184020996
a2c833f7-b7f1-4f4d-ad31-cae478b601b7,cellplm,CellPLM,2500,450,0.48088493943214417,0.44151297211647034,1.7067601680755615,4.064659595489502
a2c833f7-b7f1-4f4d-ad31-cae478b601b7,sctrilemma,scTrilemma,2500,450,0.6466097235679626,0.5678252577781677,2.041080951690674,5.3308329582214355
aa32098f-f7b0-43f2-a00a-601d190aae94,scvi,scVI,2500,463,0.5125648379325867,0.43375033140182495,1.326025128364563,2.2498130798339844
aa32098f-f7b0-43f2-a00a-601d190aae94,scprint,scPRINT,2500,463,0.5820990204811096,0.565554141998291,1.4003196954727173,2.998530864715576
aa32098f-f7b0-43f2-a00a-601d190aae94,cellplm,CellPLM,2500,463,0.6552804708480835,0.5622511506080627,1.2256320714950562,2.163203239440918
aa32098f-f7b0-43f2-a00a-601d190aae94,sctrilemma,scTrilemma,2500,463,0.7443351149559021,0.647105872631073,1.5018022060394287,3.366150379180908
aa369999-a034-4ad9-b459-8a93c86ea77b,scvi,scVI,2500,686,0.36941713094711304,0.3336889147758484,1.3181530237197876,2.342327833175659
aa369999-a034-4ad9-b459-8a93c86ea77b,scprint,scPRINT,2500,686,0.48089396953582764,0.41349324584007263,1.471851110458374,3.114360809326172
aa369999-a034-4ad9-b459-8a93c86ea77b,cellplm,CellPLM,2500,686,0.5224003195762634,0.4562758803367615,1.348836064338684,2.6524393558502197
aa369999-a034-4ad9-b459-8a93c86ea77b,sctrilemma,scTrilemma,2500,686,0.6990652680397034,0.5810739398002625,1.521730899810791,3.188979387283325
acd544d0-4d8b-46c7-98b3-fc48f7e6fdb7,scvi,scVI,2500,278,0.21684163808822632,0.21034565567970276,1.8988209962844849,4.418859958648682
acd544d0-4d8b-46c7-98b3-fc48f7e6fdb7,scprint,scPRINT,2500,278,0.39664608240127563,0.42679423093795776,2.4327869415283203,7.3352556228637695
acd544d0-4d8b-46c7-98b3-fc48f7e6fdb7,cellplm,CellPLM,2500,278,0.32160255312919617,0.32330068945884705,2.3149523735046387,7.059299945831299
acd544d0-4d8b-46c7-98b3-fc48f7e6fdb7,sctrilemma,scTrilemma,2500,278,0.5578427314758301,0.5047770142555237,2.5654067993164062,8.173360824584961
aecc2743-4ff2-4b55-ac8c-a1ff76fc4bb4,scvi,scVI,2500,283,0.37270984053611755,0.36055076122283936,1.6523914337158203,3.579303026199341
aecc2743-4ff2-4b55-ac8c-a1ff76fc4bb4,scprint,scPRINT,2500,283,0.5253909230232239,0.5524168610572815,1.7726967334747314,4.725486755371094
aecc2743-4ff2-4b55-ac8c-a1ff76fc4bb4,cellplm,CellPLM,2500,283,0.5248246192932129,0.473450243473053,1.7306513786315918,4.272873878479004
aecc2743-4ff2-4b55-ac8c-a1ff76fc4bb4,sctrilemma,scTrilemma,2500,283,0.7138293981552124,0.6503766179084778,1.8761508464813232,5.131598949432373
afae4675-434d-4e89-b5ce-2854c9dc38a3,scvi,scVI,2500,738,0.24516093730926514,0.2315029501914978,1.4352402687072754,2.6719722747802734
afae4675-434d-4e89-b5ce-2854c9dc38a3,scprint,scPRINT,2500,738,0.4227229952812195,0.3965338170528412,1.6300283670425415,3.479449987411499
afae4675-434d-4e89-b5ce-2854c9dc38a3,cellplm,CellPLM,2500,738,0.3911707401275635,0.3745899796485901,1.5266406536102295,3.2634849548339844
afae4675-434d-4e89-b5ce-2854c9dc38a3,sctrilemma,scTrilemma,2500,738,0.5477362871170044,0.4847697615623474,1.7202205657958984,3.8384242057800293
b617ee1b-f8c8-4de9-b82b-e803ab93550d,scvi,scVI,2500,300,0.44785964488983154,0.40000420808792114,1.5395807027816772,3.0784339904785156
b617ee1b-f8c8-4de9-b82b-e803ab93550d,scprint,scPRINT,2500,300,0.4918819069862366,0.46962615847587585,1.8771384954452515,5.1282548904418945
b617ee1b-f8c8-4de9-b82b-e803ab93550d,cellplm,CellPLM,2500,300,0.5947513580322266,0.5418421626091003,1.5804221630096436,3.7818427085876465
b617ee1b-f8c8-4de9-b82b-e803ab93550d,sctrilemma,scTrilemma,2500,300,0.7735310196876526,0.6900259852409363,1.8420137166976929,4.7853546142578125
c838aec3-03ef-4398-b882-0e3912abfff0,scvi,scVI,2500,559,0.5054513812065125,0.4230145514011383,1.2430351972579956,2.024158000946045
c838aec3-03ef-4398-b882-0e3912abfff0,scprint,scPRINT,2500,559,0.6420584917068481,0.5856211185455322,1.2535748481750488,2.4827613830566406
c838aec3-03ef-4398-b882-0e3912abfff0,cellplm,CellPLM,2500,559,0.7004973292350769,0.5942797660827637,1.0982439517974854,1.7476747035980225
c838aec3-03ef-4398-b882-0e3912abfff0,sctrilemma,scTrilemma,2500,559,0.7606567144393921,0.6477421522140503,1.3548046350479126,2.750563859939575
cee9b331-3ba0-4461-8bbd-867819d9fc0a,scvi,scVI,2500,907,0.5328981280326843,0.4542710781097412,0.9780164957046509,1.4162590503692627
cee9b331-3ba0-4461-8bbd-867819d9fc0a,scprint,scPRINT,2500,907,0.582876443862915,0.48672860860824585,1.0137966871261597,1.7475132942199707
cee9b331-3ba0-4461-8bbd-867819d9fc0a,cellplm,CellPLM,2500,907,0.6675073504447937,0.5782349705696106,0.8922904133796692,1.290456771850586
cee9b331-3ba0-4461-8bbd-867819d9fc0a,sctrilemma,scTrilemma,2500,907,0.7216275334358215,0.5956388115882874,1.1103622913360596,1.865106463432312
d567b692-c374-4628-a508-8008f6778f22,scvi,scVI,2500,502,0.2771089971065521,0.25702807307243347,1.5336744785308838,3.0712075233459473
d567b692-c374-4628-a508-8008f6778f22,scprint,scPRINT,2500,502,0.41545194387435913,0.3919937014579773,1.895497441291809,4.752808570861816
d567b692-c374-4628-a508-8008f6778f22,cellplm,CellPLM,2500,502,0.45349544286727905,0.4230727553367615,1.716550350189209,4.1396965980529785
d567b692-c374-4628-a508-8008f6778f22,sctrilemma,scTrilemma,2500,502,0.6029379963874817,0.5353878140449524,2.010000467300415,5.159881591796875
d68a8b48-abf0-4bd5-8834-155d34ec448a,scvi,scVI,2500,228,0.2622024714946747,0.2468925267457962,1.9260138273239136,4.466895580291748
d68a8b48-abf0-4bd5-8834-155d34ec448a,scprint,scPRINT,2500,228,0.4080813229084015,0.42519471049308777,2.5543458461761475,8.158967018127441
d68a8b48-abf0-4bd5-8834-155d34ec448a,cellplm,CellPLM,2500,228,0.37783923745155334,0.3684176206588745,2.46081280708313,7.82123327255249
d68a8b48-abf0-4bd5-8834-155d34ec448a,sctrilemma,scTrilemma,2500,228,0.5156397223472595,0.45983144640922546,2.7256503105163574,9.209623336791992
d7cff847-6403-44a6-ad8a-2f5a783639dd,scvi,scVI,2500,1027,0.439545214176178,0.38490867614746094,1.0507255792617798,1.6411967277526855
d7cff847-6403-44a6-ad8a-2f5a783639dd,scprint,scPRINT,2500,1027,0.5576121211051941,0.41635456681251526,1.10162353515625,1.945770502090454
d7cff847-6403-44a6-ad8a-2f5a783639dd,cellplm,CellPLM,2500,1027,0.683133602142334,0.5816225409507751,0.8594349026679993,1.267492413520813
d7cff847-6403-44a6-ad8a-2f5a783639dd,sctrilemma,scTrilemma,2500,1027,0.7209135293960571,0.5734337568283081,1.2098982334136963,2.0610368251800537
de5416ef-bbfa-41f3-99d4-01a3554173f5,scvi,scVI,2500,532,0.49559417366981506,0.4271840751171112,1.2614753246307373,2.1742520332336426
de5416ef-bbfa-41f3-99d4-01a3554173f5,scprint,scPRINT,2500,532,0.6023252010345459,0.5347733497619629,1.386823296546936,3.010366678237915
de5416ef-bbfa-41f3-99d4-01a3554173f5,cellplm,CellPLM,2500,532,0.6440467834472656,0.5660668015480042,1.2061712741851807,2.3117353916168213
de5416ef-bbfa-41f3-99d4-01a3554173f5,sctrilemma,scTrilemma,2500,532,0.7837304472923279,0.6542673707008362,1.50729238986969,3.2337727546691895
e3ed2ba4-edf5-40ac-8750-8a417ad1eefe,scvi,scVI,2500,634,0.4466498792171478,0.38517364859580994,1.2654157876968384,2.177734851837158
e3ed2ba4-edf5-40ac-8750-8a417ad1eefe,scprint,scPRINT,2500,634,0.5243654847145081,0.48472410440444946,1.431598424911499,2.999962568283081
e3ed2ba4-edf5-40ac-8750-8a417ad1eefe,cellplm,CellPLM,2500,634,0.5933132767677307,0.519681990146637,1.2132236957550049,2.2808468341827393
e3ed2ba4-edf5-40ac-8750-8a417ad1eefe,sctrilemma,scTrilemma,2500,634,0.7050070762634277,0.5853750109672546,1.5937427282333374,3.434824228286743
e51bae9a-c747-4b64-904a-4da7cda218ab,scvi,scVI,2500,752,0.4380275309085846,0.35977616906166077,0.9995613098144531,1.4934208393096924
e51bae9a-c747-4b64-904a-4da7cda218ab,scprint,scPRINT,2500,752,0.554186999797821,0.5048229098320007,0.9747314453125,1.5798611640930176
e51bae9a-c747-4b64-904a-4da7cda218ab,cellplm,CellPLM,2500,752,0.643965482711792,0.5383282899856567,0.8936970829963684,1.3613066673278809
e51bae9a-c747-4b64-904a-4da7cda218ab,sctrilemma,scTrilemma,2500,752,0.7312899231910706,0.5684848427772522,1.1816126108169556,2.0021750926971436
e522d2cd-7927-4e59-a4ed-064009569279,scvi,scVI,2500,404,0.5226507782936096,0.44289422035217285,1.3620160818099976,2.3524677753448486
e522d2cd-7927-4e59-a4ed-064009569279,scprint,scPRINT,2500,404,0.5252566337585449,0.5417953729629517,1.4319136142730713,2.8709380626678467
e522d2cd-7927-4e59-a4ed-064009569279,cellplm,CellPLM,2500,404,0.6604938507080078,0.5626839995384216,1.2458982467651367,2.28511381149292
e522d2cd-7927-4e59-a4ed-064009569279,sctrilemma,scTrilemma,2500,404,0.755897045135498,0.6591675877571106,1.573825716972351,3.6774203777313232
e7bd68ab-df49-44df-9b1e-8486114aeeb5,scvi,scVI,2500,509,0.39403942227363586,0.33784252405166626,1.3893980979919434,2.5034608840942383
e7bd68ab-df49-44df-9b1e-8486114aeeb5,scprint,scPRINT,2500,509,0.4961574077606201,0.4894551634788513,1.5106720924377441,3.4103190898895264
e7bd68ab-df49-44df-9b1e-8486114aeeb5,cellplm,CellPLM,2500,509,0.4597845673561096,0.38086557388305664,1.4490641355514526,3.0740041732788086
e7bd68ab-df49-44df-9b1e-8486114aeeb5,sctrilemma,scTrilemma,2500,509,0.6705451011657715,0.5497651696205139,1.714532494544983,4.024905681610107
edbfa04a-f1dd-496a-8237-df11d70621ca,scvi,scVI,2500,581,0.46894580125808716,0.41398298740386963,1.3046222925186157,2.2071032524108887
edbfa04a-f1dd-496a-8237-df11d70621ca,scprint,scPRINT,2500,581,0.5751752853393555,0.5407690405845642,1.339440941810608,2.7892632484436035
edbfa04a-f1dd-496a-8237-df11d70621ca,cellplm,CellPLM,2500,581,0.5602149367332458,0.47513046860694885,1.2789489030838013,2.418273448944092
edbfa04a-f1dd-496a-8237-df11d70621ca,sctrilemma,scTrilemma,2500,581,0.7052242755889893,0.5809354186058044,1.5209425687789917,3.2707555294036865
f14bc322-1322-4184-8d16-409557525ea5,scvi,scVI,2500,480,0.5270342826843262,0.45702165365219116,1.2363876104354858,2.1052234172821045
f14bc322-1322-4184-8d16-409557525ea5,scprint,scPRINT,2500,480,0.48106619715690613,0.4788759648799896,1.4031498432159424,2.856513023376465
f14bc322-1322-4184-8d16-409557525ea5,cellplm,CellPLM,2500,480,0.6930915117263794,0.6227187514305115,1.0973076820373535,1.9782378673553467
f14bc322-1322-4184-8d16-409557525ea5,sctrilemma,scTrilemma,2500,480,0.8078948259353638,0.7092397809028625,1.4254895448684692,2.9559884071350098
f3c49918-4707-4d92-bb6d-2b5b4eb9d1b4,scvi,scVI,2500,985,0.4565800726413727,0.3892113268375397,1.0487806797027588,1.6601192951202393
f3c49918-4707-4d92-bb6d-2b5b4eb9d1b4,scprint,scPRINT,2500,985,0.5512126088142395,0.39768683910369873,1.1542601585388184,2.1143431663513184
f3c49918-4707-4d92-bb6d-2b5b4eb9d1b4,cellplm,CellPLM,2500,985,0.6780207753181458,0.5705370903015137,0.8960520625114441,1.384513020515442
f3c49918-4707-4d92-bb6d-2b5b4eb9d1b4,sctrilemma,scTrilemma,2500,985,0.7306733727455139,0.5742547512054443,1.2560583353042603,2.2061867713928223
f641d68a-e877-4bb8-afd7-b8fa3921d461,scvi,scVI,2500,370,0.21792982518672943,0.21575996279716492,1.7379027605056763,3.8514060974121094
f641d68a-e877-4bb8-afd7-b8fa3921d461,scprint,scPRINT,2500,370,0.3739472031593323,0.4219936430454254,2.0395383834838867,5.167900562286377
f641d68a-e877-4bb8-afd7-b8fa3921d461,cellplm,CellPLM,2500,370,0.27545762062072754,0.2759855389595032,2.084456205368042,5.864027500152588
f641d68a-e877-4bb8-afd7-b8fa3921d461,sctrilemma,scTrilemma,2500,370,0.5189952254295349,0.4669482707977295,2.275487184524536,6.613222122192383
f6cc8a47-2dea-40aa-8608-d771c5ef8a07,scvi,scVI,2500,299,0.4181952476501465,0.38624539971351624,1.67606782913208,3.4464633464813232
f6cc8a47-2dea-40aa-8608-d771c5ef8a07,scprint,scPRINT,2500,299,0.5561237931251526,0.58296799659729,1.7941968441009521,4.919675350189209
f6cc8a47-2dea-40aa-8608-d771c5ef8a07,cellplm,CellPLM,2500,299,0.5489472150802612,0.5174704194068909,1.6324502229690552,3.67907977104187
f6cc8a47-2dea-40aa-8608-d771c5ef8a07,sctrilemma,scTrilemma,2500,299,0.7132737040519714,0.6731859445571899,1.8495718240737915,5.073063373565674
fe7aae33-6f7c-41a5-8d29-9996a9ddf1ab,scvi,scVI,2500,366,0.2773391604423523,0.2591628432273865,1.674536108970642,3.5782787799835205
fe7aae33-6f7c-41a5-8d29-9996a9ddf1ab,scprint,scPRINT,2500,366,0.48456600308418274,0.4713990092277527,2.112835645675659,5.841274738311768
fe7aae33-6f7c-41a5-8d29-9996a9ddf1ab,cellplm,CellPLM,2500,366,0.4890304505825043,0.4659527838230133,1.8673473596572876,4.862903594970703
fe7aae33-6f7c-41a5-8d29-9996a9ddf1ab,sctrilemma,scTrilemma,2500,366,0.5818313956260681,0.5261777639389038,2.2587902545928955,6.502321243286133
