cohort,dataset_id,repeat,seed,model,n_cells,n_cell_types,biological_identity,identity_purity,biological_state,state_accuracy,context_invariance,donor_bras,local_donor_mixing,expression_fidelity,deg_jaccard,deg_sign
Kidney,867757c1-3b1a-49d9-a0cd-17767eb160cc,0,42,scvi,520,13,0.676923076923077,0.6138461538461538,0.5865384615384616,0.5865384615384616,0.9221749866751431,0.7597312927246094,0.8740192307692307,0.12386603145838503,0.08653868456110965,0.6438461538461537
Kidney,867757c1-3b1a-49d9-a0cd-17767eb160cc,0,42,cellplm,520,13,0.5576923076923077,0.49500000000000005,0.5615384615384614,0.5615384615384614,0.9413852133556551,0.5355567336082458,0.9112884615384615,0.16197555950808692,0.14281706221071006,0.6507692307692307
Kidney,867757c1-3b1a-49d9-a0cd-17767eb160cc,0,42,scprint,520,13,0.2711538461538462,0.2551923076923077,0.5538461538461539,0.5538461538461539,0.9446221234231863,0.8275927901268005,0.8744807692307692,0.505671166208058,0.24391219170949394,0.8015384615384615
Kidney,867757c1-3b1a-49d9-a0cd-17767eb160cc,0,42,sctrilemma,520,13,0.7307692307692306,0.6782692307692307,0.6115384615384616,0.6115384615384616,0.9683064266586495,0.9072304368019104,0.8611346153846153,0.3020856658619059,0.22685151424764394,0.7469230769230767
Kidney,867757c1-3b1a-49d9-a0cd-17767eb160cc,1,43,scvi,520,13,0.6846153846153846,0.6263461538461539,0.5846153846153846,0.5846153846153846,0.9165649382025334,0.7659819722175598,0.8523846153846153,0.12810034093324074,0.09424933746934563,0.6276923076923077
Kidney,867757c1-3b1a-49d9-a0cd-17767eb160cc,1,43,cellplm,520,13,0.5403846153846155,0.49134615384615377,0.5403846153846154,0.5403846153846154,0.9508827989466808,0.5843201279640198,0.9073653846153845,0.16824773573311963,0.14739681285998005,0.6307692307692309
Kidney,867757c1-3b1a-49d9-a0cd-17767eb160cc,1,43,scprint,520,13,0.27499999999999997,0.2375,0.48076923076923084,0.48076923076923084,0.9460222980671126,0.8255595564842224,0.8622307692307692,0.5165551971607273,0.25062054868806943,0.7992307692307694
Kidney,867757c1-3b1a-49d9-a0cd-17767eb160cc,1,43,sctrilemma,520,13,0.7538461538461538,0.6738461538461538,0.5826923076923077,0.5826923076923077,0.9659050212396703,0.9109033346176147,0.832903846153846,0.31002364868917975,0.21707450354818375,0.753076923076923
Kidney,867757c1-3b1a-49d9-a0cd-17767eb160cc,2,44,scvi,520,13,0.6826923076923077,0.6298076923076922,0.5942307692307692,0.5942307692307692,0.9291994544633466,0.7460111379623413,0.8797692307692307,0.11467838452971751,0.09064099335344125,0.5976923076923076
Kidney,867757c1-3b1a-49d9-a0cd-17767eb160cc,2,44,cellplm,520,13,0.5480769230769231,0.4886538461538461,0.5538461538461538,0.5538461538461538,0.9592225012709836,0.6160538792610168,0.9099230769230768,0.15429783128050178,0.1473874313162667,0.6276923076923077
Kidney,867757c1-3b1a-49d9-a0cd-17767eb160cc,2,44,scprint,520,13,0.2807692307692308,0.2425,0.5076923076923078,0.5076923076923078,0.9477540060049803,0.8450409770011902,0.8820576923076923,0.5209566613451627,0.22987498510578835,0.8007692307692308
Kidney,867757c1-3b1a-49d9-a0cd-17767eb160cc,2,44,sctrilemma,520,13,0.8115384615384615,0.6967307692307692,0.6134615384615384,0.6134615384615384,0.9732079244879406,0.9189791083335876,0.8825192307692309,0.31030527094674143,0.2313255520315402,0.753846153846154
Kidney,867757c1-3b1a-49d9-a0cd-17767eb160cc,3,45,scvi,520,13,0.6846153846153846,0.628076923076923,0.6000000000000001,0.6000000000000001,0.9322046670920989,0.7570796608924866,0.8922884615384615,0.12166009806063366,0.09539606212402804,0.6492307692307692
Kidney,867757c1-3b1a-49d9-a0cd-17767eb160cc,3,45,cellplm,520,13,0.5769230769230769,0.5178846153846155,0.5653846153846154,0.5653846153846154,0.9567128594146536,0.5966911315917969,0.9197692307692308,0.16777340221332512,0.13267647705069913,0.6415384615384615
Kidney,867757c1-3b1a-49d9-a0cd-17767eb160cc,3,45,scprint,520,13,0.3461538461538461,0.2848076923076923,0.5480769230769229,0.548076923076923,0.9591403673835122,0.8384939432144165,0.8978461538461538,0.4954618992872979,0.2250031541105317,0.7884615384615385
Kidney,867757c1-3b1a-49d9-a0cd-17767eb160cc,3,45,sctrilemma,520,13,0.7538461538461538,0.686923076923077,0.5980769230769231,0.5980769230769231,0.9683586549484152,0.9048189520835876,0.861403846153846,0.29731547248966456,0.21530503499516113,0.7153846153846154
Kidney,867757c1-3b1a-49d9-a0cd-17767eb160cc,4,46,scvi,520,13,0.6423076923076925,0.6019230769230769,0.5634615384615385,0.5634615384615385,0.918468497466702,0.7563410997390747,0.8647884615384616,0.1318327083873372,0.09691203646789577,0.6338461538461538
Kidney,867757c1-3b1a-49d9-a0cd-17767eb160cc,4,46,cellplm,520,13,0.5538461538461539,0.4896153846153846,0.5153846153846153,0.5153846153846153,0.95561548477127,0.6372860670089722,0.9064423076923078,0.17897022302985224,0.12992767644861686,0.663076923076923
Kidney,867757c1-3b1a-49d9-a0cd-17767eb160cc,4,46,scprint,520,13,0.2923076923076923,0.2544230769230769,0.5403846153846154,0.5403846153846155,0.9450452438361545,0.8113977909088135,0.8885384615384614,0.5444801939332673,0.23940799431709892,0.8107692307692307
Kidney,867757c1-3b1a-49d9-a0cd-17767eb160cc,4,46,sctrilemma,520,13,0.7519230769230769,0.680576923076923,0.5807692307692307,0.5807692307692307,0.969086636087056,0.9062415361404419,0.8632307692307692,0.3293099081888995,0.24363563271683478,0.7830769230769232
Kidney,867757c1-3b1a-49d9-a0cd-17767eb160cc,5,47,scvi,520,13,0.6730769230769231,0.6246153846153846,0.5923076923076924,0.5923076923076923,0.9350192516999809,0.7632513642311096,0.8916538461538461,0.14272195041869498,0.09571529512452279,0.6384615384615385
Kidney,867757c1-3b1a-49d9-a0cd-17767eb160cc,5,47,cellplm,520,13,0.5365384615384614,0.4938461538461538,0.5826923076923077,0.5826923076923077,0.9605328218933207,0.6300642490386963,0.9427307692307694,0.17895590825452123,0.14327454956486044,0.6515384615384616
Kidney,867757c1-3b1a-49d9-a0cd-17767eb160cc,5,47,scprint,520,13,0.3346153846153846,0.27903846153846157,0.6019230769230769,0.6019230769230769,0.9617131683645748,0.8498916029930115,0.9057115384615384,0.4773349617838163,0.23532989060892293,0.7930769230769231
Kidney,867757c1-3b1a-49d9-a0cd-17767eb160cc,5,47,sctrilemma,520,13,0.7307692307692306,0.6665384615384615,0.5884615384615386,0.5884615384615386,0.971101220953157,0.9158180952072144,0.8649615384615387,0.30454101868612404,0.2269927730377051,0.7461538461538461
Kidney,867757c1-3b1a-49d9-a0cd-17767eb160cc,6,48,scvi,520,13,0.651923076923077,0.6051923076923077,0.5423076923076922,0.5423076923076923,0.9165043418207841,0.739058256149292,0.853923076923077,0.12098955011793476,0.09314690780498557,0.6315384615384615
Kidney,867757c1-3b1a-49d9-a0cd-17767eb160cc,6,48,cellplm,520,13,0.5769230769230769,0.4886538461538461,0.5403846153846154,0.5403846153846152,0.9661687868735925,0.6100659966468811,0.9319423076923076,0.1656386878137332,0.1442021787526463,0.6538461538461539
Kidney,867757c1-3b1a-49d9-a0cd-17767eb160cc,6,48,scprint,520,13,0.3153846153846153,0.2717307692307692,0.5173076923076924,0.5173076923076924,0.9545685214395258,0.8287916779518127,0.8943846153846156,0.5028808646788496,0.24949965114787703,0.8107692307692308
Kidney,867757c1-3b1a-49d9-a0cd-17767eb160cc,6,48,sctrilemma,520,13,0.7615384615384615,0.6651923076923076,0.5923076923076923,0.5923076923076923,0.9691899707963735,0.905957818031311,0.8589423076923078,0.30614593800640827,0.221692527327887,0.76
Kidney,867757c1-3b1a-49d9-a0cd-17767eb160cc,7,49,scvi,520,13,0.6826923076923077,0.6228846153846154,0.5923076923076922,0.5923076923076922,0.9279675504023699,0.7411674857139587,0.8783269230769231,0.13855647660556628,0.09955984820373556,0.6815384615384616
Kidney,867757c1-3b1a-49d9-a0cd-17767eb160cc,7,49,cellplm,520,13,0.5923076923076922,0.5086538461538461,0.5980769230769231,0.5980769230769232,0.9558486965242547,0.5734633803367615,0.9266538461538462,0.1695555933924524,0.1444882398414955,0.6415384615384616
Kidney,867757c1-3b1a-49d9-a0cd-17767eb160cc,7,49,scprint,520,13,0.3326923076923077,0.27557692307692305,0.5615384615384615,0.5615384615384615,0.9614329301592576,0.8445411324501038,0.9131153846153846,0.49804258159648196,0.23408522895830744,0.8038461538461538
Kidney,867757c1-3b1a-49d9-a0cd-17767eb160cc,7,49,sctrilemma,520,13,0.7519230769230769,0.6855769230769231,0.6557692307692308,0.6557692307692309,0.9716828778269772,0.917551577091217,0.8666153846153845,0.3098300343674918,0.22283124985477906,0.7507692307692306
Kidney,867757c1-3b1a-49d9-a0cd-17767eb160cc,8,50,scvi,520,13,0.6423076923076922,0.6157692307692308,0.5846153846153845,0.5846153846153846,0.935025319588108,0.7636318802833557,0.8933846153846154,0.12396318502381026,0.0932717672039145,0.606923076923077
Kidney,867757c1-3b1a-49d9-a0cd-17767eb160cc,8,50,cellplm,520,13,0.5326923076923078,0.4859615384615385,0.5365384615384615,0.5365384615384615,0.974327677706863,0.6214233636856079,0.924653846153846,0.13973582491717298,0.13243691423094933,0.6123076923076923
Kidney,867757c1-3b1a-49d9-a0cd-17767eb160cc,8,50,scprint,520,13,0.2865384615384616,0.2588461538461539,0.4807692307692308,0.4807692307692308,0.9542232558525099,0.8080376982688904,0.8858846153846154,0.5457894528306813,0.24354742470360316,0.8238461538461539
Kidney,867757c1-3b1a-49d9-a0cd-17767eb160cc,8,50,sctrilemma,520,13,0.7423076923076921,0.6773076923076924,0.6115384615384615,0.6115384615384615,0.9745721056992072,0.9088194370269775,0.8819615384615382,0.3021026879696889,0.2315018863276834,0.7561538461538462
Kidney,867757c1-3b1a-49d9-a0cd-17767eb160cc,9,51,scvi,520,13,0.6576923076923078,0.6098076923076923,0.5653846153846154,0.5653846153846154,0.9121714220775983,0.7303838133811951,0.8531153846153846,0.12721280304870627,0.09238411527759742,0.6169230769230769
Kidney,867757c1-3b1a-49d9-a0cd-17767eb160cc,9,51,cellplm,520,13,0.5307692307692309,0.5063461538461538,0.528846153846154,0.528846153846154,0.9430966798673522,0.5866318345069885,0.9039999999999999,0.14993155006928355,0.13201208620174182,0.6346153846153846
Kidney,867757c1-3b1a-49d9-a0cd-17767eb160cc,9,51,scprint,520,13,0.3249999999999999,0.25923076923076926,0.49038461538461536,0.49038461538461536,0.9479595344383521,0.8321422338485718,0.8758461538461538,0.5290366107191492,0.2417497855459821,0.7899999999999999
Kidney,867757c1-3b1a-49d9-a0cd-17767eb160cc,9,51,sctrilemma,520,13,0.7634615384615384,0.6857692307692309,0.6096153846153847,0.6096153846153847,0.969211767443379,0.9117618799209595,0.8693653846153846,0.30009118515667627,0.22340088965355923,0.7407692307692308
Kidney,867757c1-3b1a-49d9-a0cd-17767eb160cc,10,52,scvi,520,13,0.6749999999999998,0.6325000000000001,0.596153846153846,0.596153846153846,0.9223810039506944,0.745354413986206,0.872826923076923,0.12314519566669725,0.09229718599843859,0.6223076923076923
Kidney,867757c1-3b1a-49d9-a0cd-17767eb160cc,10,52,cellplm,520,13,0.5750000000000002,0.510576923076923,0.6076923076923078,0.6076923076923076,0.9686629748750966,0.6333390474319458,0.9351346153846153,0.15430457345250095,0.14009031527374674,0.6484615384615384
Kidney,867757c1-3b1a-49d9-a0cd-17767eb160cc,10,52,scprint,520,13,0.3211538461538462,0.26711538461538464,0.5153846153846154,0.5153846153846154,0.950962752449777,0.8322234749794006,0.8845961538461538,0.5227887363860876,0.2394299069552539,0.8184615384615385
Kidney,867757c1-3b1a-49d9-a0cd-17767eb160cc,10,52,sctrilemma,520,13,0.7865384615384614,0.6867307692307691,0.6115384615384616,0.6115384615384616,0.9724679505557606,0.907051682472229,0.8794038461538461,0.3167122006229309,0.22542384197023177,0.763846153846154
Kidney,867757c1-3b1a-49d9-a0cd-17767eb160cc,11,53,scvi,520,13,0.6634615384615385,0.6025,0.5384615384615384,0.5384615384615384,0.9149386052633265,0.7399234771728516,0.8607692307692307,0.1420473916261341,0.09831231713423755,0.6461538461538462
Kidney,867757c1-3b1a-49d9-a0cd-17767eb160cc,11,53,cellplm,520,13,0.5576923076923077,0.4903846153846154,0.551923076923077,0.5519230769230768,0.966840076398772,0.6619578003883362,0.9152307692307692,0.15856518052750762,0.12881113221487434,0.6407692307692306
Kidney,867757c1-3b1a-49d9-a0cd-17767eb160cc,11,53,scprint,520,13,0.3346153846153846,0.2736538461538462,0.5903846153846154,0.5903846153846154,0.9593319685444889,0.8514063358306885,0.9007884615384616,0.50587286740263,0.23194741573519903,0.8053846153846155
Kidney,867757c1-3b1a-49d9-a0cd-17767eb160cc,11,53,sctrilemma,520,13,0.7788461538461537,0.6919230769230769,0.6480769230769231,0.648076923076923,0.9766733693014013,0.9262685179710388,0.8979423076923078,0.3016924542305283,0.22234294111080796,0.7323076923076923
Kidney,867757c1-3b1a-49d9-a0cd-17767eb160cc,12,54,scvi,520,13,0.6826923076923077,0.6109615384615383,0.5826923076923076,0.5826923076923076,0.917670446822373,0.7475202083587646,0.8587692307692307,0.12633676383746256,0.08418776209070176,0.6184615384615384
Kidney,867757c1-3b1a-49d9-a0cd-17767eb160cc,12,54,cellplm,520,13,0.5250000000000001,0.4915384615384615,0.5307692307692309,0.5307692307692309,0.9529032012256998,0.5849650502204895,0.9150384615384616,0.13554222520428968,0.12939963279492236,0.6346153846153846
Kidney,867757c1-3b1a-49d9-a0cd-17767eb160cc,12,54,scprint,520,13,0.29615384615384616,0.23961538461538465,0.525,0.525,0.9432376962470306,0.8197234272956848,0.8696346153846155,0.49560751186063834,0.2292955365866728,0.7984615384615386
Kidney,867757c1-3b1a-49d9-a0cd-17767eb160cc,12,54,sctrilemma,520,13,0.7750000000000001,0.6821153846153845,0.6115384615384615,0.6115384615384615,0.971348849789891,0.9117695093154907,0.8726538461538461,0.2970859432348072,0.21313377166128278,0.7323076923076923
Kidney,867757c1-3b1a-49d9-a0cd-17767eb160cc,13,55,scvi,520,13,0.676923076923077,0.6311538461538461,0.5557692307692308,0.5557692307692308,0.9063442286140441,0.7477641701698303,0.84325,0.1356958428354561,0.09293928734926554,0.6607692307692308
Kidney,867757c1-3b1a-49d9-a0cd-17767eb160cc,13,55,cellplm,520,13,0.55,0.4951923076923076,0.5115384615384615,0.5115384615384615,0.9472230511467228,0.604136049747467,0.91625,0.15413814628947387,0.1498188550163112,0.643846153846154
Kidney,867757c1-3b1a-49d9-a0cd-17767eb160cc,13,55,scprint,520,13,0.3326923076923077,0.26692307692307693,0.548076923076923,0.548076923076923,0.9395747357994503,0.816078782081604,0.8619423076923076,0.48163054316117526,0.23827122459909222,0.7984615384615383
Kidney,867757c1-3b1a-49d9-a0cd-17767eb160cc,13,55,sctrilemma,520,13,0.796153846153846,0.7051923076923077,0.6134615384615384,0.6134615384615384,0.9717484722103354,0.9133597016334534,0.868076923076923,0.3035287158301677,0.2300773699388635,0.7323076923076924
Kidney,867757c1-3b1a-49d9-a0cd-17767eb160cc,14,56,scvi,520,13,0.6961538461538461,0.6365384615384615,0.5269230769230769,0.5269230769230769,0.9253958144787111,0.7466962337493896,0.8830576923076923,0.12246911634911507,0.10067155534423652,0.6246153846153847
Kidney,867757c1-3b1a-49d9-a0cd-17767eb160cc,14,56,cellplm,520,13,0.5923076923076924,0.5226923076923078,0.5423076923076924,0.5423076923076923,0.9508501424630275,0.6674676537513733,0.9130384615384616,0.15057032745754784,0.1421708954089969,0.6061538461538462
Kidney,867757c1-3b1a-49d9-a0cd-17767eb160cc,14,56,scprint,520,13,0.3211538461538462,0.26038461538461544,0.5653846153846154,0.5653846153846154,0.9445183695743289,0.8331169486045837,0.8747499999999998,0.5025290809938038,0.22844857325894172,0.7830769230769232
Kidney,867757c1-3b1a-49d9-a0cd-17767eb160cc,14,56,sctrilemma,520,13,0.773076923076923,0.6934615384615385,0.5980769230769231,0.5980769230769231,0.9714032445608791,0.9132959842681885,0.871903846153846,0.2926437111773634,0.21021649818292404,0.7076923076923077
Kidney,867757c1-3b1a-49d9-a0cd-17767eb160cc,15,57,scvi,520,13,0.6826923076923077,0.6221153846153846,0.601923076923077,0.6019230769230769,0.9339164898706774,0.7376205921173096,0.8884615384615385,0.10664568605746079,0.08964466875078472,0.6223076923076921
Kidney,867757c1-3b1a-49d9-a0cd-17767eb160cc,15,57,cellplm,520,13,0.5442307692307693,0.48423076923076924,0.5192307692307692,0.5192307692307692,0.9699474046236815,0.6267960667610168,0.925826923076923,0.14975208233969645,0.1426814651876963,0.6423076923076922
Kidney,867757c1-3b1a-49d9-a0cd-17767eb160cc,15,57,scprint,520,13,0.3269230769230769,0.26596153846153847,0.5442307692307692,0.5442307692307693,0.9548004686972824,0.8356943130493164,0.8829615384615384,0.4968885203691111,0.21957649550643177,0.7861538461538462
Kidney,867757c1-3b1a-49d9-a0cd-17767eb160cc,15,57,sctrilemma,520,13,0.7519230769230769,0.6673076923076924,0.6019230769230769,0.6019230769230769,0.9718025296699795,0.9136566519737244,0.8720961538461538,0.2954563794109204,0.2281051741738927,0.7415384615384616
Kidney,867757c1-3b1a-49d9-a0cd-17767eb160cc,16,58,scvi,520,13,0.6634615384615385,0.628076923076923,0.5269230769230769,0.5269230769230769,0.9151246962878117,0.7091912627220154,0.8625,0.12095788694914175,0.08838988446508628,0.6161538461538462
Kidney,867757c1-3b1a-49d9-a0cd-17767eb160cc,16,58,cellplm,520,13,0.5576923076923077,0.5044230769230769,0.5153846153846153,0.5153846153846153,0.9537958524735438,0.5150759220123291,0.9061923076923077,0.16368759063789523,0.12396672740954327,0.6353846153846155
Kidney,867757c1-3b1a-49d9-a0cd-17767eb160cc,16,58,scprint,520,13,0.3346153846153846,0.27692307692307694,0.4961538461538461,0.4961538461538461,0.9560993953149257,0.8429470658302307,0.9048076923076921,0.5258373699844215,0.23180218357829066,0.8169230769230768
Kidney,867757c1-3b1a-49d9-a0cd-17767eb160cc,16,58,sctrilemma,520,13,0.7634615384615386,0.6911538461538462,0.5826923076923077,0.5826923076923077,0.9718616703056763,0.9025560617446899,0.8727307692307692,0.2974191535234697,0.21556743559838243,0.7061538461538462
Kidney,867757c1-3b1a-49d9-a0cd-17767eb160cc,17,59,scvi,520,13,0.6673076923076924,0.6307692307692307,0.5403846153846154,0.5403846153846154,0.9294785826915778,0.7437295317649841,0.8885576923076923,0.11211896357883282,0.09139194722305086,0.6092307692307692
Kidney,867757c1-3b1a-49d9-a0cd-17767eb160cc,17,59,cellplm,520,13,0.5711538461538461,0.5201923076923076,0.5211538461538461,0.5211538461538461,0.9545037843111527,0.5342671275138855,0.9238846153846154,0.14929859793933467,0.12244449838653083,0.6269230769230769
Kidney,867757c1-3b1a-49d9-a0cd-17767eb160cc,17,59,scprint,520,13,0.34615384615384615,0.2875,0.5576923076923076,0.5576923076923076,0.9589867345798444,0.839358925819397,0.8911153846153846,0.4942513858205358,0.212869115414188,0.8007692307692308
Kidney,867757c1-3b1a-49d9-a0cd-17767eb160cc,17,59,sctrilemma,520,13,0.7903846153846155,0.7098076923076924,0.6019230769230769,0.6019230769230769,0.972839364047278,0.9130628108978271,0.8769230769230769,0.2929965158704182,0.21425835320602615,0.7015384615384617
Kidney,867757c1-3b1a-49d9-a0cd-17767eb160cc,18,60,scvi,520,13,0.6692307692307693,0.6201923076923077,0.6615384615384616,0.6615384615384616,0.929771384767068,0.7742613554000854,0.8815192307692308,0.14266065100188682,0.09341096358796236,0.6646153846153846
Kidney,867757c1-3b1a-49d9-a0cd-17767eb160cc,18,60,cellplm,520,13,0.5269230769230768,0.48846153846153845,0.6173076923076922,0.6173076923076922,0.9655801429074576,0.6394333243370056,0.9148653846153846,0.18969442087680136,0.15413046623111698,0.6638461538461538
Kidney,867757c1-3b1a-49d9-a0cd-17767eb160cc,18,60,scprint,520,13,0.325,0.27057692307692305,0.5673076923076923,0.5673076923076923,0.9558543877999457,0.8438425660133362,0.8996923076923076,0.5074108126999683,0.23503268953064804,0.7984615384615386
Kidney,867757c1-3b1a-49d9-a0cd-17767eb160cc,18,60,sctrilemma,520,13,0.7865384615384616,0.6807692307692308,0.6403846153846154,0.6403846153846154,0.9762329684435795,0.9248179793357849,0.8898076923076921,0.31915585741584274,0.23422251493273666,0.75
Kidney,867757c1-3b1a-49d9-a0cd-17767eb160cc,19,61,scvi,520,13,0.7192307692307691,0.6565384615384615,0.5461538461538462,0.5461538461538462,0.9169379660805065,0.7365601062774658,0.8599423076923078,0.14139423977845383,0.09574012899309933,0.6376923076923078
Kidney,867757c1-3b1a-49d9-a0cd-17767eb160cc,19,61,cellplm,520,13,0.5807692307692309,0.5044230769230769,0.523076923076923,0.523076923076923,0.9598170946679758,0.6464051008224487,0.9231730769230768,0.15480216727319676,0.14094286790812857,0.6284615384615384
Kidney,867757c1-3b1a-49d9-a0cd-17767eb160cc,19,61,scprint,520,13,0.3326923076923077,0.2778846153846154,0.5442307692307692,0.5442307692307692,0.952327847949508,0.8419975638389587,0.8826923076923077,0.519787398524387,0.2457235301926414,0.8115384615384614
Kidney,867757c1-3b1a-49d9-a0cd-17767eb160cc,19,61,sctrilemma,520,13,0.7807692307692307,0.6926923076923077,0.6384615384615384,0.6384615384615384,0.9683053447503712,0.9090595245361328,0.8554807692307692,0.3033502515167981,0.23926897579257184,0.7330769230769231
Liver,e3ed2ba4-edf5-40ac-8750-8a417ad1eefe,0,42,scvi,440,11,0.7886363636363637,0.7854545454545456,0.6272727272727273,0.6272727272727273,0.9248033832631362,0.7258182168006897,0.8759545454545453,0.21966652821063407,0.13365258991676374,0.7645454545454545
Liver,e3ed2ba4-edf5-40ac-8750-8a417ad1eefe,0,42,cellplm,440,11,0.8068181818181818,0.8427272727272728,0.6227272727272727,0.6227272727272727,0.8924753637109516,0.5626117587089539,0.8637727272727272,0.21643426424146578,0.2040039393703772,0.7509090909090911
Liver,e3ed2ba4-edf5-40ac-8750-8a417ad1eefe,0,42,scprint,440,11,0.6022727272727272,0.520909090909091,0.5499999999999999,0.5499999999999999,0.9014099377561462,0.7789230346679688,0.7441363636363636,0.48623349199915,0.25905515165451426,0.7436363636363637
Liver,e3ed2ba4-edf5-40ac-8750-8a417ad1eefe,0,42,sctrilemma,440,11,0.7772727272727272,0.7320454545454546,0.6340909090909093,0.6340909090909093,0.9479951670996233,0.8525397777557373,0.8485227272727273,0.3843189198053895,0.346075725573122,0.8672727272727272
Liver,e3ed2ba4-edf5-40ac-8750-8a417ad1eefe,1,43,scvi,440,11,0.7999999999999999,0.7597727272727273,0.5318181818181817,0.5318181818181817,0.92172600200373,0.7428186535835266,0.9028409090909093,0.2427074385698761,0.1331841833336883,0.7772727272727272
Liver,e3ed2ba4-edf5-40ac-8750-8a417ad1eefe,1,43,cellplm,440,11,0.8272727272727273,0.8418181818181818,0.5977272727272728,0.5977272727272728,0.9327680205165231,0.682970404624939,0.9170909090909088,0.2696461995561505,0.2044964266457581,0.7754545454545454
Liver,e3ed2ba4-edf5-40ac-8750-8a417ad1eefe,1,43,scprint,440,11,0.6113636363636363,0.5111363636363636,0.515909090909091,0.5159090909090909,0.8895748733253659,0.7607236504554749,0.7375454545454546,0.4650474582996894,0.23513902751615914,0.7636363636363637
Liver,e3ed2ba4-edf5-40ac-8750-8a417ad1eefe,1,43,sctrilemma,440,11,0.7954545454545455,0.7311363636363636,0.5931818181818183,0.5931818181818183,0.9449977395872562,0.8542069792747498,0.8390227272727272,0.37962301337174986,0.3364090532262875,0.8527272727272727
Liver,e3ed2ba4-edf5-40ac-8750-8a417ad1eefe,2,44,scvi,440,11,0.7818181818181819,0.759090909090909,0.5613636363636364,0.5613636363636364,0.9193284853420512,0.7368884682655334,0.8613863636363636,0.24757359775305166,0.11214291808964351,0.7645454545454545
Liver,e3ed2ba4-edf5-40ac-8750-8a417ad1eefe,2,44,cellplm,440,11,0.7954545454545454,0.8245454545454546,0.5136363636363637,0.5136363636363637,0.9070884930542629,0.6347202658653259,0.8462727272727274,0.2563557163873536,0.18749245640998105,0.771818181818182
Liver,e3ed2ba4-edf5-40ac-8750-8a417ad1eefe,2,44,scprint,440,11,0.5681818181818181,0.4856818181818182,0.5045454545454545,0.5045454545454545,0.9087259848888491,0.7752099633216858,0.7648636363636364,0.4854172234482876,0.2467199004525785,0.7890909090909091
Liver,e3ed2ba4-edf5-40ac-8750-8a417ad1eefe,2,44,sctrilemma,440,11,0.765909090909091,0.7100000000000001,0.575,0.575,0.9543129803129445,0.8560740947723389,0.8627727272727274,0.3734989263425932,0.31036239761641665,0.8481818181818181
Liver,e3ed2ba4-edf5-40ac-8750-8a417ad1eefe,3,45,scvi,440,11,0.7704545454545455,0.7475,0.5613636363636364,0.5613636363636364,0.9157103963514099,0.7024641036987305,0.8618181818181818,0.23964517965486498,0.11305340292823965,0.7654545454545453
Liver,e3ed2ba4-edf5-40ac-8750-8a417ad1eefe,3,45,cellplm,440,11,0.784090909090909,0.8095454545454546,0.5727272727272728,0.5727272727272728,0.9011483594807796,0.5969155430793762,0.8730454545454545,0.250179164810017,0.196303152329619,0.7618181818181818
Liver,e3ed2ba4-edf5-40ac-8750-8a417ad1eefe,3,45,scprint,440,11,0.6681818181818181,0.5372727272727273,0.6204545454545454,0.6204545454545455,0.9214166930255915,0.801837146282196,0.8040454545454544,0.4933366564470358,0.24576616006799903,0.7836363636363637
Liver,e3ed2ba4-edf5-40ac-8750-8a417ad1eefe,3,45,sctrilemma,440,11,0.775,0.7111363636363637,0.6181818181818182,0.6181818181818182,0.9530547742621697,0.8520923256874084,0.8308181818181818,0.36952178533203794,0.321514405931309,0.8354545454545454
Liver,e3ed2ba4-edf5-40ac-8750-8a417ad1eefe,4,46,scvi,440,11,0.8113636363636363,0.7797727272727272,0.6113636363636362,0.6113636363636362,0.9301073318058832,0.7550605535507202,0.869909090909091,0.23834235203063547,0.13619951874475086,0.7545454545454546
Liver,e3ed2ba4-edf5-40ac-8750-8a417ad1eefe,4,46,cellplm,440,11,0.7977272727272727,0.8354545454545454,0.5931818181818183,0.5931818181818183,0.9454883017180493,0.6357057690620422,0.9165681818181818,0.2457601022463729,0.21735103174872095,0.7509090909090909
Liver,e3ed2ba4-edf5-40ac-8750-8a417ad1eefe,4,46,scprint,440,11,0.5931818181818181,0.5422727272727274,0.5727272727272728,0.5727272727272728,0.9022087369454017,0.7865342497825623,0.7353863636363634,0.46664954912126383,0.25692256028157623,0.7527272727272727
Liver,e3ed2ba4-edf5-40ac-8750-8a417ad1eefe,4,46,sctrilemma,440,11,0.8045454545454543,0.7561363636363636,0.6295454545454545,0.6295454545454544,0.9568787963593952,0.8819413781166077,0.8480909090909091,0.36273639589781004,0.3239034758456197,0.8272727272727274
Liver,e3ed2ba4-edf5-40ac-8750-8a417ad1eefe,5,47,scvi,440,11,0.7659090909090908,0.7390909090909091,0.5499999999999999,0.5499999999999999,0.9085571615174174,0.7282722592353821,0.8565227272727274,0.2394311845662379,0.11419928202043965,0.7381818181818182
Liver,e3ed2ba4-edf5-40ac-8750-8a417ad1eefe,5,47,cellplm,440,11,0.8113636363636362,0.8243181818181817,0.6204545454545454,0.6204545454545454,0.9211744779633905,0.6603264808654785,0.9001363636363635,0.26774353118954475,0.20773732232990413,0.7690909090909092
Liver,e3ed2ba4-edf5-40ac-8750-8a417ad1eefe,5,47,scprint,440,11,0.6318181818181817,0.5375000000000001,0.6,0.6,0.9164823077567759,0.8081657886505127,0.7821363636363635,0.50856396965936,0.279242244012666,0.7972727272727272
Liver,e3ed2ba4-edf5-40ac-8750-8a417ad1eefe,5,47,sctrilemma,440,11,0.7636363636363637,0.7070454545454546,0.5840909090909091,0.5840909090909091,0.9332383135968706,0.8420718908309937,0.8100909090909092,0.3839757592119597,0.3314222013172737,0.8572727272727273
Liver,e3ed2ba4-edf5-40ac-8750-8a417ad1eefe,6,48,scvi,440,11,0.7909090909090909,0.7672727272727272,0.5886363636363636,0.5886363636363636,0.9071107046351271,0.7207707762718201,0.8396818181818181,0.25713473448239527,0.1276505873172387,0.770909090909091
Liver,e3ed2ba4-edf5-40ac-8750-8a417ad1eefe,6,48,cellplm,440,11,0.8090909090909091,0.8259090909090909,0.609090909090909,0.609090909090909,0.9197471980881108,0.6579406261444092,0.8682954545454543,0.26402141868869217,0.2034329996315298,0.7745454545454545
Liver,e3ed2ba4-edf5-40ac-8750-8a417ad1eefe,6,48,scprint,440,11,0.6045454545454545,0.5202272727272728,0.609090909090909,0.609090909090909,0.9155154791413359,0.7966257333755493,0.7828863636363637,0.5116372933418091,0.2548437769676528,0.8118181818181818
Liver,e3ed2ba4-edf5-40ac-8750-8a417ad1eefe,6,48,sctrilemma,440,11,0.7909090909090909,0.7231818181818181,0.6272727272727273,0.6272727272727272,0.9476139351908688,0.8660535216331482,0.8364318181818183,0.3806213180047966,0.3358261267531533,0.8572727272727273
Liver,e3ed2ba4-edf5-40ac-8750-8a417ad1eefe,7,49,scvi,440,11,0.7545454545454545,0.7227272727272727,0.5795454545454545,0.5795454545454546,0.9349002682908224,0.7628275156021118,0.9019772727272728,0.24097394495915322,0.1263647381177397,0.7490909090909093
Liver,e3ed2ba4-edf5-40ac-8750-8a417ad1eefe,7,49,cellplm,440,11,0.7909090909090909,0.8106818181818183,0.5704545454545454,0.5704545454545454,0.9319219039658979,0.6714831590652466,0.8941136363636364,0.2603937013546823,0.19543004132828026,0.7445454545454545
Liver,e3ed2ba4-edf5-40ac-8750-8a417ad1eefe,7,49,scprint,440,11,0.5931818181818181,0.5038636363636364,0.5636363636363637,0.5636363636363637,0.9173625159662078,0.7964734435081482,0.7876363636363638,0.5104576210595689,0.26869114963696494,0.7690909090909092
Liver,e3ed2ba4-edf5-40ac-8750-8a417ad1eefe,7,49,sctrilemma,440,11,0.7931818181818181,0.7031818181818181,0.5750000000000001,0.5750000000000001,0.9521370781458552,0.8635638952255249,0.871840909090909,0.3829956674062631,0.34732532945515565,0.8572727272727273
Liver,e3ed2ba4-edf5-40ac-8750-8a417ad1eefe,8,50,scvi,440,11,0.7863636363636363,0.7613636363636364,0.5454545454545454,0.5454545454545454,0.9154762129373016,0.7206185460090637,0.8642954545454546,0.22581492932439973,0.12167286678984852,0.7636363636363637
Liver,e3ed2ba4-edf5-40ac-8750-8a417ad1eefe,8,50,cellplm,440,11,0.8318181818181817,0.8325,0.5659090909090909,0.5659090909090909,0.9441535927743807,0.6445842385292053,0.9102954545454544,0.21176867067704713,0.19170350063893274,0.7336363636363636
Liver,e3ed2ba4-edf5-40ac-8750-8a417ad1eefe,8,50,scprint,440,11,0.6045454545454546,0.4977272727272727,0.5204545454545454,0.5204545454545454,0.8983255657308113,0.7697159051895142,0.734090909090909,0.498572076844775,0.26571240413162794,0.7545454545454546
Liver,e3ed2ba4-edf5-40ac-8750-8a417ad1eefe,8,50,sctrilemma,440,11,0.7795454545454544,0.7295454545454545,0.5863636363636364,0.5863636363636364,0.9458046753295103,0.8509635329246521,0.8329772727272725,0.36255624506882994,0.32222715712660344,0.8472727272727273
Liver,e3ed2ba4-edf5-40ac-8750-8a417ad1eefe,9,51,scvi,440,11,0.7727272727272727,0.7549999999999999,0.5568181818181818,0.5568181818181818,0.914708042977918,0.7337232828140259,0.8720681818181819,0.2388376435158672,0.12071231390979623,0.7509090909090911
Liver,e3ed2ba4-edf5-40ac-8750-8a417ad1eefe,9,51,cellplm,440,11,0.7613636363636364,0.8111363636363635,0.5295454545454544,0.5295454545454544,0.9153337725803508,0.5966294407844543,0.8898863636363633,0.2604952274375832,0.19377534114898468,0.7736363636363636
Liver,e3ed2ba4-edf5-40ac-8750-8a417ad1eefe,9,51,scprint,440,11,0.609090909090909,0.5215909090909091,0.5590909090909091,0.5590909090909091,0.9103994904359891,0.793727695941925,0.7777045454545455,0.4863469010225229,0.24913443379835637,0.7763636363636363
Liver,e3ed2ba4-edf5-40ac-8750-8a417ad1eefe,9,51,sctrilemma,440,11,0.7772727272727272,0.721590909090909,0.5386363636363636,0.5386363636363636,0.9399420081779771,0.8461431264877319,0.8074999999999999,0.3718069550113634,0.3158346861418949,0.8336363636363636
Liver,e3ed2ba4-edf5-40ac-8750-8a417ad1eefe,10,52,scvi,440,11,0.8090909090909092,0.7959090909090909,0.6136363636363635,0.6136363636363635,0.9344995357785768,0.7661796808242798,0.883840909090909,0.2560654209335582,0.14141075449131194,0.7890909090909092
Liver,e3ed2ba4-edf5-40ac-8750-8a417ad1eefe,10,52,cellplm,440,11,0.7999999999999999,0.8313636363636363,0.6136363636363635,0.6136363636363635,0.9108784610210726,0.6266980767250061,0.8796363636363637,0.26624299883844105,0.2218008555288188,0.7854545454545453
Liver,e3ed2ba4-edf5-40ac-8750-8a417ad1eefe,10,52,scprint,440,11,0.625,0.5136363636363637,0.5636363636363636,0.5636363636363636,0.9066804106022623,0.7973731756210327,0.7591363636363636,0.49740462656798407,0.2559616076140533,0.8227272727272726
Liver,e3ed2ba4-edf5-40ac-8750-8a417ad1eefe,10,52,sctrilemma,440,11,0.7977272727272727,0.7286363636363636,0.6363636363636365,0.6363636363636365,0.9429501685076779,0.8641975522041321,0.8300681818181818,0.3838253255090857,0.3641490474722744,0.8754545454545455
Liver,e3ed2ba4-edf5-40ac-8750-8a417ad1eefe,11,53,scvi,440,11,0.7954545454545453,0.7654545454545454,0.5886363636363635,0.5886363636363635,0.9369719419638012,0.7155735492706299,0.8885909090909091,0.23329419774771123,0.13469836361589474,0.7572727272727273
Liver,e3ed2ba4-edf5-40ac-8750-8a417ad1eefe,11,53,cellplm,440,11,0.8136363636363636,0.8311363636363636,0.5386363636363637,0.5386363636363637,0.9183367211635293,0.6435444951057434,0.8704545454545456,0.2230079993849716,0.1901816363725244,0.7363636363636364
Liver,e3ed2ba4-edf5-40ac-8750-8a417ad1eefe,11,53,scprint,440,11,0.6272727272727273,0.5127272727272727,0.5704545454545455,0.5704545454545455,0.9111040944045598,0.7838564515113831,0.7543863636363636,0.4806754503563557,0.24598753786200647,0.7518181818181818
Liver,e3ed2ba4-edf5-40ac-8750-8a417ad1eefe,11,53,sctrilemma,440,11,0.7727272727272727,0.7102272727272727,0.5977272727272728,0.5977272727272728,0.9502592165171142,0.852505087852478,0.8411818181818181,0.3517474503576446,0.3129094161424368,0.8072727272727271
Liver,e3ed2ba4-edf5-40ac-8750-8a417ad1eefe,12,54,scvi,440,11,0.7818181818181819,0.7606818181818181,0.5886363636363637,0.5886363636363637,0.9067269508167698,0.7428151965141296,0.8626818181818181,0.25608687597558943,0.13566868982550057,0.7981818181818183
Liver,e3ed2ba4-edf5-40ac-8750-8a417ad1eefe,12,54,cellplm,440,11,0.7977272727272726,0.8263636363636362,0.6181818181818182,0.6181818181818183,0.9245185966283137,0.7036215662956238,0.8922727272727272,0.27694899727088534,0.20301768807278392,0.7836363636363637
Liver,e3ed2ba4-edf5-40ac-8750-8a417ad1eefe,12,54,scprint,440,11,0.6522727272727272,0.5297727272727273,0.5522727272727272,0.5522727272727272,0.900340240571404,0.7744576930999756,0.753090909090909,0.4961231520034064,0.2857678995978297,0.7699999999999999
Liver,e3ed2ba4-edf5-40ac-8750-8a417ad1eefe,12,54,sctrilemma,440,11,0.7909090909090909,0.7415909090909092,0.5909090909090909,0.5909090909090909,0.9402712684981173,0.8535447716712952,0.7967045454545453,0.3893850324951995,0.34641285921468823,0.87
Liver,e3ed2ba4-edf5-40ac-8750-8a417ad1eefe,13,55,scvi,440,11,0.7636363636363636,0.7561363636363636,0.5931818181818183,0.5931818181818183,0.9133712957171715,0.7146863341331482,0.8634318181818181,0.24146116624411837,0.12978726987745354,0.7763636363636363
Liver,e3ed2ba4-edf5-40ac-8750-8a417ad1eefe,13,55,cellplm,440,11,0.8113636363636363,0.8254545454545454,0.5999999999999999,0.5999999999999999,0.9282411826691777,0.6239668726921082,0.8856818181818181,0.2506811166065131,0.20416378836284388,0.7645454545454545
Liver,e3ed2ba4-edf5-40ac-8750-8a417ad1eefe,13,55,scprint,440,11,0.6727272727272727,0.5272727272727272,0.5681818181818181,0.5681818181818181,0.9076157084463683,0.787394106388092,0.7759772727272726,0.49637776904546665,0.28020397232110694,0.7781818181818182
Liver,e3ed2ba4-edf5-40ac-8750-8a417ad1eefe,13,55,sctrilemma,440,11,0.7886363636363637,0.719318181818182,0.5795454545454547,0.5795454545454546,0.948900757900466,0.8470233678817749,0.8483181818181819,0.3966103806887796,0.3395106450465036,0.8672727272727272
Liver,e3ed2ba4-edf5-40ac-8750-8a417ad1eefe,14,56,scvi,440,11,0.7499999999999999,0.7481818181818183,0.5613636363636364,0.5613636363636364,0.9172166840682932,0.706557035446167,0.8679772727272727,0.24778594205914492,0.14171636962220163,0.7854545454545455
Liver,e3ed2ba4-edf5-40ac-8750-8a417ad1eefe,14,56,cellplm,440,11,0.8068181818181818,0.8368181818181819,0.5681818181818182,0.5681818181818182,0.904495697900952,0.6124331951141357,0.8960454545454543,0.2744750456833167,0.20468003165433143,0.7781818181818182
Liver,e3ed2ba4-edf5-40ac-8750-8a417ad1eefe,14,56,scprint,440,11,0.6181818181818183,0.5272727272727273,0.5431818181818182,0.5431818181818182,0.910340148991756,0.7854618430137634,0.7703636363636364,0.517004771427024,0.23673717135343528,0.8018181818181819
Liver,e3ed2ba4-edf5-40ac-8750-8a417ad1eefe,14,56,sctrilemma,440,11,0.7909090909090909,0.7229545454545454,0.5818181818181819,0.5818181818181819,0.9452379817406581,0.8539383411407471,0.8397954545454546,0.3895988297665632,0.3112455993945289,0.8672727272727273
Liver,e3ed2ba4-edf5-40ac-8750-8a417ad1eefe,15,57,scvi,440,11,0.7999999999999999,0.7604545454545453,0.6113636363636363,0.6113636363636363,0.9303844262630048,0.7261678576469421,0.8979772727272727,0.2501081507030842,0.13861302431579958,0.7900000000000001
Liver,e3ed2ba4-edf5-40ac-8750-8a417ad1eefe,15,57,cellplm,440,11,0.8045454545454546,0.8340909090909091,0.6022727272727273,0.6022727272727273,0.9273057686566388,0.6424602270126343,0.8934545454545456,0.27381528958345913,0.217188004953045,0.7881818181818182
Liver,e3ed2ba4-edf5-40ac-8750-8a417ad1eefe,15,57,scprint,440,11,0.6045454545454546,0.5047727272727273,0.5431818181818182,0.5431818181818182,0.8939300229937316,0.7785760760307312,0.7371136363636364,0.48343452132154796,0.2525704193252343,0.7927272727272728
Liver,e3ed2ba4-edf5-40ac-8750-8a417ad1eefe,15,57,sctrilemma,440,11,0.790909090909091,0.7218181818181819,0.634090909090909,0.634090909090909,0.9490601411760519,0.8560791015625,0.847659090909091,0.3713027346267222,0.3254464298013283,0.8445454545454545
Liver,e3ed2ba4-edf5-40ac-8750-8a417ad1eefe,16,58,scvi,440,11,0.7795454545454544,0.7456818181818181,0.5886363636363636,0.5886363636363637,0.9238878780468436,0.733015775680542,0.8848181818181817,0.25059062038860885,0.13082355327396103,0.7954545454545454
Liver,e3ed2ba4-edf5-40ac-8750-8a417ad1eefe,16,58,cellplm,440,11,0.7772727272727272,0.7822727272727272,0.5249999999999999,0.525,0.927375570088932,0.6243088841438293,0.8915,0.26241396352489077,0.18123007163403748,0.7690909090909092
Liver,e3ed2ba4-edf5-40ac-8750-8a417ad1eefe,16,58,scprint,440,11,0.6250000000000001,0.5152272727272728,0.5840909090909091,0.5840909090909091,0.9173740713552313,0.7708362936973572,0.7854772727272729,0.501122755105785,0.2634966741290869,0.7790909090909092
Liver,e3ed2ba4-edf5-40ac-8750-8a417ad1eefe,16,58,sctrilemma,440,11,0.7590909090909091,0.6945454545454546,0.5681818181818182,0.5681818181818182,0.9548875604815393,0.8490563035011292,0.853181818181818,0.36136446954354384,0.31269159488018444,0.8190909090909091
Liver,e3ed2ba4-edf5-40ac-8750-8a417ad1eefe,17,59,scvi,440,11,0.7772727272727272,0.7645454545454545,0.6022727272727273,0.6022727272727273,0.9044288250301807,0.7219681143760681,0.8428181818181817,0.21937151139851171,0.1394318131470314,0.7536363636363635
Liver,e3ed2ba4-edf5-40ac-8750-8a417ad1eefe,17,59,cellplm,440,11,0.7863636363636364,0.8272727272727272,0.5818181818181819,0.5818181818181819,0.9010313963372375,0.60642009973526,0.8568409090909092,0.21747151356903408,0.18490815824102355,0.75
Liver,e3ed2ba4-edf5-40ac-8750-8a417ad1eefe,17,59,scprint,440,11,0.6113636363636364,0.5106818181818181,0.5636363636363636,0.5636363636363636,0.908817826081505,0.7858304977416992,0.7565454545454546,0.5139740045045825,0.26690767529531684,0.8054545454545454
Liver,e3ed2ba4-edf5-40ac-8750-8a417ad1eefe,17,59,sctrilemma,440,11,0.7477272727272727,0.7150000000000001,0.5818181818181818,0.5818181818181818,0.9367790233122832,0.8330366611480713,0.8204545454545453,0.37183151074022586,0.3318110906192509,0.8581818181818183
Liver,e3ed2ba4-edf5-40ac-8750-8a417ad1eefe,18,60,scvi,440,11,0.759090909090909,0.731590909090909,0.5863636363636364,0.5863636363636364,0.8993180814015477,0.707779586315155,0.8427045454545453,0.2330593180342565,0.13172777129214228,0.7445454545454546
Liver,e3ed2ba4-edf5-40ac-8750-8a417ad1eefe,18,60,cellplm,440,11,0.7568181818181817,0.7952272727272727,0.5636363636363636,0.5636363636363636,0.8901033905621178,0.6057307720184326,0.8445454545454545,0.22806492110643486,0.20099467423270376,0.7381818181818182
Liver,e3ed2ba4-edf5-40ac-8750-8a417ad1eefe,18,60,scprint,440,11,0.6272727272727272,0.5306818181818183,0.6295454545454545,0.6295454545454545,0.9007934457689509,0.7662517428398132,0.7470454545454545,0.475366046784016,0.24756883096401883,0.7672727272727272
Liver,e3ed2ba4-edf5-40ac-8750-8a417ad1eefe,18,60,sctrilemma,440,11,0.7340909090909091,0.6988636363636364,0.5886363636363637,0.5886363636363637,0.9356790994280975,0.840464174747467,0.81625,0.3430960729824119,0.3293126583483726,0.8318181818181819
Liver,e3ed2ba4-edf5-40ac-8750-8a417ad1eefe,19,61,scvi,440,11,0.7659090909090909,0.7638636363636363,0.525,0.525,0.8920868229864631,0.719363272190094,0.82575,0.20705460937598305,0.11065704947179288,0.7300000000000001
Liver,e3ed2ba4-edf5-40ac-8750-8a417ad1eefe,19,61,cellplm,440,11,0.8136363636363637,0.8377272727272727,0.5750000000000001,0.5750000000000001,0.9229926406713043,0.664124608039856,0.9000454545454545,0.22502300730269262,0.19404075927007208,0.730909090909091
Liver,e3ed2ba4-edf5-40ac-8750-8a417ad1eefe,19,61,scprint,440,11,0.6545454545454545,0.5404545454545453,0.6,0.6,0.9229379085413109,0.8069543242454529,0.7984318181818183,0.5004967476483583,0.27055793734035255,0.8018181818181817
Liver,e3ed2ba4-edf5-40ac-8750-8a417ad1eefe,19,61,sctrilemma,440,11,0.7613636363636364,0.708409090909091,0.5750000000000001,0.5750000000000001,0.9450877766240624,0.8513292670249939,0.8277954545454544,0.3541293772984589,0.32124051615146204,0.84
Brain,203025fe-fa99-4d57-81da-458ed8f0c334,0,42,scvi,280,7,0.7678571428571428,0.7853571428571429,0.42857142857142855,0.42857142857142855,0.8801450270686646,0.7008658051490784,0.8095357142857142,0.18056202905541094,0.08878938209562083,0.6542857142857142
Brain,203025fe-fa99-4d57-81da-458ed8f0c334,0,42,cellplm,280,7,0.75,0.7517857142857143,0.4607142857142858,0.4607142857142858,0.9158204280579522,0.6406283378601074,0.879107142857143,0.14830602568829723,0.13000888582758388,0.6314285714285715
Brain,203025fe-fa99-4d57-81da-458ed8f0c334,0,42,scprint,280,7,0.55,0.49178571428571427,0.45,0.45,0.8706606275629315,0.7487875819206238,0.7314999999999998,0.3960429765247636,0.1810657321198014,0.6614285714285716
Brain,203025fe-fa99-4d57-81da-458ed8f0c334,0,42,sctrilemma,280,7,0.7750000000000001,0.7757142857142858,0.4964285714285715,0.4964285714285715,0.9464700086059652,0.8334519267082214,0.8492500000000003,0.2644341193329492,0.1948267247152852,0.6657142857142857
Brain,203025fe-fa99-4d57-81da-458ed8f0c334,1,43,scvi,280,7,0.7857142857142858,0.7825,0.4607142857142857,0.4607142857142857,0.8717205542766333,0.690981924533844,0.8015714285714285,0.21358002037002005,0.08268903034367432,0.7357142857142858
Brain,203025fe-fa99-4d57-81da-458ed8f0c334,1,43,cellplm,280,7,0.7678571428571428,0.7350000000000001,0.5,0.5,0.8913378481451479,0.6404911875724792,0.8553571428571428,0.15541978545756513,0.1283534281926497,0.6171428571428571
Brain,203025fe-fa99-4d57-81da-458ed8f0c334,1,43,scprint,280,7,0.5142857142857145,0.47250000000000003,0.4142857142857143,0.4142857142857142,0.8706555746234423,0.7518089413642883,0.7274285714285714,0.35738820791419934,0.17067714803260267,0.6471428571428571
Brain,203025fe-fa99-4d57-81da-458ed8f0c334,1,43,sctrilemma,280,7,0.7857142857142858,0.7810714285714286,0.5285714285714286,0.5285714285714286,0.9388547759448069,0.8366362452507019,0.8314285714285716,0.2608339240400805,0.189517979304243,0.67
Brain,203025fe-fa99-4d57-81da-458ed8f0c334,2,44,scvi,280,7,0.7178571428571427,0.7685714285714285,0.425,0.425,0.885174935308989,0.7061403393745422,0.8219285714285715,0.21395415510385263,0.08641469609257378,0.6871428571428572
Brain,203025fe-fa99-4d57-81da-458ed8f0c334,2,44,cellplm,280,7,0.7464285714285714,0.7217857142857143,0.48571428571428577,0.48571428571428577,0.9243069483138493,0.659080445766449,0.8711428571428571,0.16280185593216662,0.12641281496755374,0.6114285714285713
Brain,203025fe-fa99-4d57-81da-458ed8f0c334,2,44,scprint,280,7,0.5571428571428572,0.5075000000000001,0.4321428571428572,0.4321428571428572,0.8784701879110484,0.7638066411018372,0.7355714285714285,0.39026722383720663,0.14646359595484415,0.6542857142857142
Brain,203025fe-fa99-4d57-81da-458ed8f0c334,2,44,sctrilemma,280,7,0.767857142857143,0.7685714285714285,0.5,0.5,0.9443310771017673,0.8474041223526001,0.8463571428571429,0.28310236344475387,0.1999992362209572,0.7028571428571428
Brain,203025fe-fa99-4d57-81da-458ed8f0c334,3,45,scvi,280,7,0.7321428571428572,0.7682142857142857,0.43571428571428567,0.43571428571428567,0.8728990220308847,0.7025967240333557,0.8142857142857143,0.248779459004999,0.0856057276681076,0.7299999999999999
Brain,203025fe-fa99-4d57-81da-458ed8f0c334,3,45,cellplm,280,7,0.75,0.7389285714285714,0.44642857142857145,0.44642857142857145,0.9049537092420926,0.6142594218254089,0.8517857142857144,0.17956019565596398,0.13385996461354546,0.6385714285714286
Brain,203025fe-fa99-4d57-81da-458ed8f0c334,3,45,scprint,280,7,0.5714285714285714,0.5146428571428572,0.48214285714285715,0.48214285714285715,0.8698542722252198,0.7433644533157349,0.7091071428571428,0.38467025272818095,0.17478410706522768,0.6928571428571428
Brain,203025fe-fa99-4d57-81da-458ed8f0c334,3,45,sctrilemma,280,7,0.7785714285714287,0.7792857142857144,0.48928571428571427,0.4892857142857143,0.9438629829706738,0.8399662971496582,0.8522857142857142,0.28295888572692046,0.21272035575633857,0.7014285714285714
Brain,203025fe-fa99-4d57-81da-458ed8f0c334,4,46,scvi,280,7,0.732142857142857,0.7732142857142856,0.4571428571428572,0.4571428571428572,0.8896017851058374,0.712384045124054,0.8435,0.26141698036022043,0.08558240757479071,0.7500000000000001
Brain,203025fe-fa99-4d57-81da-458ed8f0c334,4,46,cellplm,280,7,0.7571428571428571,0.7467857142857143,0.5285714285714286,0.5285714285714286,0.915022012072762,0.6555617451667786,0.8702857142857142,0.1720520785593369,0.10995245670490458,0.6414285714285715
Brain,203025fe-fa99-4d57-81da-458ed8f0c334,4,46,scprint,280,7,0.5428571428571429,0.48750000000000004,0.4678571428571429,0.4678571428571429,0.8893267702702032,0.785003125667572,0.7606785714285714,0.38871694262094897,0.1540323640531649,0.6857142857142857
Brain,203025fe-fa99-4d57-81da-458ed8f0c334,4,46,sctrilemma,280,7,0.7535714285714286,0.7675000000000001,0.4714285714285715,0.4714285714285715,0.949571468392863,0.8598132133483887,0.8341428571428572,0.25432128039488344,0.1877339381928627,0.6685714285714285
Brain,203025fe-fa99-4d57-81da-458ed8f0c334,5,47,scvi,280,7,0.7357142857142855,0.760357142857143,0.44642857142857145,0.44642857142857145,0.8946752480304067,0.7397856116294861,0.8334642857142859,0.2169082205450677,0.09064554607089693,0.6714285714285714
Brain,203025fe-fa99-4d57-81da-458ed8f0c334,5,47,cellplm,280,7,0.717857142857143,0.7285714285714286,0.4428571428571429,0.4428571428571428,0.9079179263232184,0.6407912373542786,0.8504285714285713,0.16988490657011823,0.1313535814133327,0.66
Brain,203025fe-fa99-4d57-81da-458ed8f0c334,5,47,scprint,280,7,0.5535714285714286,0.505,0.4535714285714286,0.4535714285714286,0.8735152362877199,0.7522484660148621,0.7355714285714284,0.4296514443740701,0.1776910107921378,0.7457142857142858
Brain,203025fe-fa99-4d57-81da-458ed8f0c334,5,47,sctrilemma,280,7,0.75,0.7521428571428571,0.5,0.5,0.9431728524292103,0.8539609909057617,0.8355,0.2950245187503352,0.2175805633126188,0.6942857142857143
Brain,203025fe-fa99-4d57-81da-458ed8f0c334,6,48,scvi,280,7,0.75,0.7621428571428571,0.4428571428571428,0.4428571428571428,0.8783065631612378,0.7298995852470398,0.8056428571428571,0.21401625848507738,0.08340461439705046,0.7228571428571426
Brain,203025fe-fa99-4d57-81da-458ed8f0c334,6,48,cellplm,280,7,0.7464285714285714,0.7350000000000001,0.4357142857142858,0.4357142857142858,0.9143292393839585,0.662371039390564,0.876392857142857,0.15754265646728105,0.12023589867762809,0.6342857142857142
Brain,203025fe-fa99-4d57-81da-458ed8f0c334,6,48,scprint,280,7,0.5357142857142858,0.4839285714285714,0.4107142857142857,0.4107142857142857,0.8668134663537728,0.7479057312011719,0.72675,0.4001481760771571,0.18737316305727486,0.7057142857142856
Brain,203025fe-fa99-4d57-81da-458ed8f0c334,6,48,sctrilemma,280,7,0.7607142857142859,0.7650000000000001,0.5035714285714286,0.5035714285714286,0.9471871275898894,0.8575252890586853,0.8619642857142856,0.2827138344044123,0.19960803297877275,0.6871428571428572
Brain,203025fe-fa99-4d57-81da-458ed8f0c334,7,49,scvi,280,7,0.7642857142857142,0.7742857142857144,0.425,0.425,0.8789519754470362,0.6957902312278748,0.8015714285714285,0.21436168568933914,0.09009414397327221,0.6842857142857143
Brain,203025fe-fa99-4d57-81da-458ed8f0c334,7,49,cellplm,280,7,0.717857142857143,0.7189285714285714,0.4750000000000001,0.4750000000000001,0.9029728695675284,0.6261175870895386,0.8429642857142857,0.1666991668684231,0.11816236760126142,0.6171428571428571
Brain,203025fe-fa99-4d57-81da-458ed8f0c334,7,49,scprint,280,7,0.5750000000000002,0.5175,0.4964285714285714,0.49642857142857144,0.8837234921709218,0.7664974331855774,0.7525357142857143,0.3984201020658556,0.17403202536930715,0.7128571428571429
Brain,203025fe-fa99-4d57-81da-458ed8f0c334,7,49,sctrilemma,280,7,0.7607142857142859,0.7635714285714286,0.4821428571428572,0.4821428571428572,0.9336170251914898,0.8330416083335876,0.805642857142857,0.24640102327939536,0.1931615825015275,0.6714285714285715
Brain,203025fe-fa99-4d57-81da-458ed8f0c334,8,50,scvi,280,7,0.7321428571428572,0.7642857142857145,0.5107142857142856,0.5107142857142857,0.874882541081888,0.7053952813148499,0.8171785714285715,0.2318345280274914,0.08763051762066418,0.7442857142857143
Brain,203025fe-fa99-4d57-81da-458ed8f0c334,8,50,cellplm,280,7,0.7571428571428571,0.7335714285714285,0.4678571428571428,0.46785714285714286,0.9028074154078374,0.671575665473938,0.8562142857142858,0.1753317474962594,0.13437097151211289,0.6485714285714286
Brain,203025fe-fa99-4d57-81da-458ed8f0c334,8,50,scprint,280,7,0.5214285714285716,0.49642857142857144,0.4678571428571429,0.4678571428571429,0.8896858149406884,0.7790268659591675,0.7593214285714287,0.42558946449374974,0.17236461167574155,0.7414285714285713
Brain,203025fe-fa99-4d57-81da-458ed8f0c334,8,50,sctrilemma,280,7,0.7714285714285716,0.7814285714285715,0.46071428571428574,0.46071428571428574,0.9401080589862285,0.8364079594612122,0.8461785714285713,0.2562868674477944,0.20288076443903538,0.6928571428571428
Brain,203025fe-fa99-4d57-81da-458ed8f0c334,9,51,scvi,280,7,0.75,0.7785714285714287,0.5,0.5,0.8981870621451895,0.739410400390625,0.8538214285714286,0.23537530597615192,0.0848465886637195,0.7000000000000001
Brain,203025fe-fa99-4d57-81da-458ed8f0c334,9,51,cellplm,280,7,0.75,0.7414285714285713,0.46428571428571425,0.46428571428571425,0.927811870598702,0.7177044749259949,0.8906428571428571,0.1724638096821495,0.12673827074727687,0.62
Brain,203025fe-fa99-4d57-81da-458ed8f0c334,9,51,scprint,280,7,0.5785714285714285,0.4839285714285714,0.37857142857142856,0.37857142857142856,0.8737278627484675,0.7510666251182556,0.742357142857143,0.4480097665928193,0.22366645400125343,0.7328571428571429
Brain,203025fe-fa99-4d57-81da-458ed8f0c334,9,51,sctrilemma,280,7,0.75,0.7682142857142857,0.4571428571428572,0.4571428571428572,0.9518971176378412,0.8621967434883118,0.8709642857142856,0.2949489013920389,0.22810346355112548,0.7242857142857143
Brain,203025fe-fa99-4d57-81da-458ed8f0c334,10,52,scvi,280,7,0.7464285714285714,0.755,0.4785714285714286,0.4785714285714286,0.8889315613439167,0.7291457056999207,0.8285357142857144,0.22069554709426084,0.08117972422462592,0.6942857142857142
Brain,203025fe-fa99-4d57-81da-458ed8f0c334,10,52,cellplm,280,7,0.7392857142857143,0.7225,0.4857142857142857,0.48571428571428577,0.9182177552444729,0.643487811088562,0.873,0.1647683835842935,0.12623001047093,0.6014285714285714
Brain,203025fe-fa99-4d57-81da-458ed8f0c334,10,52,scprint,280,7,0.5571428571428572,0.49535714285714283,0.4321428571428571,0.4321428571428571,0.8813550091261795,0.7633601427078247,0.75,0.44989390710167304,0.18022549744517305,0.7000000000000001
Brain,203025fe-fa99-4d57-81da-458ed8f0c334,10,52,sctrilemma,280,7,0.7535714285714288,0.7675000000000001,0.4928571428571428,0.4928571428571429,0.9494925104787235,0.8652764558792114,0.8517857142857143,0.29315941773497656,0.18450843157123678,0.7085714285714285
Brain,203025fe-fa99-4d57-81da-458ed8f0c334,11,53,scvi,280,7,0.7392857142857143,0.7785714285714285,0.43928571428571433,0.43928571428571433,0.8653167029834322,0.6862231492996216,0.81175,0.21336290060043614,0.07234056563489509,0.7128571428571429
Brain,203025fe-fa99-4d57-81da-458ed8f0c334,11,53,cellplm,280,7,0.7428571428571429,0.7307142857142856,0.40714285714285714,0.40714285714285714,0.880230639754295,0.6088748574256897,0.8375357142857143,0.17681894446802351,0.12714561402945174,0.6557142857142857
Brain,203025fe-fa99-4d57-81da-458ed8f0c334,11,53,scprint,280,7,0.5535714285714286,0.5032142857142856,0.4678571428571429,0.4678571428571429,0.8724774130743636,0.7609621286392212,0.7314999999999999,0.3886590843454183,0.15856308008084866,0.6928571428571428
Brain,203025fe-fa99-4d57-81da-458ed8f0c334,11,53,sctrilemma,280,7,0.7642857142857145,0.7739285714285713,0.5000000000000001,0.5,0.9442391024291087,0.8593811988830566,0.8314285714285715,0.26965801673170553,0.184276708654638,0.6885714285714285
Brain,203025fe-fa99-4d57-81da-458ed8f0c334,12,54,scvi,280,7,0.7357142857142858,0.7596428571428571,0.4714285714285714,0.4714285714285714,0.8873950077396268,0.733194887638092,0.8226071428571429,0.22695469966389542,0.10238353641328227,0.7157142857142856
Brain,203025fe-fa99-4d57-81da-458ed8f0c334,12,54,cellplm,280,7,0.7571428571428571,0.7457142857142858,0.48214285714285715,0.48214285714285715,0.9150914845292442,0.6553331613540649,0.8689285714285714,0.16935793670579025,0.1372186417608096,0.6371428571428571
Brain,203025fe-fa99-4d57-81da-458ed8f0c334,12,54,scprint,280,7,0.55,0.5007142857142858,0.4714285714285715,0.4714285714285715,0.8709622487882345,0.7442278265953064,0.7172499999999999,0.37912593223090363,0.17472712093687282,0.6685714285714287
Brain,203025fe-fa99-4d57-81da-458ed8f0c334,12,54,sctrilemma,280,7,0.7750000000000001,0.7853571428571429,0.5321428571428571,0.5321428571428571,0.9487880921552978,0.8605398535728455,0.8395714285714286,0.25084831260007834,0.18943577334196152,0.6514285714285715
Brain,203025fe-fa99-4d57-81da-458ed8f0c334,13,55,scvi,280,7,0.7607142857142859,0.7621428571428572,0.4285714285714285,0.4285714285714285,0.8650464496408132,0.690339982509613,0.7805357142857143,0.19252346371050608,0.08770128674095783,0.6685714285714285
Brain,203025fe-fa99-4d57-81da-458ed8f0c334,13,55,cellplm,280,7,0.7249999999999999,0.7253571428571428,0.5,0.5,0.8952859013140874,0.5885220170021057,0.8585714285714285,0.14595325469429893,0.1187017357970923,0.62
Brain,203025fe-fa99-4d57-81da-458ed8f0c334,13,55,scprint,280,7,0.4964285714285714,0.48,0.4678571428571428,0.4678571428571428,0.8737352716301242,0.7454644441604614,0.7457500000000001,0.36399950341149434,0.17846355604131153,0.6828571428571429
Brain,203025fe-fa99-4d57-81da-458ed8f0c334,13,55,sctrilemma,280,7,0.7357142857142858,0.7467857142857144,0.48214285714285715,0.48214285714285715,0.9378264503188225,0.8466624021530151,0.8137857142857144,0.2531665243969516,0.19104736583922902,0.66
Brain,203025fe-fa99-4d57-81da-458ed8f0c334,14,56,scvi,280,7,0.7428571428571429,0.7921428571428571,0.43571428571428567,0.4357142857142858,0.8795200814078834,0.7121538519859314,0.8100714285714287,0.24548303273759445,0.09154376600652879,0.74
Brain,203025fe-fa99-4d57-81da-458ed8f0c334,14,56,cellplm,280,7,0.7642857142857142,0.7389285714285715,0.4928571428571428,0.4928571428571428,0.914552753815262,0.6675041913986206,0.8852142857142856,0.17477126027618603,0.12713506787816145,0.64
Brain,203025fe-fa99-4d57-81da-458ed8f0c334,14,56,scprint,280,7,0.5392857142857144,0.5035714285714286,0.4178571428571428,0.4178571428571428,0.8761686683616703,0.7617149949073792,0.723357142857143,0.4183596832593914,0.18340741563813429,0.6842857142857144
Brain,203025fe-fa99-4d57-81da-458ed8f0c334,14,56,sctrilemma,280,7,0.7785714285714287,0.7853571428571429,0.4928571428571429,0.4928571428571428,0.9438363197293471,0.8560221791267395,0.841607142857143,0.2841961701900703,0.19014362797066062,0.6857142857142858
Brain,203025fe-fa99-4d57-81da-458ed8f0c334,15,57,scvi,280,7,0.7392857142857143,0.765357142857143,0.4178571428571428,0.4178571428571428,0.8740301326143298,0.7037890553474426,0.8095357142857144,0.2295145019123995,0.09367361647649229,0.7428571428571428
Brain,203025fe-fa99-4d57-81da-458ed8f0c334,15,57,cellplm,280,7,0.7250000000000001,0.7271428571428571,0.47857142857142854,0.47857142857142854,0.9055436813825278,0.62102872133255,0.8490714285714286,0.1447752789513432,0.12626259177049964,0.6271428571428571
Brain,203025fe-fa99-4d57-81da-458ed8f0c334,15,57,scprint,280,7,0.5571428571428572,0.5010714285714285,0.42142857142857143,0.42142857142857143,0.8883160427118072,0.7611204981803894,0.7622142857142858,0.3949449447737235,0.1831969676474066,0.7157142857142856
Brain,203025fe-fa99-4d57-81da-458ed8f0c334,15,57,sctrilemma,280,7,0.7785714285714287,0.7639285714285715,0.4785714285714286,0.4785714285714286,0.9479487283316829,0.8595659136772156,0.8599285714285714,0.271787767088394,0.19728316813137456,0.6914285714285714
Brain,203025fe-fa99-4d57-81da-458ed8f0c334,16,58,scvi,280,7,0.7285714285714286,0.7657142857142858,0.4964285714285714,0.4964285714285714,0.8887845361372692,0.7197545766830444,0.8351785714285714,0.20985001635683403,0.0927025686578912,0.6771428571428572
Brain,203025fe-fa99-4d57-81da-458ed8f0c334,16,58,cellplm,280,7,0.7392857142857143,0.7242857142857142,0.4392857142857142,0.4392857142857142,0.9137299143953095,0.6647750735282898,0.883357142857143,0.16735302205369554,0.13271371962582754,0.6214285714285716
Brain,203025fe-fa99-4d57-81da-458ed8f0c334,16,58,scprint,280,7,0.532142857142857,0.4689285714285715,0.39642857142857146,0.3964285714285714,0.8676410298656886,0.7522834539413452,0.7369285714285715,0.38494133226691357,0.17900921226175753,0.6528571428571429
Brain,203025fe-fa99-4d57-81da-458ed8f0c334,16,58,sctrilemma,280,7,0.7357142857142858,0.7621428571428572,0.5142857142857143,0.5142857142857143,0.9508556693332976,0.8512911200523376,0.8641785714285716,0.2596913116864507,0.19538420101902293,0.6485714285714286
Brain,203025fe-fa99-4d57-81da-458ed8f0c334,17,59,scvi,280,7,0.7357142857142858,0.7617857142857143,0.5142857142857143,0.5142857142857143,0.8764007901854374,0.7026895880699158,0.8029285714285715,0.24759025326327316,0.08401908915658869,0.7657142857142857
Brain,203025fe-fa99-4d57-81da-458ed8f0c334,17,59,cellplm,280,7,0.7464285714285714,0.7171428571428571,0.45357142857142857,0.45357142857142857,0.9137162410726574,0.6401267647743225,0.8667142857142858,0.15990619334429187,0.13596253872513742,0.6328571428571429
Brain,203025fe-fa99-4d57-81da-458ed8f0c334,17,59,scprint,280,7,0.5285714285714287,0.4939285714285715,0.46428571428571436,0.46428571428571436,0.8665092570707897,0.7572457194328308,0.7253928571428572,0.39084023037310056,0.1685377518382005,0.6728571428571428
Brain,203025fe-fa99-4d57-81da-458ed8f0c334,17,59,sctrilemma,280,7,0.7535714285714286,0.7639285714285715,0.5428571428571428,0.5428571428571428,0.9499088101821329,0.8608733415603638,0.8551785714285715,0.30390219362270704,0.22658330990516068,0.7299999999999999
Brain,203025fe-fa99-4d57-81da-458ed8f0c334,18,60,scvi,280,7,0.7321428571428572,0.7703571428571429,0.44642857142857145,0.44642857142857145,0.8745811320241214,0.6988879442214966,0.8044642857142856,0.21242566491850348,0.07849854682714019,0.7042857142857144
Brain,203025fe-fa99-4d57-81da-458ed8f0c334,18,60,cellplm,280,7,0.7107142857142856,0.7228571428571429,0.4607142857142857,0.4607142857142857,0.9088044991175572,0.5999515652656555,0.8633214285714287,0.14172848343506797,0.11846334334084958,0.6057142857142858
Brain,203025fe-fa99-4d57-81da-458ed8f0c334,18,60,scprint,280,7,0.5642857142857143,0.49535714285714283,0.48571428571428577,0.48571428571428577,0.8832239300556893,0.7750412225723267,0.7518571428571429,0.40652487829337136,0.19854090705478464,0.6828571428571429
Brain,203025fe-fa99-4d57-81da-458ed8f0c334,18,60,sctrilemma,280,7,0.767857142857143,0.7707142857142857,0.4785714285714286,0.4785714285714286,0.9512022929546948,0.8611089587211609,0.8707857142857144,0.26386362823623966,0.1936668240783909,0.6814285714285714
Brain,203025fe-fa99-4d57-81da-458ed8f0c334,19,61,scvi,280,7,0.7428571428571429,0.770357142857143,0.4107142857142857,0.4107142857142857,0.87708867946764,0.7104489207267761,0.82175,0.21424367609491982,0.09804629794486379,0.7442857142857143
Brain,203025fe-fa99-4d57-81da-458ed8f0c334,19,61,cellplm,280,7,0.7071428571428571,0.7146428571428571,0.4714285714285715,0.4714285714285715,0.9039737862569166,0.6268349289894104,0.8526428571428573,0.1636307780276161,0.134675952670002,0.5928571428571429
Brain,203025fe-fa99-4d57-81da-458ed8f0c334,19,61,scprint,280,7,0.5607142857142857,0.5092857142857143,0.5071428571428571,0.5071428571428571,0.8895011798376969,0.7811959385871887,0.7579642857142856,0.3966737751993813,0.18042180565126933,0.6828571428571429
Brain,203025fe-fa99-4d57-81da-458ed8f0c334,19,61,sctrilemma,280,7,0.7607142857142859,0.7739285714285715,0.47500000000000003,0.47500000000000003,0.9451778202073611,0.8574424386024475,0.8159999999999998,0.2563722301485668,0.21223817496566594,0.6757142857142858
Tendon,acd544d0-4d8b-46c7-98b3-fc48f7e6fdb7,0,42,scvi,160,4,0.525,0.7018749999999999,0.625,0.625,0.836176794715281,0.6721434593200684,0.724375,0.2660088906990141,0.13088616981831666,0.7525
Tendon,acd544d0-4d8b-46c7-98b3-fc48f7e6fdb7,0,42,cellplm,160,4,0.44999999999999996,0.61875,0.625,0.625,0.8146517738300447,0.5224037170410156,0.7611874999999999,0.2654549421575064,0.14903720145352778,0.73
Tendon,acd544d0-4d8b-46c7-98b3-fc48f7e6fdb7,0,42,scprint,160,4,0.38125,0.45499999999999996,0.58125,0.58125,0.9135898678422868,0.811506986618042,0.7493125,0.47680465964998975,0.1923945722438057,0.7725
Tendon,acd544d0-4d8b-46c7-98b3-fc48f7e6fdb7,0,42,sctrilemma,160,4,0.53125,0.663125,0.7250000000000001,0.7250000000000001,0.9345662284930605,0.8666199445724487,0.6935,0.4217438384872534,0.3039019567580359,0.885
Tendon,acd544d0-4d8b-46c7-98b3-fc48f7e6fdb7,1,43,scvi,160,4,0.51875,0.6875,0.5,0.5,0.7500053187201574,0.5772253274917603,0.5688125,0.2585511713094546,0.13726385006334563,0.7425
Tendon,acd544d0-4d8b-46c7-98b3-fc48f7e6fdb7,1,43,cellplm,160,4,0.45625000000000004,0.60125,0.4875,0.4875,0.8254803261679788,0.5630993843078613,0.705375,0.23811271454172428,0.17059520608649759,0.7324999999999999
Tendon,acd544d0-4d8b-46c7-98b3-fc48f7e6fdb7,1,43,scprint,160,4,0.36249999999999993,0.424375,0.575,0.575,0.8766291201110232,0.7692943811416626,0.627,0.43893647192866575,0.18741423448456418,0.7175
Tendon,acd544d0-4d8b-46c7-98b3-fc48f7e6fdb7,1,43,sctrilemma,160,4,0.48124999999999996,0.608125,0.58125,0.58125,0.8979386756162584,0.8116143345832825,0.5878125000000001,0.4388403499649694,0.322810163178702,0.8925000000000001
Tendon,acd544d0-4d8b-46c7-98b3-fc48f7e6fdb7,2,44,scvi,160,4,0.54375,0.69625,0.6875,0.6875,0.875221242321332,0.6745890378952026,0.7825625,0.26706371445939675,0.11487939159558641,0.76
Tendon,acd544d0-4d8b-46c7-98b3-fc48f7e6fdb7,2,44,cellplm,160,4,0.51875,0.646875,0.61875,0.61875,0.8784683230680654,0.5938875675201416,0.8268125,0.2226644659675792,0.1455061796280853,0.7224999999999999
Tendon,acd544d0-4d8b-46c7-98b3-fc48f7e6fdb7,2,44,scprint,160,4,0.30625,0.41250000000000003,0.5812499999999999,0.5812499999999999,0.8971352598527756,0.7827102541923523,0.70775,0.44226273338665145,0.20618925722206052,0.7725
Tendon,acd544d0-4d8b-46c7-98b3-fc48f7e6fdb7,2,44,sctrilemma,160,4,0.46875,0.628125,0.6375,0.6375,0.9302853415959846,0.8493434190750122,0.7065625,0.3979373502800499,0.3064455860414569,0.8525
Tendon,acd544d0-4d8b-46c7-98b3-fc48f7e6fdb7,3,45,scvi,160,4,0.40625,0.6243749999999999,0.55,0.5499999999999999,0.7867921311690463,0.6008731126785278,0.6400625,0.22972506238654108,0.13028534653936036,0.7000000000000001
Tendon,acd544d0-4d8b-46c7-98b3-fc48f7e6fdb7,3,45,cellplm,160,4,0.4375,0.6018749999999999,0.59375,0.59375,0.8285405542903614,0.48385289311408997,0.7350625000000001,0.247056193131662,0.13849115065020423,0.7424999999999999
Tendon,acd544d0-4d8b-46c7-98b3-fc48f7e6fdb7,3,45,scprint,160,4,0.2749999999999999,0.40062499999999995,0.5,0.5,0.8865458098723863,0.766581654548645,0.6828125,0.45557499325227757,0.2147327197263141,0.7925
Tendon,acd544d0-4d8b-46c7-98b3-fc48f7e6fdb7,3,45,sctrilemma,160,4,0.44375,0.5862499999999999,0.675,0.675,0.9113101808439371,0.8266568183898926,0.6258125000000001,0.410362890185421,0.29516304803420235,0.8525
Tendon,acd544d0-4d8b-46c7-98b3-fc48f7e6fdb7,4,46,scvi,160,4,0.45625000000000004,0.65375,0.6125,0.6125,0.814878628848485,0.6482790112495422,0.705375,0.25988602937697813,0.14246642818520175,0.745
Tendon,acd544d0-4d8b-46c7-98b3-fc48f7e6fdb7,4,46,cellplm,160,4,0.39375000000000004,0.595,0.5625,0.5625,0.8475984766048288,0.5643779039382935,0.7505,0.2623456798385395,0.1619742970199951,0.7324999999999999
Tendon,acd544d0-4d8b-46c7-98b3-fc48f7e6fdb7,4,46,scprint,160,4,0.30625,0.40812499999999996,0.5125,0.5125,0.8939330146505223,0.7769851684570312,0.6875625000000001,0.44108783603375856,0.2053660767908147,0.8275000000000001
Tendon,acd544d0-4d8b-46c7-98b3-fc48f7e6fdb7,4,46,sctrilemma,160,4,0.55,0.6525,0.75,0.75,0.9200711480932539,0.8433539271354675,0.6531250000000001,0.41935628936134806,0.2934313035119487,0.8624999999999999
Tendon,acd544d0-4d8b-46c7-98b3-fc48f7e6fdb7,5,47,scvi,160,4,0.5,0.6599999999999999,0.50625,0.50625,0.79016861781336,0.5845839381217957,0.6661875,0.27258700031382715,0.13836868509448588,0.74
Tendon,acd544d0-4d8b-46c7-98b3-fc48f7e6fdb7,5,47,cellplm,160,4,0.375,0.5662499999999999,0.5875,0.5875,0.84035018802146,0.5098379254341125,0.7413125,0.2679874215928999,0.16715523360627743,0.7550000000000001
Tendon,acd544d0-4d8b-46c7-98b3-fc48f7e6fdb7,5,47,scprint,160,4,0.35624999999999996,0.44999999999999996,0.5874999999999999,0.5874999999999999,0.8945153010265765,0.790885329246521,0.686375,0.4389556919910156,0.20926838891487953,0.7150000000000001
Tendon,acd544d0-4d8b-46c7-98b3-fc48f7e6fdb7,5,47,sctrilemma,160,4,0.55,0.64875,0.61875,0.61875,0.9203045867849473,0.8263465166091919,0.657875,0.45262543115099113,0.31306291605252157,0.9
Tendon,acd544d0-4d8b-46c7-98b3-fc48f7e6fdb7,6,48,scvi,160,4,0.48124999999999996,0.6668750000000001,0.56875,0.56875,0.8083218961654987,0.6635303497314453,0.6970625,0.27313494388463533,0.09908116992415691,0.7750000000000001
Tendon,acd544d0-4d8b-46c7-98b3-fc48f7e6fdb7,6,48,cellplm,160,4,0.4125,0.5987500000000001,0.5812499999999999,0.58125,0.8404019422936938,0.5637630224227905,0.752,0.23031194815590306,0.16108629273648903,0.7350000000000001
Tendon,acd544d0-4d8b-46c7-98b3-fc48f7e6fdb7,6,48,scprint,160,4,0.36875,0.42374999999999996,0.59375,0.59375,0.8962466438931329,0.799315333366394,0.695875,0.4350365291723938,0.20031238419781083,0.79
Tendon,acd544d0-4d8b-46c7-98b3-fc48f7e6fdb7,6,48,sctrilemma,160,4,0.4624999999999999,0.6174999999999999,0.5625,0.5625,0.9140571768413596,0.8212815523147583,0.6543125000000001,0.4384032806805984,0.29889461816400503,0.89
Tendon,acd544d0-4d8b-46c7-98b3-fc48f7e6fdb7,7,49,scvi,160,4,0.40625,0.6268750000000001,0.6125,0.6125,0.8145157522421171,0.6355413794517517,0.6997500000000001,0.27097948702486896,0.1298046233202506,0.745
Tendon,acd544d0-4d8b-46c7-98b3-fc48f7e6fdb7,7,49,cellplm,160,4,0.3999999999999999,0.599375,0.55625,0.55625,0.8527908973482075,0.6036651730537415,0.759125,0.2493068864962434,0.15490261256329504,0.7374999999999999
Tendon,acd544d0-4d8b-46c7-98b3-fc48f7e6fdb7,7,49,scprint,160,4,0.30000000000000004,0.38062500000000005,0.50625,0.50625,0.8794915463414793,0.7732768654823303,0.6460000000000001,0.4623725028482263,0.20963241370795302,0.785
Tendon,acd544d0-4d8b-46c7-98b3-fc48f7e6fdb7,7,49,sctrilemma,160,4,0.4437500000000001,0.61,0.6937500000000001,0.6937500000000001,0.9061125862553855,0.8275490999221802,0.62225,0.4397057386431361,0.30201408520397405,0.885
Tendon,acd544d0-4d8b-46c7-98b3-fc48f7e6fdb7,8,50,scvi,160,4,0.46875,0.6525000000000001,0.5875,0.5874999999999999,0.7946743968357182,0.6314624547958374,0.6768749999999999,0.287140585826467,0.13405378329395684,0.7625000000000001
Tendon,acd544d0-4d8b-46c7-98b3-fc48f7e6fdb7,8,50,cellplm,160,4,0.39375000000000004,0.60125,0.60625,0.60625,0.8489839719270406,0.5709432363510132,0.7813749999999999,0.28890050879350154,0.16323991142454827,0.7474999999999999
Tendon,acd544d0-4d8b-46c7-98b3-fc48f7e6fdb7,8,50,scprint,160,4,0.28125,0.410625,0.6625,0.6625,0.915525374758696,0.8211655616760254,0.7457499999999999,0.441288839425917,0.1964418365155847,0.7725
Tendon,acd544d0-4d8b-46c7-98b3-fc48f7e6fdb7,8,50,sctrilemma,160,4,0.53125,0.634375,0.7437499999999999,0.7437499999999999,0.9334765835347067,0.8606017231941223,0.7398125,0.44857129518417005,0.29317276063670217,0.87
Tendon,acd544d0-4d8b-46c7-98b3-fc48f7e6fdb7,9,51,scvi,160,4,0.46875,0.6456249999999999,0.5875,0.5875,0.822444352780987,0.6460719108581543,0.695875,0.2977015159394045,0.13734160756841782,0.7825
Tendon,acd544d0-4d8b-46c7-98b3-fc48f7e6fdb7,9,51,cellplm,160,4,0.34375,0.581875,0.5499999999999999,0.5499999999999999,0.8709206214513511,0.5820538401603699,0.7885,0.2557803797907714,0.172251836099512,0.7675000000000001
Tendon,acd544d0-4d8b-46c7-98b3-fc48f7e6fdb7,9,51,scprint,160,4,0.35,0.424375,0.625,0.625,0.8915016950217458,0.7750464081764221,0.684,0.45973272161407175,0.20556312145324274,0.815
Tendon,acd544d0-4d8b-46c7-98b3-fc48f7e6fdb7,9,51,sctrilemma,160,4,0.50625,0.619375,0.65625,0.65625,0.9178270336184754,0.8267587423324585,0.6756875,0.447250017290028,0.3235882966439453,0.895
Tendon,acd544d0-4d8b-46c7-98b3-fc48f7e6fdb7,10,52,scvi,160,4,0.5,0.66125,0.675,0.675,0.9043410362088201,0.6736940145492554,0.8300625,0.261951354522028,0.11644277592553454,0.7575000000000001
Tendon,acd544d0-4d8b-46c7-98b3-fc48f7e6fdb7,10,52,cellplm,160,4,0.45625000000000004,0.6168750000000001,0.66875,0.66875,0.9383530107394243,0.659197211265564,0.8419375,0.2296746314165436,0.1718110362455545,0.725
Tendon,acd544d0-4d8b-46c7-98b3-fc48f7e6fdb7,10,52,scprint,160,4,0.35,0.42375,0.7000000000000001,0.7000000000000001,0.9210899810242013,0.8223460912704468,0.7695000000000001,0.37855029225810866,0.18999805772303086,0.7125
Tendon,acd544d0-4d8b-46c7-98b3-fc48f7e6fdb7,10,52,sctrilemma,160,4,0.51875,0.6200000000000001,0.68125,0.68125,0.9389485346870949,0.8503008484840393,0.7374375,0.43066784265962743,0.29387383738892464,0.8975000000000001
Tendon,acd544d0-4d8b-46c7-98b3-fc48f7e6fdb7,11,53,scvi,160,4,0.5625,0.7262500000000001,0.7,0.7,0.8922718113598597,0.7498253583908081,0.8063125,0.2594664317075121,0.11445349148403916,0.73
Tendon,acd544d0-4d8b-46c7-98b3-fc48f7e6fdb7,11,53,cellplm,160,4,0.4937499999999999,0.68875,0.7125,0.7125,0.8933748543487007,0.5616593360900879,0.8300625,0.2630079029096748,0.16215434484069627,0.7525000000000001
Tendon,acd544d0-4d8b-46c7-98b3-fc48f7e6fdb7,11,53,scprint,160,4,0.40625,0.43937499999999996,0.6,0.6,0.9053464548120113,0.7978346943855286,0.7314999999999999,0.4444592734881859,0.19261375837749692,0.8125
Tendon,acd544d0-4d8b-46c7-98b3-fc48f7e6fdb7,11,53,sctrilemma,160,4,0.55625,0.6668750000000001,0.7,0.7,0.9275400335926226,0.8446381092071533,0.7018125,0.43352072257832325,0.3058215476227124,0.875
Tendon,acd544d0-4d8b-46c7-98b3-fc48f7e6fdb7,12,54,scvi,160,4,0.48750000000000004,0.6831250000000001,0.625,0.625,0.849417596674532,0.6769660711288452,0.7421875,0.25369236763916,0.13703915298894498,0.7550000000000001
Tendon,acd544d0-4d8b-46c7-98b3-fc48f7e6fdb7,12,54,cellplm,160,4,0.39375000000000004,0.5675,0.5125,0.5125,0.878589900273786,0.5034431219100952,0.7706875,0.2073865494670695,0.18377065296808293,0.6775
Tendon,acd544d0-4d8b-46c7-98b3-fc48f7e6fdb7,12,54,scprint,160,4,0.36249999999999993,0.405,0.6,0.6000000000000001,0.8889925277706883,0.7652655839920044,0.6970624999999999,0.46643374700988854,0.24314268269729564,0.8049999999999999
Tendon,acd544d0-4d8b-46c7-98b3-fc48f7e6fdb7,12,54,sctrilemma,160,4,0.44375,0.6100000000000001,0.625,0.625,0.9114489108029538,0.8301230669021606,0.6495625,0.4241590086850824,0.2951196316753002,0.8799999999999999
Tendon,acd544d0-4d8b-46c7-98b3-fc48f7e6fdb7,13,55,scvi,160,4,0.54375,0.69625,0.625,0.625,0.8106630761082506,0.6350667476654053,0.7077499999999999,0.27516896308886984,0.15450359896858085,0.75
Tendon,acd544d0-4d8b-46c7-98b3-fc48f7e6fdb7,13,55,cellplm,160,4,0.43125,0.6174999999999999,0.55625,0.55625,0.8835163358198603,0.6418794989585876,0.782875,0.2669706936257548,0.17714799707905865,0.76
Tendon,acd544d0-4d8b-46c7-98b3-fc48f7e6fdb7,13,55,scprint,160,4,0.25625,0.40249999999999997,0.65625,0.65625,0.8895261528162303,0.780424952507019,0.6768749999999999,0.4065321178191655,0.19416819531296461,0.7100000000000001
Tendon,acd544d0-4d8b-46c7-98b3-fc48f7e6fdb7,13,55,sctrilemma,160,4,0.5187499999999999,0.6299999999999999,0.64375,0.64375,0.9103665302712791,0.8143531680107117,0.6661875,0.4436914401785492,0.31842385458628053,0.8825000000000001
Tendon,acd544d0-4d8b-46c7-98b3-fc48f7e6fdb7,14,56,scvi,160,4,0.475,0.645,0.56875,0.56875,0.7924461624470632,0.6382628679275513,0.681625,0.26053020995669895,0.13165768219005733,0.7525000000000001
Tendon,acd544d0-4d8b-46c7-98b3-fc48f7e6fdb7,14,56,cellplm,160,4,0.38750000000000007,0.615625,0.5874999999999999,0.5875,0.8721748221800472,0.5734798908233643,0.78675,0.2585017008314209,0.17163079119661312,0.7475
Tendon,acd544d0-4d8b-46c7-98b3-fc48f7e6fdb7,14,56,scprint,160,4,0.20625,0.36,0.59375,0.59375,0.8903040154900521,0.7875037789344788,0.667375,0.4558767172351972,0.19226885394021243,0.79
Tendon,acd544d0-4d8b-46c7-98b3-fc48f7e6fdb7,14,56,sctrilemma,160,4,0.475,0.62625,0.65625,0.65625,0.9291934541918925,0.8465632200241089,0.662625,0.4141599325997142,0.3018604738248332,0.9125
Tendon,acd544d0-4d8b-46c7-98b3-fc48f7e6fdb7,15,57,scvi,160,4,0.41874999999999996,0.634375,0.54375,0.54375,0.7721732186948904,0.6137788891792297,0.6555,0.2646198250411431,0.14961516327967628,0.7474999999999999
Tendon,acd544d0-4d8b-46c7-98b3-fc48f7e6fdb7,15,57,cellplm,160,4,0.34375,0.559375,0.575,0.575,0.7946966771494887,0.5137250423431396,0.7326874999999999,0.23800637008300457,0.15181609754739947,0.7275
Tendon,acd544d0-4d8b-46c7-98b3-fc48f7e6fdb7,15,57,scprint,160,4,0.31875,0.4425,0.7125,0.7125,0.9105501204330128,0.8085711002349854,0.7231875000000001,0.47893231713155704,0.23026075473480972,0.8175000000000001
Tendon,acd544d0-4d8b-46c7-98b3-fc48f7e6fdb7,15,57,sctrilemma,160,4,0.4750000000000001,0.586875,0.71875,0.71875,0.9182329126566942,0.8369073867797852,0.6329375000000002,0.42502053325140493,0.30835150069241635,0.875
Tendon,acd544d0-4d8b-46c7-98b3-fc48f7e6fdb7,16,58,scvi,160,4,0.53125,0.6699999999999999,0.6000000000000001,0.6000000000000001,0.8327099366555628,0.6547394394874573,0.7136875,0.24430503549616397,0.13210887992150733,0.73
Tendon,acd544d0-4d8b-46c7-98b3-fc48f7e6fdb7,16,58,cellplm,160,4,0.42500000000000004,0.5931249999999999,0.5875,0.5875,0.8769428996746116,0.5470107793807983,0.773375,0.25035029997602715,0.16344467764111703,0.76
Tendon,acd544d0-4d8b-46c7-98b3-fc48f7e6fdb7,16,58,scprint,160,4,0.39374999999999993,0.448125,0.5874999999999999,0.5874999999999999,0.9091359574781944,0.8174901008605957,0.7160625,0.44800948158168785,0.19744460909192402,0.75
Tendon,acd544d0-4d8b-46c7-98b3-fc48f7e6fdb7,16,58,sctrilemma,160,4,0.59375,0.6643749999999999,0.63125,0.63125,0.9272246675605978,0.8500083684921265,0.6851875,0.42685407419006965,0.3377164901163849,0.9025000000000001
Tendon,acd544d0-4d8b-46c7-98b3-fc48f7e6fdb7,17,59,scvi,160,4,0.525,0.6993750000000001,0.66875,0.66875,0.8775868466562387,0.7274184226989746,0.786125,0.26527278702176194,0.1368852103320048,0.7575
Tendon,acd544d0-4d8b-46c7-98b3-fc48f7e6fdb7,17,59,cellplm,160,4,0.46875,0.6387499999999999,0.6687500000000001,0.6687500000000001,0.9079145383572127,0.5996745228767395,0.84075,0.2184761042620425,0.15380714289884007,0.7275
Tendon,acd544d0-4d8b-46c7-98b3-fc48f7e6fdb7,17,59,scprint,160,4,0.4,0.435,0.5625,0.5625,0.906329710182804,0.8015285730361938,0.7184375000000001,0.4219104750141894,0.20183946069608388,0.7999999999999999
Tendon,acd544d0-4d8b-46c7-98b3-fc48f7e6fdb7,17,59,sctrilemma,160,4,0.5375,0.6549999999999999,0.70625,0.70625,0.9401286790629392,0.8687765002250671,0.729125,0.419628480700636,0.29552598302598304,0.88
Tendon,acd544d0-4d8b-46c7-98b3-fc48f7e6fdb7,18,60,scvi,160,4,0.475,0.6475,0.5562499999999999,0.55625,0.8065563307766108,0.5819785594940186,0.6970624999999999,0.2517185092323712,0.13162067944995698,0.74
Tendon,acd544d0-4d8b-46c7-98b3-fc48f7e6fdb7,18,60,cellplm,160,4,0.4937499999999999,0.620625,0.59375,0.59375,0.8325251150222207,0.46561968326568604,0.7389375,0.24387078251771716,0.16171900608411435,0.7475
Tendon,acd544d0-4d8b-46c7-98b3-fc48f7e6fdb7,18,60,scprint,160,4,0.29374999999999996,0.42374999999999996,0.55,0.55,0.8871939570180166,0.780324399471283,0.681625,0.46050044684921987,0.229454926144698,0.8
Tendon,acd544d0-4d8b-46c7-98b3-fc48f7e6fdb7,18,60,sctrilemma,160,4,0.475,0.608125,0.65625,0.65625,0.9164919156092297,0.8378453850746155,0.6353125,0.4254829279515142,0.29478531058233254,0.86
Tendon,acd544d0-4d8b-46c7-98b3-fc48f7e6fdb7,19,61,scvi,160,4,0.56875,0.7168749999999999,0.73125,0.73125,0.8913586891020842,0.7112442255020142,0.830375,0.26418142394820593,0.1210113442200598,0.735
Tendon,acd544d0-4d8b-46c7-98b3-fc48f7e6fdb7,19,61,cellplm,160,4,0.44999999999999996,0.62875,0.65,0.65,0.8648575514797426,0.46925076842308044,0.814625,0.22547888082773343,0.1416474174178714,0.7075
Tendon,acd544d0-4d8b-46c7-98b3-fc48f7e6fdb7,19,61,scprint,160,4,0.43125,0.45687500000000003,0.5562499999999999,0.5562499999999999,0.9178618904874706,0.8129228353500366,0.7457499999999999,0.3865265806956177,0.2016968984938417,0.7049999999999998
Tendon,acd544d0-4d8b-46c7-98b3-fc48f7e6fdb7,19,61,sctrilemma,160,4,0.54375,0.659375,0.6375,0.6375,0.9312153980856301,0.8446082472801208,0.710125,0.42191571797002964,0.2641651484965677,0.8425
Colon,829a3cd1-a466-49f1-b2e9-d3f6b7f392e2,0,42,scvi,240,6,0.6291666666666668,0.6179166666666667,0.6375000000000001,0.6375000000000001,0.9280048671085227,0.7390391826629639,0.8910416666666667,0.2156517718028784,0.12646085922548808,0.715
Colon,829a3cd1-a466-49f1-b2e9-d3f6b7f392e2,0,42,cellplm,240,6,0.49583333333333335,0.5800000000000001,0.5458333333333333,0.5458333333333333,0.9641546792003549,0.6692668795585632,0.9047083333333333,0.2546362487043065,0.20466215242368702,0.7283333333333332
Colon,829a3cd1-a466-49f1-b2e9-d3f6b7f392e2,0,42,scprint,240,6,0.44166666666666654,0.49583333333333324,0.6166666666666667,0.6166666666666667,0.8854039080785607,0.774256706237793,0.7386249999999999,0.25804030574450276,0.24397772641934376,0.6683333333333333
Colon,829a3cd1-a466-49f1-b2e9-d3f6b7f392e2,0,42,sctrilemma,240,6,0.5666666666666667,0.6279166666666667,0.6291666666666668,0.6291666666666668,0.8998285179107407,0.7776091694831848,0.74575,0.32405020685920854,0.31832062620244395,0.8116666666666666
Colon,829a3cd1-a466-49f1-b2e9-d3f6b7f392e2,1,43,scvi,240,6,0.65,0.6279166666666667,0.6708333333333334,0.6708333333333334,0.9164106890375923,0.7364726662635803,0.8621249999999998,0.21612356300630955,0.1465262679431917,0.7516666666666666
Colon,829a3cd1-a466-49f1-b2e9-d3f6b7f392e2,1,43,cellplm,240,6,0.47083333333333344,0.5679166666666666,0.5541666666666667,0.5541666666666666,0.9262601033455031,0.6406211256980896,0.844125,0.2894371524315828,0.20571095945207643,0.7799999999999999
Colon,829a3cd1-a466-49f1-b2e9-d3f6b7f392e2,1,43,scprint,240,6,0.4666666666666667,0.47375,0.5458333333333333,0.5458333333333333,0.8744071703750969,0.761592447757721,0.7164583333333333,0.2756869100890829,0.2533085385793067,0.6883333333333335
Colon,829a3cd1-a466-49f1-b2e9-d3f6b7f392e2,1,43,sctrilemma,240,6,0.5041666666666668,0.5891666666666667,0.5666666666666668,0.5666666666666667,0.8887178023147866,0.7649000287055969,0.7481249999999999,0.3513762327991667,0.3269640260986075,0.8083333333333335
Colon,829a3cd1-a466-49f1-b2e9-d3f6b7f392e2,2,44,scvi,240,6,0.525,0.5733333333333333,0.5291666666666667,0.5291666666666667,0.8783139811974859,0.7069143652915955,0.8187916666666667,0.23581143315557598,0.12375491872193688,0.7866666666666666
Colon,829a3cd1-a466-49f1-b2e9-d3f6b7f392e2,2,44,cellplm,240,6,0.5083333333333334,0.5658333333333334,0.5625,0.5625,0.9268098603950911,0.6487173438072205,0.8670833333333334,0.2770397286666615,0.18902181754683958,0.7566666666666667
Colon,829a3cd1-a466-49f1-b2e9-d3f6b7f392e2,2,44,scprint,240,6,0.43333333333333346,0.46791666666666665,0.6,0.6,0.8824180226884962,0.7545619606971741,0.7140833333333334,0.24308576917051986,0.20741132788400518,0.6433333333333332
Colon,829a3cd1-a466-49f1-b2e9-d3f6b7f392e2,2,44,sctrilemma,240,6,0.5666666666666668,0.6216666666666666,0.6333333333333333,0.6333333333333333,0.8950365117452793,0.7789129614830017,0.7315000000000002,0.3345453636161903,0.2784115550090985,0.7916666666666666
Colon,829a3cd1-a466-49f1-b2e9-d3f6b7f392e2,3,45,scvi,240,6,0.5833333333333334,0.5745833333333333,0.5416666666666666,0.5416666666666666,0.885685214206402,0.702342689037323,0.8124583333333334,0.17843274455973632,0.12458658174928283,0.6716666666666665
Colon,829a3cd1-a466-49f1-b2e9-d3f6b7f392e2,3,45,cellplm,240,6,0.5000000000000001,0.5700000000000001,0.5791666666666667,0.5791666666666667,0.9397383315137383,0.7333318591117859,0.8872916666666666,0.2429498865714964,0.20668441418034814,0.7599999999999999
Colon,829a3cd1-a466-49f1-b2e9-d3f6b7f392e2,3,45,scprint,240,6,0.40833333333333344,0.4466666666666666,0.5583333333333333,0.5583333333333333,0.8673194616235218,0.7353711128234863,0.6950833333333333,0.2830460418580916,0.23514140619190446,0.685
Colon,829a3cd1-a466-49f1-b2e9-d3f6b7f392e2,3,45,sctrilemma,240,6,0.5208333333333334,0.5579166666666667,0.5499999999999999,0.5499999999999999,0.8728359523174493,0.7379156947135925,0.703,0.31267986770093037,0.30931023818817655,0.805
Colon,829a3cd1-a466-49f1-b2e9-d3f6b7f392e2,4,46,scvi,240,6,0.5125000000000001,0.5504166666666668,0.5333333333333333,0.5333333333333333,0.8933872783174646,0.7245295643806458,0.8211666666666666,0.22656482705244949,0.13002497559995693,0.7316666666666666
Colon,829a3cd1-a466-49f1-b2e9-d3f6b7f392e2,4,46,cellplm,240,6,0.49583333333333335,0.5333333333333332,0.5208333333333334,0.5208333333333334,0.9290140093425667,0.6595382690429688,0.8769999999999999,0.2948377920674176,0.22345444923950564,0.7566666666666665
Colon,829a3cd1-a466-49f1-b2e9-d3f6b7f392e2,4,46,scprint,240,6,0.4083333333333333,0.44125000000000003,0.5249999999999999,0.5249999999999999,0.8732050893324468,0.7461941242218018,0.672125,0.2818565059894205,0.24668274527756073,0.6666666666666666
Colon,829a3cd1-a466-49f1-b2e9-d3f6b7f392e2,4,46,sctrilemma,240,6,0.525,0.5683333333333334,0.5083333333333333,0.5083333333333334,0.8856673200630525,0.7609474658966064,0.7135000000000001,0.34827140118910166,0.30413525274848063,0.8116666666666665
Colon,829a3cd1-a466-49f1-b2e9-d3f6b7f392e2,5,47,scvi,240,6,0.6166666666666668,0.605,0.5833333333333334,0.5833333333333334,0.8984420131717813,0.7085959911346436,0.8462916666666667,0.18004483009880032,0.1131841753827398,0.7116666666666668
Colon,829a3cd1-a466-49f1-b2e9-d3f6b7f392e2,5,47,cellplm,240,6,0.5125000000000001,0.57125,0.5708333333333334,0.5708333333333334,0.9368288134582677,0.631748378276825,0.85975,0.2587987348946114,0.2044791781616274,0.7599999999999999
Colon,829a3cd1-a466-49f1-b2e9-d3f6b7f392e2,5,47,scprint,240,6,0.45000000000000007,0.4658333333333333,0.5791666666666667,0.5791666666666667,0.880752648556685,0.7412097454071045,0.7037916666666666,0.24813369625069825,0.1935822673676791,0.615
Colon,829a3cd1-a466-49f1-b2e9-d3f6b7f392e2,5,47,sctrilemma,240,6,0.5166666666666667,0.5816666666666667,0.5166666666666667,0.5166666666666667,0.8819425785797004,0.759783923625946,0.6895416666666666,0.29356891443576294,0.26256881965460377,0.7283333333333334
Colon,829a3cd1-a466-49f1-b2e9-d3f6b7f392e2,6,48,scvi,240,6,0.5833333333333334,0.5920833333333333,0.6041666666666666,0.6041666666666666,0.9159738750078689,0.7488992214202881,0.8664999999999999,0.23316300891140992,0.13905104009290395,0.7016666666666668
Colon,829a3cd1-a466-49f1-b2e9-d3f6b7f392e2,6,48,cellplm,240,6,0.49583333333333346,0.5916666666666667,0.6208333333333333,0.6208333333333333,0.9557513250398593,0.7058584690093994,0.9217083333333332,0.30232263367855833,0.22133715025577486,0.7966666666666665
Colon,829a3cd1-a466-49f1-b2e9-d3f6b7f392e2,6,48,scprint,240,6,0.41666666666666674,0.4670833333333333,0.5750000000000001,0.5750000000000001,0.8674607127912345,0.7399129867553711,0.70775,0.2674639982851225,0.2324051119740084,0.6766666666666666
Colon,829a3cd1-a466-49f1-b2e9-d3f6b7f392e2,6,48,sctrilemma,240,6,0.5083333333333334,0.5825,0.5958333333333333,0.5958333333333332,0.8992654009937212,0.7899759411811829,0.7568333333333334,0.3147607235048913,0.30404885532222087,0.7816666666666666
Colon,829a3cd1-a466-49f1-b2e9-d3f6b7f392e2,7,49,scvi,240,6,0.5583333333333333,0.5820833333333333,0.6249999999999999,0.6249999999999999,0.9091653250718106,0.7179253697395325,0.8629583333333333,0.23397313410281775,0.1374201307915973,0.7233333333333333
Colon,829a3cd1-a466-49f1-b2e9-d3f6b7f392e2,7,49,cellplm,240,6,0.5375,0.6054166666666667,0.6208333333333332,0.6208333333333332,0.9610752116349007,0.7307343482971191,0.9114166666666667,0.31495548506819643,0.2107182368412576,0.7683333333333332
Colon,829a3cd1-a466-49f1-b2e9-d3f6b7f392e2,7,49,scprint,240,6,0.45000000000000007,0.49416666666666664,0.6083333333333333,0.6083333333333333,0.8792836276405187,0.7459456920623779,0.7156666666666666,0.23662335382365351,0.20904677621191411,0.6533333333333332
Colon,829a3cd1-a466-49f1-b2e9-d3f6b7f392e2,7,49,sctrilemma,240,6,0.5875,0.63375,0.6291666666666668,0.6291666666666668,0.8949876773291137,0.7717447876930237,0.7053750000000001,0.324071325781458,0.2722290497938414,0.7616666666666667
Colon,829a3cd1-a466-49f1-b2e9-d3f6b7f392e2,8,50,scvi,240,6,0.6125000000000002,0.5954166666666667,0.49583333333333335,0.49583333333333335,0.8721394091348369,0.6966900825500488,0.7956249999999999,0.1957813422077861,0.12910215763661556,0.7466666666666666
Colon,829a3cd1-a466-49f1-b2e9-d3f6b7f392e2,8,50,cellplm,240,6,0.5083333333333334,0.5775000000000001,0.5083333333333333,0.5083333333333333,0.9123515677155892,0.6544885635375977,0.8573749999999999,0.30723868128391724,0.24100506407161462,0.7866666666666667
Colon,829a3cd1-a466-49f1-b2e9-d3f6b7f392e2,8,50,scprint,240,6,0.35,0.4091666666666667,0.5083333333333333,0.5083333333333333,0.8426463026932816,0.7171255946159363,0.6285833333333334,0.2572082464491879,0.2269862910659561,0.6816666666666666
Colon,829a3cd1-a466-49f1-b2e9-d3f6b7f392e2,8,50,sctrilemma,240,6,0.47083333333333344,0.535,0.48333333333333334,0.48333333333333334,0.8472725523252104,0.7243472933769226,0.6309583333333333,0.33095147073852843,0.28260385192933896,0.7616666666666667
Colon,829a3cd1-a466-49f1-b2e9-d3f6b7f392e2,9,51,scvi,240,6,0.5541666666666668,0.58375,0.6291666666666667,0.6291666666666667,0.8804479228301867,0.7131469249725342,0.8150416666666667,0.20702398878216907,0.1244313163068565,0.7316666666666666
Colon,829a3cd1-a466-49f1-b2e9-d3f6b7f392e2,9,51,cellplm,240,6,0.5375,0.6079166666666667,0.5666666666666668,0.5666666666666668,0.9362413202600487,0.6449450850486755,0.8878750000000001,0.28823643370601787,0.21706444254093168,0.7666666666666666
Colon,829a3cd1-a466-49f1-b2e9-d3f6b7f392e2,9,51,scprint,240,6,0.41666666666666663,0.47458333333333325,0.5583333333333333,0.5583333333333333,0.8776703940215349,0.7596902847290039,0.710125,0.2708778438917269,0.2090122030749962,0.7166666666666667
Colon,829a3cd1-a466-49f1-b2e9-d3f6b7f392e2,9,51,sctrilemma,240,6,0.5708333333333334,0.6129166666666667,0.5583333333333332,0.5583333333333332,0.8889853349616325,0.768440306186676,0.7125,0.3161260204203589,0.28132551108034104,0.7783333333333333
Colon,829a3cd1-a466-49f1-b2e9-d3f6b7f392e2,10,52,scvi,240,6,0.5666666666666668,0.58625,0.6125,0.6125,0.8996349698688524,0.7030330300331116,0.8290833333333333,0.2339980800728687,0.14205783323430385,0.7033333333333335
Colon,829a3cd1-a466-49f1-b2e9-d3f6b7f392e2,10,52,cellplm,240,6,0.5083333333333334,0.5687500000000001,0.6208333333333332,0.6208333333333332,0.9550225724161887,0.6455859541893005,0.896375,0.27539071714112323,0.1969213763939758,0.7416666666666667
Colon,829a3cd1-a466-49f1-b2e9-d3f6b7f392e2,10,52,scprint,240,6,0.4125,0.4633333333333334,0.6291666666666667,0.6291666666666667,0.8752746304865564,0.7516226768493652,0.70775,0.21772821891768193,0.22227030419611246,0.6250000000000001
Colon,829a3cd1-a466-49f1-b2e9-d3f6b7f392e2,10,52,sctrilemma,240,6,0.5666666666666667,0.6112500000000001,0.6291666666666667,0.6291666666666667,0.8915085231466702,0.7818171381950378,0.7235833333333334,0.30892696894683563,0.2866554324364326,0.7766666666666667
Colon,829a3cd1-a466-49f1-b2e9-d3f6b7f392e2,11,53,scvi,240,6,0.5875,0.5641666666666667,0.6083333333333334,0.6083333333333334,0.8842901997924051,0.7173056602478027,0.82475,0.22102396228409313,0.12914768755284367,0.7466666666666667
Colon,829a3cd1-a466-49f1-b2e9-d3f6b7f392e2,11,53,cellplm,240,6,0.5291666666666667,0.5587500000000001,0.525,0.525,0.9095792545807042,0.5919701457023621,0.8565833333333334,0.29509313641916163,0.21043409807904245,0.7866666666666667
Colon,829a3cd1-a466-49f1-b2e9-d3f6b7f392e2,11,53,scprint,240,6,0.38750000000000007,0.45666666666666667,0.5708333333333333,0.5708333333333333,0.8722317956726577,0.7478172779083252,0.6808333333333333,0.2262159437353665,0.21418229530812316,0.6216666666666667
Colon,829a3cd1-a466-49f1-b2e9-d3f6b7f392e2,11,53,sctrilemma,240,6,0.5625000000000001,0.5958333333333334,0.6,0.6,0.887462001590565,0.769571840763092,0.7132916666666665,0.3118686724963801,0.285670840811956,0.7883333333333332
Colon,829a3cd1-a466-49f1-b2e9-d3f6b7f392e2,12,54,scvi,240,6,0.5666666666666668,0.6004166666666666,0.5208333333333333,0.5208333333333334,0.8740122353797395,0.6891666054725647,0.805125,0.18914731681769548,0.1223251707400526,0.7200000000000001
Colon,829a3cd1-a466-49f1-b2e9-d3f6b7f392e2,12,54,cellplm,240,6,0.4458333333333334,0.55,0.5,0.5,0.9254477361082638,0.6080001592636108,0.8567916666666666,0.24403119397876372,0.20373226990702278,0.7283333333333334
Colon,829a3cd1-a466-49f1-b2e9-d3f6b7f392e2,12,54,scprint,240,6,0.37083333333333335,0.4520833333333333,0.5874999999999999,0.5874999999999999,0.872103711580998,0.735626220703125,0.676875,0.25980783375293975,0.19741921322163955,0.6383333333333333
Colon,829a3cd1-a466-49f1-b2e9-d3f6b7f392e2,12,54,sctrilemma,240,6,0.5166666666666667,0.57875,0.5333333333333333,0.5333333333333333,0.8706285665413559,0.7430031895637512,0.6879583333333333,0.30339776137652436,0.27245759609949416,0.7716666666666666
Colon,829a3cd1-a466-49f1-b2e9-d3f6b7f392e2,13,55,scvi,240,6,0.5708333333333334,0.6183333333333334,0.5958333333333333,0.5958333333333333,0.898122013457114,0.7287085652351379,0.8328333333333333,0.23710390217244695,0.1481367715424436,0.7616666666666666
Colon,829a3cd1-a466-49f1-b2e9-d3f6b7f392e2,13,55,cellplm,240,6,0.5,0.6091666666666665,0.6041666666666666,0.6041666666666666,0.9528563217993289,0.6449490189552307,0.9177499999999998,0.2990726994117665,0.18273037399788897,0.79
Colon,829a3cd1-a466-49f1-b2e9-d3f6b7f392e2,13,55,scprint,240,6,0.5375000000000001,0.5254166666666666,0.6541666666666667,0.6541666666666667,0.8868088362084419,0.7747623920440674,0.7243750000000001,0.24491479298699123,0.21639592816986328,0.6933333333333332
Colon,829a3cd1-a466-49f1-b2e9-d3f6b7f392e2,13,55,sctrilemma,240,6,0.65,0.68625,0.6124999999999999,0.6124999999999999,0.9014720493409544,0.7880702018737793,0.7275416666666666,0.2900885487173796,0.2846304456530479,0.7666666666666666
Colon,829a3cd1-a466-49f1-b2e9-d3f6b7f392e2,14,56,scvi,240,6,0.5666666666666668,0.5720833333333333,0.5708333333333333,0.5708333333333333,0.8911106874433066,0.7259753346443176,0.8209583333333335,0.1988133052547256,0.13197324308435418,0.7033333333333335
Colon,829a3cd1-a466-49f1-b2e9-d3f6b7f392e2,14,56,cellplm,240,6,0.49583333333333324,0.5479166666666666,0.525,0.525,0.9121008295941778,0.6266555190086365,0.8623333333333334,0.3101028527040653,0.2168850935464093,0.7599999999999999
Colon,829a3cd1-a466-49f1-b2e9-d3f6b7f392e2,14,56,scprint,240,6,0.36250000000000004,0.4395833333333333,0.49583333333333335,0.49583333333333335,0.8706944400887007,0.7427759766578674,0.6887500000000001,0.28563329591540243,0.25417660828962146,0.6900000000000001
Colon,829a3cd1-a466-49f1-b2e9-d3f6b7f392e2,14,56,sctrilemma,240,6,0.5166666666666667,0.5791666666666666,0.5291666666666667,0.5291666666666667,0.8829745139006444,0.75494384765625,0.7156666666666668,0.3502219221074414,0.3097629662574362,0.7999999999999999
Colon,829a3cd1-a466-49f1-b2e9-d3f6b7f392e2,15,57,scvi,240,6,0.6041666666666667,0.6170833333333333,0.5833333333333334,0.5833333333333334,0.9151176957905136,0.7282561659812927,0.8522500000000001,0.18135596821233893,0.11611136216865532,0.6716666666666665
Colon,829a3cd1-a466-49f1-b2e9-d3f6b7f392e2,15,57,cellplm,240,6,0.5083333333333334,0.53625,0.5916666666666667,0.5916666666666667,0.9280951512175233,0.6359415650367737,0.9058750000000001,0.24584428261231514,0.18758872582091934,0.7250000000000001
Colon,829a3cd1-a466-49f1-b2e9-d3f6b7f392e2,15,57,scprint,240,6,0.4458333333333333,0.4525,0.5666666666666667,0.5666666666666667,0.8569324959754088,0.7262439727783203,0.6602500000000001,0.23733082969932776,0.21523274430248127,0.5983333333333333
Colon,829a3cd1-a466-49f1-b2e9-d3f6b7f392e2,15,57,sctrilemma,240,6,0.5458333333333335,0.6054166666666667,0.5624999999999999,0.5624999999999999,0.868042338227177,0.7362516522407532,0.6737083333333334,0.2721808100848251,0.24785433559775905,0.7250000000000001
Colon,829a3cd1-a466-49f1-b2e9-d3f6b7f392e2,16,58,scvi,240,6,0.5625,0.5858333333333333,0.6083333333333333,0.6083333333333333,0.9094837840253882,0.7322700619697571,0.8354166666666667,0.22551377691661242,0.12772936302348067,0.735
Colon,829a3cd1-a466-49f1-b2e9-d3f6b7f392e2,16,58,cellplm,240,6,0.45000000000000007,0.5195833333333333,0.5291666666666667,0.5291666666666667,0.9374146129655205,0.6590559482574463,0.8961666666666667,0.290347010156983,0.20061253685901045,0.755
Colon,829a3cd1-a466-49f1-b2e9-d3f6b7f392e2,16,58,scprint,240,6,0.38750000000000007,0.4487500000000001,0.5625,0.5625,0.8597885624696014,0.7304065823554993,0.6745,0.26351581493509874,0.2140975302537558,0.66
Colon,829a3cd1-a466-49f1-b2e9-d3f6b7f392e2,16,58,sctrilemma,240,6,0.48750000000000004,0.5633333333333334,0.5125000000000001,0.5125000000000001,0.860278951901524,0.7300785183906555,0.6642083333333334,0.29609006285403117,0.26637287857025554,0.7183333333333334
Colon,829a3cd1-a466-49f1-b2e9-d3f6b7f392e2,17,59,scvi,240,6,0.5125000000000001,0.5487500000000001,0.5125000000000001,0.5125,0.9092315892866005,0.7137932181358337,0.8623333333333334,0.1916947008449761,0.11746147242797467,0.6883333333333334
Colon,829a3cd1-a466-49f1-b2e9-d3f6b7f392e2,17,59,cellplm,240,6,0.45833333333333337,0.5341666666666667,0.5375000000000001,0.5375,0.9268213538549334,0.6234135031700134,0.8773750000000001,0.247299346639298,0.21529920565150548,0.725
Colon,829a3cd1-a466-49f1-b2e9-d3f6b7f392e2,17,59,scprint,240,6,0.3458333333333333,0.41250000000000003,0.5291666666666667,0.5291666666666667,0.8657398837390794,0.7390708923339844,0.700625,0.2880983169993048,0.21467101902772182,0.6566666666666667
Colon,829a3cd1-a466-49f1-b2e9-d3f6b7f392e2,17,59,sctrilemma,240,6,0.37916666666666676,0.5145833333333333,0.49583333333333335,0.49583333333333335,0.8620943236106046,0.7301796078681946,0.6697500000000001,0.305780809092548,0.28584545596906646,0.7633333333333333
Colon,829a3cd1-a466-49f1-b2e9-d3f6b7f392e2,18,60,scvi,240,6,0.5708333333333335,0.55125,0.5458333333333333,0.5458333333333333,0.8988668864226335,0.7341235280036926,0.8395833333333335,0.18817877818957884,0.11782960539612013,0.6783333333333333
Colon,829a3cd1-a466-49f1-b2e9-d3f6b7f392e2,18,60,cellplm,240,6,0.5083333333333333,0.5775000000000001,0.5833333333333334,0.5833333333333334,0.9363683432217076,0.6985800862312317,0.876,0.2776863632295033,0.22004858920310744,0.75
Colon,829a3cd1-a466-49f1-b2e9-d3f6b7f392e2,18,60,scprint,240,6,0.3833333333333334,0.4425,0.5375,0.5375,0.8690379989825255,0.746284008026123,0.7227916666666667,0.28679396314156586,0.24521896369422458,0.6999999999999998
Colon,829a3cd1-a466-49f1-b2e9-d3f6b7f392e2,18,60,sctrilemma,240,6,0.5125000000000001,0.5666666666666667,0.5125000000000001,0.5125000000000001,0.8764285018588706,0.7513046860694885,0.6990416666666667,0.3250798262042513,0.2906841310091914,0.8150000000000001
Colon,829a3cd1-a466-49f1-b2e9-d3f6b7f392e2,19,61,scvi,240,6,0.6000000000000001,0.6074999999999999,0.5625,0.5625,0.9005112674044998,0.7217607498168945,0.8235416666666667,0.2284097461462271,0.12638211164364838,0.7466666666666666
Colon,829a3cd1-a466-49f1-b2e9-d3f6b7f392e2,19,61,cellplm,240,6,0.48750000000000004,0.5729166666666667,0.5958333333333333,0.5958333333333333,0.9513991180771277,0.7432000041007996,0.9037083333333333,0.29865712597377503,0.20240163558618182,0.79
Colon,829a3cd1-a466-49f1-b2e9-d3f6b7f392e2,19,61,scprint,240,6,0.4916666666666668,0.50875,0.6125000000000002,0.6125000000000002,0.8913316546077528,0.776920735836029,0.7394166666666666,0.3122461649513903,0.2468421492949794,0.7166666666666668
Colon,829a3cd1-a466-49f1-b2e9-d3f6b7f392e2,19,61,sctrilemma,240,6,0.6375,0.6658333333333333,0.6375000000000001,0.6375000000000001,0.9090112271564426,0.8007216453552246,0.7227916666666666,0.34582020322498,0.2714280254867414,0.7850000000000001
