intervention,alpha,metric,demand,n,base_mean,mean_delta,sem_delta,n_down,n_up,p_wilcoxon
centroid_shrinkage,0.05,ari,identity,89,0.48363038615902487,0.0009108244702257218,0.0012909844079710086,45,44,0.8203709088541774
centroid_shrinkage,0.1,ari,identity,89,0.48363038615902487,0.002131674489033743,0.0018391425346497268,42,47,0.5061537443045176
centroid_shrinkage,0.15,ari,identity,89,0.48363038615902487,0.00039332308765897654,0.00222258517193201,47,42,0.8267393846281575
centroid_shrinkage,0.2,ari,identity,89,0.48363038615902487,-0.003395344770141187,0.002726686394270057,52,37,0.085360178986467
centroid_shrinkage,0.25,ari,identity,89,0.48363038615902487,-0.004989577061784608,0.002867152374128362,53,36,0.0883750307103594
centroid_shrinkage,0.3,ari,identity,89,0.48363038615902487,-0.007462295097156962,0.002561475678490203,54,35,0.002916245293043933
centroid_shrinkage,0.4,ari,identity,89,0.48363038615902487,-0.004332751801984773,0.0027677599302611254,50,39,0.1967696831307858
centroid_shrinkage,0.5,ari,identity,89,0.48363038615902487,-0.0038066718011646483,0.0030227456235117694,47,42,0.4190706753808696
centroid_shrinkage,0.6,ari,identity,89,0.48363038615902487,-0.0030744053352013134,0.0033325835174312884,47,42,0.4503404928345315
centroid_shrinkage,0.75,ari,identity,89,0.48363038615902487,-0.0014447245769987761,0.003189553672336182,44,45,0.9755208674441663
centroid_shrinkage,0.9,ari,identity,89,0.48363038615902487,-0.0015721772460882486,0.003602868050107157,44,45,0.968996039255492
centroid_shrinkage,1.0,ari,identity,89,0.48363038615902487,-0.0015316405456364884,0.003606241024029401,43,46,0.9136626719313917
centroid_shrinkage,0.05,bras,invariance,75,0.8378173462549845,-0.0037216305732727154,0.0002538631352820242,75,0,5.2803729173201584e-14
centroid_shrinkage,0.1,bras,invariance,75,0.8378173462549845,-0.007878992557525638,0.0005252303954410587,75,0,5.2803729173201584e-14
centroid_shrinkage,0.15,bras,invariance,75,0.8378173462549845,-0.01255526781082154,0.000815662932342699,75,0,5.2803729173201584e-14
centroid_shrinkage,0.2,bras,invariance,75,0.8378173462549845,-0.01784897049268088,0.0011269225363805349,75,0,5.2803729173201584e-14
centroid_shrinkage,0.25,bras,invariance,75,0.8378173542022705,-0.023878554900487268,0.0014579933773497188,75,0,5.2803729173201584e-14
centroid_shrinkage,0.3,bras,invariance,75,0.8378173462549845,-0.030789708296457927,0.0018080820285720264,75,0,5.2803729173201584e-14
centroid_shrinkage,0.4,bras,invariance,75,0.8378173462549845,-0.04800448775291443,0.0025641268674725113,75,0,5.2803729173201584e-14
centroid_shrinkage,0.5,bras,invariance,75,0.8378173542022705,-0.07146612683931987,0.0033723129744880377,75,0,5.2803729173201584e-14
centroid_shrinkage,0.6,bras,invariance,75,0.8378173677126567,-0.10365487019220988,0.004181784819669323,75,0,5.2803729173201584e-14
centroid_shrinkage,0.75,bras,invariance,75,0.8378173542022705,-0.17465489824612934,0.00535355421647728,75,0,5.2803729173201584e-14
centroid_shrinkage,0.9,bras,invariance,75,0.8378173677126567,-0.27179568310578667,0.007417733992672265,75,0,5.2803729173201584e-14
centroid_shrinkage,1.0,bras,invariance,75,0.8378173542022705,-0.31125686307748157,0.009908132422290349,75,0,5.2803729173201584e-14
centroid_shrinkage,0.05,clisi_knn,identity,89,0.9729005212194464,0.0007714086704039842,8.066885328216851e-05,4,78,2.0096392738903537e-13
centroid_shrinkage,0.1,clisi_knn,identity,89,0.9729005212194464,0.0014741668540440437,0.00016083780434720876,4,78,3.8618258085889826e-13
centroid_shrinkage,0.15,clisi_knn,identity,89,0.9729005212194464,0.002049397216754022,0.00023455943059493098,6,77,5.60616076671799e-13
centroid_shrinkage,0.2,clisi_knn,identity,89,0.9729005212194464,0.0025288978319489655,0.00031653506264590594,6,77,2.5434697339895555e-12
centroid_shrinkage,0.25,clisi_knn,identity,89,0.9729005212194464,0.0028642476274726185,0.0004078489574335672,7,76,6.8791713950591796e-12
centroid_shrinkage,0.3,clisi_knn,identity,89,0.9729005212194464,0.0031034089206309875,0.0004810917582673581,7,76,2.731261362746823e-11
centroid_shrinkage,0.4,clisi_knn,identity,89,0.9729005212194464,0.0032585303435165003,0.0006015771907402827,10,73,9.351607303044772e-10
centroid_shrinkage,0.5,clisi_knn,identity,89,0.9729005212194464,0.0031702886806445362,0.0006564914811543679,10,73,9.538931854789026e-09
centroid_shrinkage,0.6,clisi_knn,identity,89,0.9729005145222953,0.0031412491637669475,0.0006853226898763363,11,72,1.1199200254590156e-08
centroid_shrinkage,0.75,clisi_knn,identity,89,0.9729005212194464,0.0030989941586269548,0.0006873416292226816,11,72,1.18126231578693e-08
centroid_shrinkage,0.9,clisi_knn,identity,89,0.9729005145222953,0.003106696552105182,0.0006869275861059914,11,72,1.2131456422315293e-08
centroid_shrinkage,1.0,clisi_knn,identity,89,0.9729005212194464,-0.06586790654096711,0.01384198311980307,89,0,2.5509729516632515e-16
centroid_shrinkage,0.05,ilisi_knn,invariance,75,0.21649659601350627,0.00029189559320608687,0.00013257384190037616,25,50,0.001060571683049398
centroid_shrinkage,0.1,ilisi_knn,invariance,75,0.21649659601350627,0.0007110618551572124,0.00022257164105418984,18,57,2.569535094075933e-05
centroid_shrinkage,0.15,ilisi_knn,invariance,75,0.21649659601350627,0.0013640548288822159,0.00035264032761228077,17,58,3.2845923825530316e-06
centroid_shrinkage,0.2,ilisi_knn,invariance,75,0.21649659601350627,0.002286885256568597,0.00048632336249926627,13,62,1.215709435273034e-07
centroid_shrinkage,0.25,ilisi_knn,invariance,75,0.21649659678339958,0.0033106539646784467,0.0006266135108731615,10,65,1.3322280379148172e-08
centroid_shrinkage,0.3,ilisi_knn,invariance,75,0.21649659601350627,0.004449011559287708,0.0007605997180594234,7,68,2.4161218872773855e-09
centroid_shrinkage,0.4,ilisi_knn,invariance,75,0.21649659601350627,0.0069785285741090775,0.001037604626700405,7,68,7.917732335051512e-10
centroid_shrinkage,0.5,ilisi_knn,invariance,75,0.21649659678339958,0.009099688182274503,0.0012730826344667448,6,69,2.4296610861487043e-10
centroid_shrinkage,0.6,ilisi_knn,invariance,75,0.21649661575754484,0.010387938494483636,0.0014369781392161631,6,69,1.9107062175627809e-10
centroid_shrinkage,0.75,ilisi_knn,invariance,75,0.21649659678339958,0.011124457319577535,0.0015422396101904816,6,69,1.500588348456084e-10
centroid_shrinkage,0.9,ilisi_knn,invariance,75,0.21649661575754484,0.011223598743478454,0.001559649100769827,6,69,1.7834974528679072e-10
centroid_shrinkage,1.0,ilisi_knn,invariance,75,0.21649659678339958,0.21048801859219868,0.012042220449540083,0,75,5.2803729173201584e-14
centroid_shrinkage,0.05,isolated_labels,identity,75,0.5493342971801758,0.0022152403990427674,0.000335907496084275,17,57,5.540588686063639e-08
centroid_shrinkage,0.1,isolated_labels,identity,75,0.5493342971801758,0.004510937531789146,0.000703129598231414,17,57,1.1685603437388062e-07
centroid_shrinkage,0.15,isolated_labels,identity,75,0.5493342971801758,0.006912243366241455,0.0011062945574033354,17,57,2.1576629675698868e-07
centroid_shrinkage,0.2,isolated_labels,identity,75,0.5493342971801758,0.009416499535242717,0.0015517399612482183,17,57,3.717994309794587e-07
centroid_shrinkage,0.25,isolated_labels,identity,75,0.5493342916170756,0.012006981372833252,0.002046530941325939,17,57,7.49120830636157e-07
centroid_shrinkage,0.3,isolated_labels,identity,75,0.5493342971801758,0.014668078422546386,0.0026003949457135533,18,56,1.6966497814504992e-06
centroid_shrinkage,0.4,isolated_labels,identity,75,0.5493342971801758,0.0202737049261729,0.003918396865938961,22,52,9.379641600762209e-06
centroid_shrinkage,0.5,isolated_labels,identity,75,0.5493342916170756,0.026219935814539592,0.005603089690719551,23,51,2.4332957517491687e-05
centroid_shrinkage,0.6,isolated_labels,identity,75,0.5493342971801758,0.032446521123250326,0.007772320732774401,23,51,6.628303806000244e-05
centroid_shrinkage,0.75,isolated_labels,identity,75,0.5493342916170756,0.042710243860880535,0.012022311439443998,26,48,0.00027361606304581327
centroid_shrinkage,0.9,isolated_labels,identity,75,0.5493342971801758,0.05446007927258809,0.017728337799361706,25,49,0.0008790673389922156
centroid_shrinkage,1.0,isolated_labels,identity,75,0.5493342916170756,0.06469145350158215,0.02459270180248971,23,51,0.0023997208383362907
centroid_shrinkage,0.05,nmi,identity,89,0.6621090930439555,0.0011694907822435716,0.000753123589368772,42,47,0.2189068968537583
centroid_shrinkage,0.1,nmi,identity,89,0.6621090930439555,0.001547714830958031,0.0011067962326712047,41,48,0.3801679277076647
centroid_shrinkage,0.15,nmi,identity,89,0.6621090930439555,0.00047289671461870736,0.0012521169689650882,40,49,0.6541539764447968
centroid_shrinkage,0.2,nmi,identity,89,0.6621090930439555,-0.001541748053085675,0.0017681157212163414,43,46,0.36050210401560034
centroid_shrinkage,0.25,nmi,identity,89,0.6621090930439555,-0.0015189026067760044,0.0018073828475127173,49,40,0.3757417197780063
centroid_shrinkage,0.3,nmi,identity,89,0.6621090930439555,-0.002744498598246509,0.001809965081613719,52,37,0.048842055166073914
centroid_shrinkage,0.4,nmi,identity,89,0.6621090930439555,-0.0025185344895829517,0.00179926530565687,51,38,0.16113180656414516
centroid_shrinkage,0.5,nmi,identity,89,0.6621090930439555,-0.0021181210342425287,0.0018473181673406692,43,46,0.4727414619620104
centroid_shrinkage,0.6,nmi,identity,89,0.6621090930439555,-0.0019356513501986854,0.0019620942148380442,47,42,0.4214297409650508
centroid_shrinkage,0.75,nmi,identity,89,0.6621090930439555,-0.001425026447155886,0.0019704345354250585,43,46,0.8331192768639744
centroid_shrinkage,0.9,nmi,identity,89,0.6621090930439555,-0.0014777435662499119,0.0020897592328956416,41,48,0.9820473341014813
centroid_shrinkage,1.0,nmi,identity,89,0.6621090930439555,-0.0012323037226214008,0.002103370846189373,39,50,0.9071750894270062
centroid_shrinkage,0.05,recon_mae,other,89,1.4139637130030085,0.001068541842899968,8.529887196305734e-05,5,84,7.273455010878183e-15
centroid_shrinkage,0.1,recon_mae,other,89,1.4139637130030085,0.002266790089982284,0.0001693939509081098,5,84,2.1736575124564217e-15
centroid_shrinkage,0.15,recon_mae,other,89,1.4139637130030085,0.0036017258515518517,0.0002522848815517064,3,86,1.1209022560617134e-15
centroid_shrinkage,0.2,recon_mae,other,89,1.4139637130030085,0.0050782012135795005,0.00033408327833504196,2,87,6.567579578291704e-16
centroid_shrinkage,0.25,recon_mae,other,89,1.4139637130030085,0.00669848383142707,0.0004150320641219551,2,87,4.852971015831093e-16
centroid_shrinkage,0.3,recon_mae,other,89,1.4139637130030085,0.008461485418041103,0.0004954755568516835,2,87,4.240551828961327e-16
centroid_shrinkage,0.4,recon_mae,other,89,1.4139637130030085,0.012396718009134357,0.0006561491388206534,1,88,2.730410375347463e-16
centroid_shrinkage,0.5,recon_mae,other,89,1.4139637130030085,0.016814083195804207,0.0008180559272792533,1,88,2.6391888914953775e-16
centroid_shrinkage,0.6,recon_mae,other,89,1.4139637130030085,0.02160074402776997,0.000981142173389215,0,89,2.5509729516632515e-16
centroid_shrinkage,0.75,recon_mae,other,89,1.4139637130030085,0.0291460444418232,0.0012209044547945235,0,89,2.5509729516632515e-16
centroid_shrinkage,0.9,recon_mae,other,89,1.4139637130030085,0.036587823642773576,0.0014352649778569748,0,89,2.5509729516632515e-16
centroid_shrinkage,1.0,recon_mae,other,89,1.4139637130030085,0.041184628277682184,0.0015507827724317838,0,89,2.5509729516632515e-16
centroid_shrinkage,0.05,recon_mse,other,89,2.2753891087649913,0.002867671880829205,0.00023800068615593877,5,84,1.2384941427350375e-15
centroid_shrinkage,0.1,recon_mse,other,89,2.2753891087649913,0.006131040916014249,0.00047681141087013495,2,87,4.536588350899426e-16
centroid_shrinkage,0.15,recon_mse,other,89,2.2753891087649913,0.009809409634450846,0.00071687759558704,2,87,3.2352484382439973e-16
centroid_shrinkage,0.2,recon_mse,other,89,2.2753891087649913,0.013919345448526103,0.0009588590560689886,1,88,2.730410375347463e-16
centroid_shrinkage,0.25,recon_mse,other,89,2.2753891087649913,0.018473132272784628,0.0012036423297843307,1,88,2.6391888914953775e-16
centroid_shrinkage,0.3,recon_mse,other,89,2.2753891087649913,0.023477765951263767,0.0014522844337189207,0,89,2.5509729516632515e-16
centroid_shrinkage,0.4,recon_mse,other,89,2.2753891087649913,0.034836123498638,0.0019658185857789993,0,89,2.5509729516632515e-16
centroid_shrinkage,0.5,recon_mse,other,89,2.2753891087649913,0.047916496737619475,0.0025078205310323843,0,89,2.5509729516632515e-16
centroid_shrinkage,0.6,recon_mse,other,89,2.2753891087649913,0.06252316678507942,0.00308235547845403,0,89,2.5509729516632515e-16
centroid_shrinkage,0.75,recon_mse,other,89,2.2753891087649913,0.08657414457771213,0.003994211877881972,0,89,2.5509729516632515e-16
centroid_shrinkage,0.9,recon_mse,other,89,2.2753891087649913,0.11173559038826589,0.0049101585206908875,0,89,2.5509729516632515e-16
centroid_shrinkage,1.0,recon_mse,other,89,2.2753891087649913,0.1281205897920587,0.0054722806711615425,0,89,2.5509729516632515e-16
centroid_shrinkage,0.05,recon_pearson,fidelity,89,0.6379587151361316,-0.0007395540060621969,6.17245065835663e-05,80,9,3.922853742408037e-15
centroid_shrinkage,0.1,recon_pearson,fidelity,89,0.6379587151361316,-0.001745049203379771,0.000126155831434548,84,5,5.018868013163157e-16
centroid_shrinkage,0.15,recon_pearson,fidelity,89,0.6379587151361316,-0.0030461854479286103,0.0001939444485215945,88,1,2.730410375347463e-16
centroid_shrinkage,0.2,recon_pearson,fidelity,89,0.6379587151361316,-0.0046753856573212,0.00026601070926340496,89,0,2.5509729516632515e-16
centroid_shrinkage,0.25,recon_pearson,fidelity,89,0.6379587151361316,-0.006667024633857639,0.0003436349212482686,89,0,2.5509729516632515e-16
centroid_shrinkage,0.3,recon_pearson,fidelity,89,0.6379587151361316,-0.009056199467583988,0.0004285327369863484,89,0,2.5509729516632515e-16
centroid_shrinkage,0.4,recon_pearson,fidelity,89,0.6379587151361316,-0.015161805608299342,0.0006293131482304682,89,0,2.5509729516632515e-16
centroid_shrinkage,0.5,recon_pearson,fidelity,89,0.6379587151361316,-0.023227897922644455,0.0008899943833155249,89,0,2.5509729516632515e-16
centroid_shrinkage,0.6,recon_pearson,fidelity,89,0.6379587151361316,-0.03340306643689616,0.0012333508369934921,89,0,2.5509729516632515e-16
centroid_shrinkage,0.75,recon_pearson,fidelity,89,0.6379587151361316,-0.05261437310261673,0.0019367501985184457,89,0,2.5509729516632515e-16
centroid_shrinkage,0.9,recon_pearson,fidelity,89,0.6379587151361316,-0.07578660162647119,0.0028524649747648386,89,0,2.5509729516632515e-16
centroid_shrinkage,1.0,recon_pearson,fidelity,89,0.6379587151361316,-0.09242407374837425,0.00352334033620723,89,0,2.5509729516632515e-16
centroid_shrinkage,0.05,recon_spearman,fidelity,89,0.4521028725953584,-0.0002552928884377684,2.7859683414707257e-05,79,10,7.77016914277639e-12
centroid_shrinkage,0.1,recon_spearman,fidelity,89,0.4521028725953584,-0.0006669982430640268,5.792916711699802e-05,81,8,1.598600689166584e-13
centroid_shrinkage,0.15,recon_spearman,fidelity,89,0.4521028725953584,-0.0012477542577164933,9.077141553212557e-05,85,4,1.105897097250307e-14
centroid_shrinkage,0.2,recon_spearman,fidelity,89,0.4521028725953584,-0.002010181546211241,0.00012745560880426872,85,4,1.669112745429188e-15
centroid_shrinkage,0.25,recon_spearman,fidelity,89,0.4521028725953584,-0.002967289994271957,0.0001688798467688193,86,3,6.141239581848152e-16
centroid_shrinkage,0.3,recon_spearman,fidelity,89,0.4521028725953584,-0.004131735543186751,0.00021621294517310232,87,2,4.0997570753521104e-16
centroid_shrinkage,0.4,recon_spearman,fidelity,89,0.4521028725953584,-0.007132828737912556,0.00033389127134901856,88,1,2.82473822407144e-16
centroid_shrinkage,0.5,recon_spearman,fidelity,89,0.4521028725953584,-0.011125137296955245,0.0004918627845570207,88,1,2.6391888914953775e-16
centroid_shrinkage,0.6,recon_spearman,fidelity,89,0.4521028725953584,-0.01624247314554922,0.0007032843689309581,88,1,2.6391888914953775e-16
centroid_shrinkage,0.75,recon_spearman,fidelity,89,0.4521028725953584,-0.02640157854289152,0.0011537603316047933,89,0,2.5509729516632515e-16
centroid_shrinkage,0.9,recon_spearman,fidelity,89,0.4521028725953584,-0.039817060312528296,0.0017886104394501357,89,0,2.5509729516632515e-16
centroid_shrinkage,1.0,recon_spearman,fidelity,89,0.4521028725953584,-0.0501236446787802,0.002278481667249504,89,0,2.5509729516632515e-16
centroid_shrinkage,0.05,silhouette_label,identity,89,0.5411500679642967,0.0024610510033168144,0.00016824013316708137,2,87,3.7044382273599564e-16
centroid_shrinkage,0.1,silhouette_label,identity,89,0.5411500679642967,0.005033677548504946,0.00034837223069723476,2,87,3.831846602146542e-16
centroid_shrinkage,0.15,silhouette_label,identity,89,0.5411500679642967,0.0077277552545740365,0.0005422660943682712,2,87,4.0997570753521104e-16
centroid_shrinkage,0.2,silhouette_label,identity,89,0.5411500679642967,0.010550092445330674,0.0007515053532524657,3,86,4.536588350899426e-16
centroid_shrinkage,0.25,silhouette_label,identity,89,0.5411500679642967,0.013510776369759206,0.000977957584801533,3,86,5.019218560879165e-16
centroid_shrinkage,0.3,silhouette_label,identity,89,0.5411500679642967,0.01662267828255557,0.0012239793728003275,3,86,5.742196723694548e-16
centroid_shrinkage,0.4,silhouette_label,identity,89,0.5411500679642967,0.023375249310825647,0.0017888811526123602,4,85,8.302371078492122e-16
centroid_shrinkage,0.5,silhouette_label,identity,89,0.5411500679642967,0.030922694487518138,0.0024715517114536384,4,85,1.3682192030978512e-15
centroid_shrinkage,0.6,silhouette_label,identity,89,0.5411500666248664,0.039412590894806254,0.00330095290846253,6,83,3.2239599865593643e-15
centroid_shrinkage,0.75,silhouette_label,identity,89,0.5411500679642967,0.05410670430472728,0.004884137524052942,12,77,2.1633019438897975e-14
centroid_shrinkage,0.9,silhouette_label,identity,89,0.5411500666248664,0.07106895225771358,0.006907125863223917,14,75,1.2495801755441733e-13
centroid_shrinkage,1.0,silhouette_label,identity,89,0.5411500679642967,0.0813282634435075,0.00831933348835551,15,74,4.926663921788416e-13
donor_centering,0.05,ari,identity,75,0.47129413174022383,0.0019468878279561008,0.0007555394625371895,27,48,0.014489319242613471
donor_centering,0.1,ari,identity,75,0.47129413174022383,0.004217506891409226,0.0010289975418812257,23,52,9.527056364772207e-05
donor_centering,0.15,ari,identity,75,0.47129413174022383,0.00505503449516012,0.0016063227875034016,24,51,0.0011640630275809583
donor_centering,0.2,ari,identity,75,0.47129413174022383,0.005473195485347685,0.001773171894923013,29,46,0.0034398224158295222
donor_centering,0.25,ari,identity,75,0.47129413174022383,0.006714400734341588,0.00323679354486465,27,48,0.020729024156645466
donor_centering,0.3,ari,identity,75,0.47129413174022383,0.008080423088045552,0.003286291542362216,30,45,0.010920628703866614
donor_centering,0.4,ari,identity,75,0.47129413174022383,0.008258615393022502,0.0035155601833799,27,48,0.007306915771788614
donor_centering,0.5,ari,identity,75,0.47129413174022383,0.004617185688163114,0.003779239411418697,33,42,0.17474845345996382
donor_centering,0.75,ari,identity,75,0.47129413174022383,-0.002195632175614322,0.004570381509698784,39,36,0.41913364797944686
donor_centering,1.0,ari,identity,75,0.47129413174022383,-0.011512999723518264,0.005973548022175546,44,31,0.02481717944080826
donor_centering,1.25,ari,identity,75,0.47129413174022383,-0.029796164265459644,0.006837388067923735,61,14,3.378316426949405e-07
donor_centering,1.5,ari,identity,75,0.47129413174022383,-0.05479057428214676,0.008334605734729782,65,10,5.862155624936496e-10
donor_centering,2.0,ari,identity,75,0.47129413174022383,-0.11499901394980824,0.010920180745856968,72,3,1.0454898669872193e-13
donor_centering,0.05,bras,invariance,75,0.8378173462549845,0.004815135796864821,0.00039937232593306255,0,75,5.2803729173201584e-14
donor_centering,0.1,bras,invariance,75,0.8378173462549845,0.009314166704813638,0.0007945518847980002,0,75,5.2803729173201584e-14
donor_centering,0.15,bras,invariance,75,0.8378173462549845,0.013481539885203038,0.0011832409002351912,0,75,5.2803729173201584e-14
donor_centering,0.2,bras,invariance,75,0.8378173462549845,0.017315732638041172,0.001563734589390925,1,74,5.4980694109671593e-14
donor_centering,0.25,bras,invariance,75,0.8378173542022705,0.020806189378102607,0.001932624975645162,1,74,5.4980694109671593e-14
donor_centering,0.3,bras,invariance,75,0.8378173462549845,0.023945472240447997,0.002287791069710651,1,74,5.4980694109671593e-14
donor_centering,0.4,bras,invariance,75,0.8378173462549845,0.029143350124359126,0.002948553634598192,1,74,5.4980694109671593e-14
donor_centering,0.5,bras,invariance,75,0.8378173542022705,0.032888213793436684,0.003531404468211452,1,74,5.960267043999052e-14
donor_centering,0.75,bras,invariance,75,0.8378173542022705,0.0357342497507731,0.004527517400334995,5,70,9.026268961864014e-13
donor_centering,1.0,bras,invariance,75,0.8378173542022705,0.02923628171284994,0.00495255964893974,12,63,2.4161218872773855e-09
donor_centering,1.25,bras,invariance,75,0.8378173478444417,0.01372746944427489,0.005056913818515062,29,46,0.0007690099826947811
donor_centering,1.5,bras,invariance,75,0.8378173478444417,-0.010354476769765218,0.005045947266647784,47,28,0.008679241494741167
donor_centering,2.0,bras,invariance,75,0.8378173478444417,-0.07821506261825562,0.005896288602642033,72,3,7.289470061369725e-14
donor_centering,0.05,clisi_knn,identity,75,0.9696023352940877,-1.671314239501361e-05,6.01480229543535e-05,23,46,0.018636893030785955
donor_centering,0.1,clisi_knn,identity,75,0.9696023352940877,-9.171883265175781e-05,0.00013186118013754409,23,46,0.03942273252243528
donor_centering,0.15,clisi_knn,identity,75,0.9696023352940877,-0.00020991881688434244,0.00018673810576591568,25,45,0.11341795455400717
donor_centering,0.2,clisi_knn,identity,75,0.9696023352940877,-0.00024334748586017548,0.00021741287999782385,26,44,0.21581373432967166
donor_centering,0.25,clisi_knn,identity,75,0.9696023321151733,-0.0003859949111938358,0.0002727387523712881,30,40,0.5369674490762633
donor_centering,0.3,clisi_knn,identity,75,0.9696023352940877,-0.0005712477366129572,0.0003157507563900419,32,38,0.9556638623019278
donor_centering,0.4,clisi_knn,identity,75,0.9696023352940877,-0.0011231493949890195,0.0004280012838521822,40,30,0.1120902915015824
donor_centering,0.5,clisi_knn,identity,75,0.9696023321151733,-0.0019155089060465436,0.0006667302511108033,45,25,0.002186782354281532
donor_centering,0.75,clisi_knn,identity,75,0.9696023321151733,-0.006411803563435858,0.0018963445654239163,62,8,3.463553884991389e-10
donor_centering,1.0,clisi_knn,identity,75,0.9696023321151733,-0.013971806367238356,0.00380491828684226,68,3,1.7456295576960961e-12
donor_centering,1.25,clisi_knn,identity,75,0.9696023344993592,-0.018831032117207835,0.0046960207571288244,70,2,4.1582500535953366e-13
donor_centering,1.5,clisi_knn,identity,75,0.9696023344993592,-0.019691961606343563,0.00376080193229268,71,1,1.8818774510349358e-13
donor_centering,2.0,clisi_knn,identity,75,0.9696023344993592,-0.02372594674428303,0.00333685959499575,73,0,1.1325002193757658e-13
donor_centering,0.05,ilisi_knn,invariance,75,0.21649659601350627,0.003827354535460469,0.0003326830999108737,0,75,5.2803729173201584e-14
donor_centering,0.1,ilisi_knn,invariance,75,0.21649659601350627,0.007444923495252923,0.0006405338579702029,0,75,5.2803729173201584e-14
donor_centering,0.15,ilisi_knn,invariance,75,0.21649659601350627,0.010704464986920351,0.0009469627234170531,0,75,5.2803729173201584e-14
donor_centering,0.2,ilisi_knn,invariance,75,0.21649659601350627,0.013663317933678623,0.0012198173120945561,1,74,5.960267043999052e-14
donor_centering,0.25,ilisi_knn,invariance,75,0.21649659678339958,0.01634469449520111,0.0014753410034074536,1,74,6.460610479036269e-14
donor_centering,0.3,ilisi_knn,invariance,75,0.21649659601350627,0.018447107101480165,0.0016995484711132924,1,74,7.588330913048525e-14
donor_centering,0.4,ilisi_knn,invariance,75,0.21649659601350627,0.02192091340819994,0.0021450648704723174,2,73,1.0045344277577778e-13
donor_centering,0.5,ilisi_knn,invariance,75,0.21649659678339958,0.0239415613313516,0.002526179358728459,3,72,2.705621109465988e-13
donor_centering,0.75,ilisi_knn,invariance,75,0.21649659678339958,0.02164697418610255,0.0033257064389683524,11,64,1.988880809888067e-09
donor_centering,1.0,ilisi_knn,invariance,75,0.21649659678339958,0.01095536281665166,0.004272334530097152,29,46,0.005566302440921185
donor_centering,1.25,ilisi_knn,invariance,75,0.21649660038451354,-0.00896232999861241,0.00488477270022285,43,32,0.11928914131901876
donor_centering,1.5,ilisi_knn,invariance,75,0.21649660038451354,-0.034538232882817585,0.005531632600733705,60,15,1.5829816214160489e-09
donor_centering,2.0,ilisi_knn,invariance,75,0.21649660038451354,-0.08632057706514994,0.008274614433147432,75,0,5.2803729173201584e-14
donor_centering,0.05,isolated_labels,identity,75,0.5493342971801758,-0.00041639328002929466,7.17180521871989e-05,59,15,2.8313686536066152e-08
donor_centering,0.1,isolated_labels,identity,75,0.5493342971801758,-0.0008558599154154437,0.0001456863065906306,60,14,1.5683437836650807e-08
donor_centering,0.15,isolated_labels,identity,75,0.5493342971801758,-0.001319379011789954,0.00022307063325185473,62,12,7.3293811841795534e-09
donor_centering,0.2,isolated_labels,identity,75,0.5493342971801758,-0.0018055911858876523,0.00030386359149296206,62,12,5.312674032959939e-09
donor_centering,0.25,isolated_labels,identity,75,0.5493342916170756,-0.0023149796326955158,0.0003883132311004366,62,12,3.7167593124988063e-09
donor_centering,0.3,isolated_labels,identity,75,0.5493342971801758,-0.0028555023670196497,0.0004785120247668729,62,12,2.1970410992279336e-09
donor_centering,0.4,isolated_labels,identity,75,0.5493342971801758,-0.004022132555643716,0.0006746597353230786,64,10,9.85017711160936e-10
donor_centering,0.5,isolated_labels,identity,75,0.5493342916170756,-0.005276693503061929,0.0008872044063558493,64,10,4.344687298449093e-10
donor_centering,0.75,isolated_labels,identity,75,0.5493342916170756,-0.008709177573521932,0.0014521665285338456,65,9,1.1497115523172226e-10
donor_centering,1.0,isolated_labels,identity,75,0.5493342916170756,-0.012054276069005327,0.0019852693321232664,66,8,8.048026517513525e-11
donor_centering,1.25,isolated_labels,identity,75,0.5493342955907186,-0.014727203845977784,0.002414699671855332,66,8,1.2788456872610646e-10
donor_centering,1.5,isolated_labels,identity,75,0.5493342955907186,-0.01654501716295878,0.002753713835522639,65,9,3.074292355404447e-10
donor_centering,2.0,isolated_labels,identity,75,0.5493342955907186,-0.018236558437347415,0.003320725704517345,59,15,1.95210100755473e-08
donor_centering,0.05,nmi,identity,75,0.65972592398099,0.0018880254572434807,0.0005184705422250908,23,52,0.0001262381670686856
donor_centering,0.1,nmi,identity,75,0.65972592398099,0.0032942197810450387,0.0007974132309469409,21,54,1.3218321629426901e-05
donor_centering,0.15,nmi,identity,75,0.65972592398099,0.003651782116072448,0.0012551162671320356,25,50,0.0007260291992124301
donor_centering,0.2,nmi,identity,75,0.65972592398099,0.00411193836687704,0.0014096962830860336,27,48,0.0012080131674271435
donor_centering,0.25,nmi,identity,75,0.65972592398099,0.006275870982344059,0.0027553320452862683,25,50,0.004726617276480275
donor_centering,0.3,nmi,identity,75,0.65972592398099,0.00683964789972562,0.0027150772735587345,28,47,0.003806770173913738
donor_centering,0.4,nmi,identity,75,0.65972592398099,0.006479279183614176,0.002827496896477977,30,45,0.012687490302155692
donor_centering,0.5,nmi,identity,75,0.65972592398099,0.005282334359840838,0.0031519435479562662,36,39,0.2165885812919205
donor_centering,0.75,nmi,identity,75,0.65972592398099,-0.0023042659818251184,0.003677919375970394,42,33,0.049487531414920224
donor_centering,1.0,nmi,identity,75,0.65972592398099,-0.012534435257874394,0.004991584426925202,48,27,0.0012305584413866012
donor_centering,1.25,nmi,identity,75,0.65972592398099,-0.03135054506838677,0.0064999804962673,62,13,2.1760255403608264e-08
donor_centering,1.5,nmi,identity,75,0.65972592398099,-0.056283357125177506,0.008546004508079661,67,8,3.42348513268734e-11
donor_centering,2.0,nmi,identity,75,0.65972592398099,-0.116203261837815,0.011996849959352511,73,2,6.460610479036269e-14
donor_centering,0.05,recon_mae,other,75,1.4000942961374918,0.00045342445373535155,4.1042766349866694e-05,1,74,5.4980694109671593e-14
donor_centering,0.1,recon_mae,other,75,1.4000942961374918,0.0009309395154317161,8.449640906632404e-05,0,75,5.2803729173201584e-14
donor_centering,0.15,recon_mae,other,75,1.4000942961374918,0.0014326596260070875,0.00013046461990788441,0,75,5.2803729173201584e-14
donor_centering,0.2,recon_mae,other,75,1.4000942961374918,0.001958533922831216,0.00017900412162150214,0,75,5.2803729173201584e-14
donor_centering,0.25,recon_mae,other,75,1.4000942961374918,0.0025083525975545186,0.00023015369238153828,0,75,5.2803729173201584e-14
donor_centering,0.3,recon_mae,other,75,1.4000942961374918,0.0030816054344177247,0.00028388185040198157,0,75,5.2803729173201584e-14
donor_centering,0.4,recon_mae,other,75,1.4000942961374918,0.004296017487843818,0.0003988143594753931,0,75,5.2803729173201584e-14
donor_centering,0.5,recon_mae,other,75,1.4000942961374918,0.0055946667989095035,0.0005228060607916607,0,75,5.279842972608441e-14
donor_centering,0.75,recon_mae,other,75,1.4000942961374918,0.009143252372741701,0.0008619609933325722,0,75,5.2803729173201584e-14
donor_centering,1.0,recon_mae,other,75,1.4000942961374918,0.012970848083496078,0.001219607733871388,0,75,5.2803729173201584e-14
donor_centering,1.25,recon_mae,other,75,1.4000942961374918,0.01688925822575888,0.0015706599462643283,0,75,5.2803729173201584e-14
donor_centering,1.5,recon_mae,other,75,1.4000942961374918,0.020754315058390288,0.001899273581711883,0,75,5.2803729173201584e-14
donor_centering,2.0,recon_mae,other,75,1.4000942961374918,0.027996301651000977,0.0024570590270343792,0,75,5.2803729173201584e-14
donor_centering,0.05,recon_mse,other,75,2.2239364274342854,0.0010165437062581025,8.962687771174608e-05,1,74,8.90898742966684e-14
donor_centering,0.1,recon_mse,other,75,2.2239364274342854,0.002103913625081383,0.00018464320305393108,1,74,8.559052585702581e-14
donor_centering,0.15,recon_mse,other,75,2.2239364274342854,0.0032629648844400686,0.00028541251047604395,1,74,8.222637227841011e-14
donor_centering,0.2,recon_mse,other,75,2.2239364274342854,0.0044942283630370885,0.00039225706642312717,1,74,8.222637227841011e-14
donor_centering,0.25,recon_mse,other,75,2.2239364274342854,0.005797993342081685,0.0005054261157915779,1,74,7.289470061369725e-14
donor_centering,0.3,recon_mse,other,75,2.2239364274342854,0.007174248695373482,0.0006251116212380595,1,74,6.726042464760495e-14
donor_centering,0.4,recon_mse,other,75,2.2239364274342854,0.010142246882120742,0.0008843982130666664,1,74,6.205483074087495e-14
donor_centering,0.5,recon_mse,other,75,2.2239364274342854,0.013390852610270156,0.0011700729699000967,1,74,5.724583916407233e-14
donor_centering,0.75,recon_mse,other,75,2.2239364274342854,0.022640976905822712,0.001988781120049245,0,75,5.2803729173201584e-14
donor_centering,1.0,recon_mse,other,75,2.2239364274342854,0.03321877797444657,0.0029186647191786685,0,75,5.2803729173201584e-14
donor_centering,1.25,recon_mse,other,75,2.2239364274342854,0.04469228585561115,0.003902774592273055,0,75,5.2803729173201584e-14
donor_centering,1.5,recon_mse,other,75,2.2239364274342854,0.05665657520294187,0.004892098384296737,0,75,5.2803729173201584e-14
donor_centering,2.0,recon_mse,other,75,2.2239364274342854,0.0808387231826782,0.006742453137194861,0,75,5.2803729173201584e-14
donor_centering,0.05,recon_pearson,fidelity,75,0.6318856656551362,8.163928985595704e-05,2.2530432621949647e-05,26,49,0.00018117512539796526
donor_centering,0.1,recon_pearson,fidelity,75,0.6318856656551362,0.00011807322502136156,4.412253396885545e-05,29,46,0.00802908838481387
donor_centering,0.15,recon_pearson,fidelity,75,0.6318856656551362,0.00010724147160847907,6.511122246829469e-05,33,42,0.09006427895435269
donor_centering,0.2,recon_pearson,fidelity,75,0.6318856656551362,4.6959320704142254e-05,8.59433100612309e-05,37,38,0.46617488961092957
donor_centering,0.25,recon_pearson,fidelity,75,0.6318856656551362,-6.509304046630711e-05,0.00010718785062094396,42,33,0.7116515055412421
donor_centering,0.3,recon_pearson,fidelity,75,0.6318856656551362,-0.00023136695226033528,0.00012954077411231883,49,26,0.0734364289755807
donor_centering,0.4,recon_pearson,fidelity,75,0.6318856656551362,-0.0007366637388865153,0.00018088290171234996,53,22,9.95154100002856e-05
donor_centering,0.5,recon_pearson,fidelity,75,0.6318856656551362,-0.0014891572793324774,0.00024703876622506526,63,12,1.608057187467392e-10
donor_centering,0.75,recon_pearson,fidelity,75,0.6318856656551362,-0.004567294915517171,0.0005164641850186548,74,1,1.6197155063339773e-13
donor_centering,1.0,recon_pearson,fidelity,75,0.6318856656551362,-0.009467517932256062,0.0009677274861923374,75,0,5.2803729173201584e-14
donor_centering,1.25,recon_pearson,fidelity,75,0.6318856656551362,-0.016112838188807172,0.0015862566608946529,75,0,5.2803729173201584e-14
donor_centering,1.5,recon_pearson,fidelity,75,0.6318856656551362,-0.024258541266123455,0.0023296413051164056,75,0,5.2803729173201584e-14
donor_centering,2.0,recon_pearson,fidelity,75,0.6318856656551362,-0.04374003489812215,0.004004814633224134,75,0,5.2803729173201584e-14
donor_centering,0.05,recon_spearman,fidelity,75,0.44618296722571055,-7.549961407979552e-05,1.3477776672651861e-05,64,11,3.6566563180644915e-10
donor_centering,0.1,recon_spearman,fidelity,75,0.44618296722571055,-0.00018380641937256118,2.8676682239859263e-05,71,4,6.661999668741852e-12
donor_centering,0.15,recon_spearman,fidelity,75,0.44618296722571055,-0.0003253368536631251,4.590017843823014e-05,72,3,2.0888366101263772e-12
donor_centering,0.2,recon_spearman,fidelity,75,0.44618296722571055,-0.0005016543467839551,6.548623294524102e-05,72,3,8.357874875028165e-13
donor_centering,0.25,recon_spearman,fidelity,75,0.44618296722571055,-0.0007130473852157663,8.767480656041076e-05,73,2,4.1614283022278067e-13
donor_centering,0.3,recon_spearman,fidelity,75,0.44618296722571055,-0.0009608411788940511,0.00011270724242223997,73,2,2.1363540316227567e-13
donor_centering,0.4,recon_spearman,fidelity,75,0.44618296722571055,-0.001568120121955874,0.000172133348056027,74,1,1.132384973689098e-13
donor_centering,0.5,recon_spearman,fidelity,75,0.44618296722571055,-0.0023279422521591217,0.0002451015244721545,74,1,7.00218753247165e-14
donor_centering,0.75,recon_spearman,fidelity,75,0.44618296722571055,-0.004924996296564744,0.0004922909764042023,75,0,5.2803729173201584e-14
donor_centering,1.0,recon_spearman,fidelity,75,0.44618296722571055,-0.008542180657386782,0.0008391671513433129,75,0,5.2803729173201584e-14
donor_centering,1.25,recon_spearman,fidelity,75,0.44618296722571055,-0.013103127082188927,0.0012736791462042787,75,0,5.2803729173201584e-14
donor_centering,1.5,recon_spearman,fidelity,75,0.44618296722571055,-0.018438220421473195,0.0017659800700510005,75,0,5.2803729173201584e-14
donor_centering,2.0,recon_spearman,fidelity,75,0.44618296722571055,-0.030703001817067477,0.002819847466132166,75,0,5.2803729173201584e-14
donor_centering,0.05,silhouette_label,identity,75,0.5384458784262339,-5.632599194844564e-05,2.9282566470951105e-05,44,31,0.10274437467302376
donor_centering,0.1,silhouette_label,identity,75,0.5384458784262339,-0.000147397518157959,5.9797705800388434e-05,44,31,0.02191940040690832
donor_centering,0.15,silhouette_label,identity,75,0.5384458784262339,-0.0002734808127085375,9.196460160286963e-05,50,25,0.004498083579529246
donor_centering,0.2,silhouette_label,identity,75,0.5384458784262339,-0.00043547034263610837,0.0001260509149227474,51,24,0.0008459295816702216
donor_centering,0.25,silhouette_label,identity,75,0.5384458768367767,-0.0006344576676686612,0.00016235875750847517,53,22,0.00014050280554612064
donor_centering,0.3,silhouette_label,identity,75,0.5384458784262339,-0.0008698149522145597,0.0002010428541565059,54,21,2.3952986093222977e-05
donor_centering,0.4,silhouette_label,identity,75,0.5384458784262339,-0.001443653901418051,0.00028501192447112194,59,16,1.325562509286312e-07
donor_centering,0.5,silhouette_label,identity,75,0.5384458768367767,-0.0021456877390543636,0.0003769448728698383,63,12,1.0670528731162662e-09
donor_centering,0.75,silhouette_label,identity,75,0.5384458768367767,-0.004402947028477988,0.0006362370673888235,69,6,9.747047629886705e-13
donor_centering,1.0,silhouette_label,identity,75,0.5384458768367767,-0.007175439596176151,0.0009219206937582904,72,3,1.178455983648407e-13
donor_centering,1.25,silhouette_label,identity,75,0.5384458764394124,-0.010062287251154585,0.0011938885296365574,75,0,5.2803729173201584e-14
donor_centering,1.5,silhouette_label,identity,75,0.5384458764394124,-0.012823504209518435,0.0014235466105032922,75,0,5.2803729173201584e-14
donor_centering,2.0,silhouette_label,identity,75,0.5384458764394124,-0.01805510004361471,0.0017763752887960081,73,2,9.651568812592462e-14
label_shrinkage,0.25,ari,identity,89,0.48363038615902487,0.13138159851824277,0.009219807319156304,0,89,2.5509729516632515e-16
label_shrinkage,0.5,ari,identity,89,0.48363038615902487,0.29803096455631806,0.01211396680120967,0,89,2.5509729516632515e-16
label_shrinkage,0.75,ari,identity,89,0.48363038615902487,0.43767601272891876,0.015102110140231259,0,89,2.5509729516632515e-16
label_shrinkage,1.0,ari,identity,89,0.48363038615902487,0.5163696138409751,0.017934265936158295,0,89,2.5509729516632515e-16
label_shrinkage,0.25,bras,invariance,75,0.8378173534075419,-0.0031695270538330154,0.0002482980321604941,74,1,5.724583916407233e-14
label_shrinkage,0.5,bras,invariance,75,0.8378173534075419,-0.00626722415288289,0.000543461440560685,73,2,7.00218753247165e-14
label_shrinkage,0.75,bras,invariance,75,0.8378173534075419,-0.008608314990997316,0.0008374897985747416,71,4,1.3280049865347806e-13
label_shrinkage,1.0,bras,invariance,75,0.8378173534075419,0.10944972117741902,0.009187687792690417,3,72,9.272974916152375e-14
label_shrinkage,0.25,clisi_knn,identity,89,0.9729005145222953,0.013277592283956141,0.001492485818786539,0,83,2.5034432868039037e-15
label_shrinkage,0.5,clisi_knn,identity,89,0.9729005145222953,0.021941910299022555,0.0028679285512654275,0,83,2.5034432868039037e-15
label_shrinkage,0.75,clisi_knn,identity,89,0.9729005145222953,0.026441995347483774,0.004668779784067762,0,83,2.5034432868039037e-15
label_shrinkage,1.0,clisi_knn,identity,89,0.9729005145222953,0.027099719208278084,0.005141940314325623,0,89,2.549519498745298e-16
label_shrinkage,0.25,ilisi_knn,invariance,75,0.21649656588832536,0.0029639029502868657,0.0006082457568413583,14,61,4.5845279416322013e-07
label_shrinkage,0.5,ilisi_knn,invariance,75,0.21649656588832536,0.008981841330726941,0.001361838162404234,9,66,6.481541952730288e-10
label_shrinkage,0.75,ilisi_knn,invariance,75,0.21649656588832536,0.015706844677527747,0.002061368504014291,7,68,9.218381135146802e-11
label_shrinkage,1.0,ilisi_knn,invariance,75,0.21649656588832536,0.2335402067999045,0.013444640985724515,0,75,5.2803729173201584e-14
label_shrinkage,0.25,isolated_labels,identity,75,0.5493342955907186,0.03411291797955831,0.0015708454918848384,0,74,7.732733053009578e-14
label_shrinkage,0.5,isolated_labels,identity,75,0.5493342955907186,0.09519664764404297,0.0036471180844750628,0,74,7.732733053009578e-14
label_shrinkage,0.75,isolated_labels,identity,75,0.5493342955907186,0.21384592135747274,0.005995130643320363,0,74,7.732733053009578e-14
label_shrinkage,1.0,isolated_labels,identity,75,0.5493342955907186,0.43844348192214966,0.009410095517857042,0,74,7.732733053009578e-14
label_shrinkage,0.25,nmi,identity,89,0.6621090930439555,0.10478390625851333,0.008342787269321916,0,89,2.5509729516632515e-16
label_shrinkage,0.5,nmi,identity,89,0.6621090930439555,0.22485862277506055,0.011719795735406408,0,89,2.5509729516632515e-16
label_shrinkage,0.75,nmi,identity,89,0.6621090930439555,0.30618825475610884,0.014896015916024498,0,89,2.5509729516632515e-16
label_shrinkage,1.0,nmi,identity,89,0.6621090930439555,0.33789090695604446,0.017540936029631693,0,89,2.5509729516632515e-16
label_shrinkage,0.25,recon_mae,other,89,1.4139637130030085,0.008190240752830908,0.0004973365176065387,2,87,3.831846602146542e-16
label_shrinkage,0.5,recon_mae,other,89,1.4139637130030085,0.01980280474330602,0.0010541814067394678,0,89,2.5509729516632515e-16
label_shrinkage,0.75,recon_mae,other,89,1.4139637130030085,0.033058715000581204,0.001629226006283696,0,89,2.5509729516632515e-16
label_shrinkage,1.0,recon_mae,other,89,1.4139637130030085,0.04508623246396525,0.002040447934881197,0,89,2.5509729516632515e-16
label_shrinkage,0.25,recon_mse,other,89,2.2753891087649913,0.021097802044300534,0.0013694905957072723,0,89,2.5509729516632515e-16
label_shrinkage,0.5,recon_mse,other,89,2.2753891087649913,0.05317650082406032,0.0029117392798807683,0,89,2.5509729516632515e-16
label_shrinkage,0.75,recon_mse,other,89,2.2753891087649913,0.09337937162163552,0.00467703605212051,0,89,2.5509729516632515e-16
label_shrinkage,1.0,recon_mse,other,89,2.2753891087649913,0.13471895791171642,0.006331374448229382,0,89,2.5509729516632515e-16
label_shrinkage,0.25,recon_pearson,fidelity,89,0.6379587151361316,-0.004397702685902625,0.00036848596387692955,82,7,5.61248711940492e-15
label_shrinkage,0.5,recon_pearson,fidelity,89,0.6379587151361316,-0.01880355899253588,0.0008322730646316953,89,0,2.5509729516632515e-16
label_shrinkage,0.75,recon_pearson,fidelity,89,0.6379587151361316,-0.04682336077931222,0.0017216317537961476,89,0,2.5509729516632515e-16
label_shrinkage,1.0,recon_pearson,fidelity,89,0.6379587151361316,-0.0861149299680517,0.0032873284059326074,89,0,2.5509729516632515e-16
label_shrinkage,0.25,recon_spearman,fidelity,89,0.4521028725953584,-0.0020833730362774367,0.00016388160003630469,82,7,2.7011575328533446e-14
label_shrinkage,0.5,recon_spearman,fidelity,89,0.4521028725953584,-0.00936503155847614,0.0004525693607217057,88,1,2.730410375347463e-16
label_shrinkage,0.75,recon_spearman,fidelity,89,0.4521028725953584,-0.023741668697153585,0.0010840810493284627,89,0,2.5509729516632515e-16
label_shrinkage,1.0,recon_spearman,fidelity,89,0.4521028725953584,-0.04663527932729615,0.002246083660924835,89,0,2.5509729516632515e-16
label_shrinkage,0.25,silhouette_label,identity,89,0.541150066959724,0.030382257499051896,0.0009424162126801645,0,89,2.5509729516632515e-16
label_shrinkage,0.5,silhouette_label,identity,89,0.541150066959724,0.08686819605613022,0.0021728383073983883,0,89,2.5509729516632515e-16
label_shrinkage,0.75,silhouette_label,identity,89,0.541150066959724,0.20604549030239663,0.003166482571435141,0,89,2.5509729516632515e-16
label_shrinkage,1.0,silhouette_label,identity,89,0.541150066959724,0.45884094345435666,0.003473898179156121,0,89,2.5509729516632515e-16
latent_refinement,0.25,ari,identity,89,0.48363038615902487,-0.0002676241827079655,0.0011047604412249567,49,40,0.7667564191573991
latent_refinement,0.5,ari,identity,89,0.48363038615902487,-0.0014736005567862296,0.0015214247967058072,49,40,0.37354059862161404
latent_refinement,0.75,ari,identity,89,0.48363038615902487,-0.004893611179347317,0.0021852543717633495,48,41,0.062378786049472106
latent_refinement,1.0,ari,identity,89,0.48363038615902487,-0.010781997854432056,0.0023951116740817827,63,26,4.9805428074935154e-05
latent_refinement,0.25,bras,invariance,75,0.8378173534075419,0.0012578074137369688,7.842334436742981e-05,2,73,7.00218753247165e-14
latent_refinement,0.5,bras,invariance,75,0.8378173534075419,0.003794635931650793,0.0002076579845880375,0,75,5.2803729173201584e-14
latent_refinement,0.75,bras,invariance,75,0.8378173534075419,0.0073613119125366154,0.00039257399911796795,0,75,5.2803729173201584e-14
latent_refinement,1.0,bras,invariance,75,0.8378173534075419,0.011575840314229318,0.0006205819186612582,0,75,5.2803729173201584e-14
latent_refinement,0.25,clisi_knn,identity,89,0.9729005145222953,0.00021443608101834072,6.762364913077707e-05,19,64,7.115873970223268e-06
latent_refinement,0.5,clisi_knn,identity,89,0.9729005145222953,0.0003159521670823811,0.00013252375815404899,29,55,0.000950784472854088
latent_refinement,0.75,clisi_knn,identity,89,0.9729005145222953,0.00012468354085859196,0.00019419656814050453,40,44,0.3844881219457028
latent_refinement,1.0,clisi_knn,identity,89,0.9729005145222953,-0.00032781750968331546,0.0002640758404114953,50,34,0.09983423479442188
latent_refinement,0.25,ilisi_knn,invariance,75,0.21649656588832536,-0.00038190903762976144,0.00015697382459255483,46,29,0.02044038582092471
latent_refinement,0.5,ilisi_knn,invariance,75,0.21649656588832536,-0.00046009001632531374,0.00030460204596633307,43,32,0.16813372969584872
latent_refinement,0.75,ilisi_knn,invariance,75,0.21649656588832536,8.038245141506477e-05,0.00034434255347660193,34,41,0.649736783500648
latent_refinement,1.0,ilisi_knn,invariance,75,0.21649656588832536,0.0008380935341119873,0.00045191513025653776,30,45,0.03796255317230431
latent_refinement,0.25,isolated_labels,identity,75,0.5493342955907186,0.00013838370641072961,0.0001556291894525238,30,44,0.32287954566289234
latent_refinement,0.5,isolated_labels,identity,75,0.5493342955907186,-0.0002111959457397424,0.0003463013651474993,39,35,0.49216302718160987
latent_refinement,0.75,isolated_labels,identity,75,0.5493342955907186,-0.0010093816121419248,0.0005858340153859023,44,30,0.05616217209431242
latent_refinement,1.0,isolated_labels,identity,75,0.5493342955907186,-0.0021760555108388245,0.0008670606808667255,47,27,0.007722027953670484
latent_refinement,0.25,nmi,identity,89,0.6621090930439555,-0.00022823811621045745,0.0006878017570482312,46,43,0.9331582465286018
latent_refinement,0.5,nmi,identity,89,0.6621090930439555,-0.0015052910973003884,0.0009959257921586897,48,41,0.14695510879723547
latent_refinement,0.75,nmi,identity,89,0.6621090930439555,-0.003563395812083829,0.0013219856799780117,61,28,0.00098227929882357
latent_refinement,1.0,nmi,identity,89,0.6621090930439555,-0.007457890909164243,0.001569328543820224,65,24,7.115048975450833e-06
latent_refinement,0.25,recon_mae,other,89,1.4139637130030085,-0.010393558593278522,0.000829389456553949,82,7,8.618711066192537e-14
latent_refinement,0.5,recon_mae,other,89,1.4139637130030085,-0.02934774856888846,0.0015375508043807033,87,2,7.023053518309364e-16
latent_refinement,0.75,recon_mae,other,89,1.4139637130030085,-0.05396098166369318,0.0022400169611332173,87,2,2.82473822407144e-16
latent_refinement,1.0,recon_mae,other,89,1.4139637130030085,-0.0782120797071564,0.003073406151512325,88,1,2.6391888914953775e-16
latent_refinement,0.25,recon_mse,other,89,2.2753891087649913,-0.04926304067118782,0.0022094297965511147,89,0,2.5509729516632515e-16
latent_refinement,0.5,recon_mse,other,89,2.2753891087649913,-0.11282466971472407,0.005136146558708436,89,0,2.5509729516632515e-16
latent_refinement,0.75,recon_mse,other,89,2.2753891087649913,-0.18726411696230427,0.00876131602663444,89,0,2.5509729516632515e-16
latent_refinement,1.0,recon_mse,other,89,2.2753891087649913,-0.26070070266723633,0.01266449748665466,89,0,2.5509729516632515e-16
latent_refinement,0.25,recon_pearson,fidelity,89,0.6379587151361316,0.06372792533274448,0.0017251053077975244,0,89,2.5509729516632515e-16
latent_refinement,0.5,recon_pearson,fidelity,89,0.6379587151361316,0.11592222699958286,0.003501120821197599,0,89,2.5509729516632515e-16
latent_refinement,0.75,recon_pearson,fidelity,89,0.6379587151361316,0.14709520306480064,0.004563732286893421,0,89,2.5509729516632515e-16
latent_refinement,1.0,recon_pearson,fidelity,89,0.6379587151361316,0.1625157825732499,0.005038922247351902,0,89,2.5509729516632515e-16
latent_refinement,0.25,recon_spearman,fidelity,89,0.4521028725953584,0.028547334034791153,0.0009495823734143973,0,89,2.5509729516632515e-16
latent_refinement,0.5,recon_spearman,fidelity,89,0.4521028725953584,0.05022074851427186,0.001762447771497256,0,89,2.5509729516632515e-16
latent_refinement,0.75,recon_spearman,fidelity,89,0.4521028725953584,0.0644047318884496,0.002345702958720037,0,89,2.5509729516632515e-16
latent_refinement,1.0,recon_spearman,fidelity,89,0.4521028725953584,0.07214558944943246,0.002702683734741287,0,89,2.5509729516632515e-16
latent_refinement,0.25,silhouette_label,identity,89,0.541150066959724,-0.00021511483728215997,7.030229082918058e-05,50,39,0.02743860903190186
latent_refinement,0.5,silhouette_label,identity,89,0.541150066959724,-0.0010301758734027997,0.00018090030813846023,65,24,9.878929845723633e-08
latent_refinement,0.75,silhouette_label,identity,89,0.541150066959724,-0.0023719953017288385,0.00032899251137300276,75,14,1.2598999356492367e-11
latent_refinement,1.0,silhouette_label,identity,89,0.541150066959724,-0.004120850161220251,0.0005029852049937328,77,12,2.3085854461088707e-13
