arm,metric,n,ref_mean,arm_mean,delta,n_up,p,q
Retrained,nmi,89,0.6511026510053249,0.6479837448384528,-0.0031189061668721,25,5.726469419295405e-05,0.0001002132148376
Retrained,asw,89,0.5404310282696498,0.5405889899710591,0.0001579617014092,53,0.212835914796294,0.248308567262343
Retrained,bras,75,0.8396470558245978,0.8371671841541926,-0.002479871670405,12,5.378563897341476e-09,1.8824973640695165e-08
Retrained,pcr,75,0.3779216362891615,0.3746331926712761,-0.0032884436178852,30,0.0291930359465074,0.0408702503251105
Retrained,ilisi,75,0.1814454563024142,0.1819363288494447,0.0004908725470304,43,0.2790241330031094,0.2790241330031094
Retrained,hvg,89,0.8851712975984425,0.8819041919031635,-0.0032671056952789,19,9.032566346873514e-07,2.1075988142704865e-06
Retrained,mse,89,2.2753891154621426,2.253148423152024,-0.0222406923101189,2,2.034968731585378e-15,1.4244781121097645e-14
w/o E-Gate,nmi,89,0.6511026510053249,0.3009895163291856,-0.3501131346761392,0,2.5509729516632515e-16,4.94329189212502e-16
w/o E-Gate,asw,89,0.5404310282696498,0.4492740012454182,-0.0911570270242315,1,2.639188891495377e-16,4.94329189212502e-16
w/o E-Gate,bras,75,0.8396470558245978,0.6775988757610321,-0.1620481800635655,0,5.2803729173201584e-14,7.392522084248221e-14
w/o E-Gate,pcr,75,0.3779216362891615,0.2403365071889691,-0.1375851291001923,21,1.2000344020454853e-05,1.2000344020454853e-05
w/o E-Gate,ilisi,75,0.1814454563024142,0.2174489712528884,0.0360035149504741,74,1.004534427757778e-13,1.1719568323840742e-13
w/o E-Gate,hvg,89,0.8851712975984425,0.5559260380039006,-0.3292452595945417,1,2.82473822407144e-16,4.94329189212502e-16
w/o E-Gate,mse,89,2.2753891154621426,2.721879971161317,0.4464908556991748,88,2.639188891495377e-16,4.94329189212502e-16
w/o C-Route,nmi,89,0.6511026510053249,0.5949990331194281,-0.0561036178858968,0,2.5509729516632515e-16,6.591055856166693e-16
w/o C-Route,asw,89,0.5404310282696498,0.526061638787891,-0.0143693894817588,0,2.5509729516632515e-16,6.591055856166693e-16
w/o C-Route,bras,75,0.8396470558245978,0.842357223947843,0.0027101681232452,47,0.0316196093168154,0.0316196093168154
w/o C-Route,pcr,75,0.3779216362891615,0.3953603840648925,0.017438747775731,51,0.0044980835795292,0.0052477641761174
w/o C-Route,ilisi,75,0.1814454563024142,0.1860962051873405,0.0046507488849262,59,2.2887483316686854e-06,3.20424766433616e-06
w/o C-Route,hvg,89,0.8851712975984425,0.8323656187263023,-0.0528056788721401,9,1.550218925460412e-13,2.712883119555721e-13
w/o C-Route,mse,89,2.2753891154621426,2.159034422274386,-0.1163546931877564,2,2.82473822407144e-16,6.591055856166693e-16
w/o PB-Cond,nmi,89,0.6511026510053249,0.6382394655579601,-0.0128631854473648,7,2.456204470270669e-14,1.7193431291894686e-13
w/o PB-Cond,asw,89,0.5404310282696498,0.5386789046479076,-0.0017521236217423,9,1.37067249542947e-13,4.797353734003146e-13
w/o PB-Cond,bras,75,0.8396470558245978,0.8376408074299494,-0.0020062483946482,20,1.6800412282978694e-05,2.352057719617017e-05
w/o PB-Cond,pcr,75,0.3779216362891615,0.3775445396479714,-0.00037709664119,38,0.9789360735694488,0.9789360735694488
w/o PB-Cond,ilisi,75,0.1814454563024142,0.1821236387590567,0.0006781824566423,48,0.0545903229875835,0.0636887101521808
w/o PB-Cond,hvg,89,0.8851712975984425,0.8805991786433877,-0.0045721189550547,18,1.1823319073845539e-07,2.069080837922969e-07
w/o PB-Cond,mse,89,2.2753891154621426,2.29883678441637,0.0234476689542277,71,5.078875809452432e-11,1.1850710222055676e-10
Shuffled codes,nmi,89,0.6511026510053249,0.6532253025325816,0.0021226515272568,59,0.0018361101938363,0.0025705542713708
Shuffled codes,asw,89,0.5404310282696498,0.5397924590311693,-0.0006385692384805,31,0.001665557670283,0.0025705542713708
Shuffled codes,bras,75,0.8396470558245978,0.8421099165678024,0.0024628607432047,62,1.8118012182878937e-08,4.2275361760050855e-08
Shuffled codes,pcr,75,0.3779216362891615,0.3844155289177132,0.0064938926285517,50,0.0126874903021556,0.0144893192426134
Shuffled codes,ilisi,75,0.1814454563024142,0.1808119051083922,-0.000633551194022,29,0.0144893192426134,0.0144893192426134
Shuffled codes,hvg,89,0.8851712975984425,0.880839771477474,-0.0043315261209682,20,1.2477966448053721e-08,4.2275361760050855e-08
Shuffled codes,mse,89,2.2753891154621426,2.2953190830316434,0.0199299675695012,84,2.034968731585378e-15,1.4244781121097645e-14
Constant code,nmi,89,0.6511026510053249,0.6541239348122779,0.0030212838069528,66,0.0001383725649842,0.0004843039774449
Constant code,asw,89,0.5404310282696498,0.5399649908201077,-0.000466037449542,39,0.0227971901964872,0.0319160662750821
Constant code,bras,75,0.8396470558245978,0.8409318215847016,0.0012847657601038,49,0.002154940887781,0.0037711465536169
Constant code,pcr,75,0.3779216362891615,0.3862518023827733,0.0083301660936117,53,0.0002688676417277,0.0006273578306981
Constant code,ilisi,75,0.1814454563024142,0.1812621108007927,-0.0001833455016215,33,0.4565386575214879,0.4565386575214879
Constant code,hvg,89,0.8851712975984425,0.8809564875754414,-0.004214810023001,14,8.519892792279716e-10,5.963924954595802e-09
Constant code,mse,89,2.2753891154621426,2.2726562719666554,-0.0027328434954868,36,0.100452739279157,0.1171948624923499
