dataset_id,dataset_prefix,disease_label,model,metric,value,n_contrasts
203025fe-fa99-4d57-81da-458ed8f0c334,203025fe,Alzheimer disease,CellPLM,top10_pathway_jaccard,0.17664463446197193,6
203025fe-fa99-4d57-81da-458ed8f0c334,203025fe,Alzheimer disease,CellPLM,top10_pathway_score_spearman,-0.23123825664654904,6
203025fe-fa99-4d57-81da-458ed8f0c334,203025fe,Alzheimer disease,scPRINT,top10_pathway_jaccard,0.16203110423956657,6
203025fe-fa99-4d57-81da-458ed8f0c334,203025fe,Alzheimer disease,scPRINT,top10_pathway_score_spearman,-0.22481653649030844,6
203025fe-fa99-4d57-81da-458ed8f0c334,203025fe,Alzheimer disease,scTrilemma,top10_pathway_jaccard,0.20466913404219905,6
203025fe-fa99-4d57-81da-458ed8f0c334,203025fe,Alzheimer disease,scTrilemma,top10_pathway_score_spearman,-0.12272764078775607,6
203025fe-fa99-4d57-81da-458ed8f0c334,203025fe,Alzheimer disease,scVI,top10_pathway_jaccard,0.14532846801938648,6
203025fe-fa99-4d57-81da-458ed8f0c334,203025fe,Alzheimer disease,scVI,top10_pathway_score_spearman,-0.2944142685698888,6
30c2a6fd-d547-460f-a5e7-44c62a2af7ad,30c2a6fd,open-angle glaucoma,CellPLM,top10_pathway_jaccard,0.259401383885388,6
30c2a6fd-d547-460f-a5e7-44c62a2af7ad,30c2a6fd,open-angle glaucoma,CellPLM,top10_pathway_score_spearman,-0.14559546359595335,6
30c2a6fd-d547-460f-a5e7-44c62a2af7ad,30c2a6fd,open-angle glaucoma,scPRINT,top10_pathway_jaccard,0.2534881698968386,6
30c2a6fd-d547-460f-a5e7-44c62a2af7ad,30c2a6fd,open-angle glaucoma,scPRINT,top10_pathway_score_spearman,-0.11237128124151058,6
30c2a6fd-d547-460f-a5e7-44c62a2af7ad,30c2a6fd,open-angle glaucoma,scTrilemma,top10_pathway_jaccard,0.32605305341373453,6
30c2a6fd-d547-460f-a5e7-44c62a2af7ad,30c2a6fd,open-angle glaucoma,scTrilemma,top10_pathway_score_spearman,0.1588724250991702,6
30c2a6fd-d547-460f-a5e7-44c62a2af7ad,30c2a6fd,open-angle glaucoma,scVI,top10_pathway_jaccard,0.24060041313653283,6
30c2a6fd-d547-460f-a5e7-44c62a2af7ad,30c2a6fd,open-angle glaucoma,scVI,top10_pathway_score_spearman,-0.16620979894408686,6
829a3cd1-a466-49f1-b2e9-d3f6b7f392e2,829a3cd1,colorectal cancer,CellPLM,top10_pathway_jaccard,0.28330636941318055,6
829a3cd1-a466-49f1-b2e9-d3f6b7f392e2,829a3cd1,colorectal cancer,CellPLM,top10_pathway_score_spearman,0.03605210188247376,6
829a3cd1-a466-49f1-b2e9-d3f6b7f392e2,829a3cd1,colorectal cancer,scPRINT,top10_pathway_jaccard,0.26571947192432227,6
829a3cd1-a466-49f1-b2e9-d3f6b7f392e2,829a3cd1,colorectal cancer,scPRINT,top10_pathway_score_spearman,-0.1169075416086197,6
829a3cd1-a466-49f1-b2e9-d3f6b7f392e2,829a3cd1,colorectal cancer,scTrilemma,top10_pathway_jaccard,0.4525748278973253,6
829a3cd1-a466-49f1-b2e9-d3f6b7f392e2,829a3cd1,colorectal cancer,scTrilemma,top10_pathway_score_spearman,0.47831043645049015,6
829a3cd1-a466-49f1-b2e9-d3f6b7f392e2,829a3cd1,colorectal cancer,scVI,top10_pathway_jaccard,0.1965431059213309,6
829a3cd1-a466-49f1-b2e9-d3f6b7f392e2,829a3cd1,colorectal cancer,scVI,top10_pathway_score_spearman,-0.14357715270628313,6
84cfa5aa-a0d1-415e-ac47-eb66c9cf8170,84cfa5aa,intestinal failure–associated liver disease,CellPLM,top10_pathway_jaccard,0.3207002787756142,6
84cfa5aa-a0d1-415e-ac47-eb66c9cf8170,84cfa5aa,intestinal failure–associated liver disease,CellPLM,top10_pathway_score_spearman,0.19885278719737953,6
84cfa5aa-a0d1-415e-ac47-eb66c9cf8170,84cfa5aa,intestinal failure–associated liver disease,scPRINT,top10_pathway_jaccard,0.38228038015189714,6
84cfa5aa-a0d1-415e-ac47-eb66c9cf8170,84cfa5aa,intestinal failure–associated liver disease,scPRINT,top10_pathway_score_spearman,0.24493639898852188,6
84cfa5aa-a0d1-415e-ac47-eb66c9cf8170,84cfa5aa,intestinal failure–associated liver disease,scTrilemma,top10_pathway_jaccard,0.478759291581789,6
84cfa5aa-a0d1-415e-ac47-eb66c9cf8170,84cfa5aa,intestinal failure–associated liver disease,scTrilemma,top10_pathway_score_spearman,0.49887257097516774,6
84cfa5aa-a0d1-415e-ac47-eb66c9cf8170,84cfa5aa,intestinal failure–associated liver disease,scVI,top10_pathway_jaccard,0.22468740457646547,6
84cfa5aa-a0d1-415e-ac47-eb66c9cf8170,84cfa5aa,intestinal failure–associated liver disease,scVI,top10_pathway_score_spearman,-0.19543375585324152,6
867757c1-3b1a-49d9-a0cd-17767eb160cc,867757c1,obstructive nephropathy,CellPLM,top10_pathway_jaccard,0.2192975630798128,6
867757c1-3b1a-49d9-a0cd-17767eb160cc,867757c1,obstructive nephropathy,CellPLM,top10_pathway_score_spearman,0.05803131321905805,6
867757c1-3b1a-49d9-a0cd-17767eb160cc,867757c1,obstructive nephropathy,scPRINT,top10_pathway_jaccard,0.16487603813455207,6
867757c1-3b1a-49d9-a0cd-17767eb160cc,867757c1,obstructive nephropathy,scPRINT,top10_pathway_score_spearman,-0.19576302088439826,6
867757c1-3b1a-49d9-a0cd-17767eb160cc,867757c1,obstructive nephropathy,scTrilemma,top10_pathway_jaccard,0.19637486123554235,6
867757c1-3b1a-49d9-a0cd-17767eb160cc,867757c1,obstructive nephropathy,scTrilemma,top10_pathway_score_spearman,-0.012839710507094423,6
867757c1-3b1a-49d9-a0cd-17767eb160cc,867757c1,obstructive nephropathy,scVI,top10_pathway_jaccard,0.15629146395400265,6
867757c1-3b1a-49d9-a0cd-17767eb160cc,867757c1,obstructive nephropathy,scVI,top10_pathway_score_spearman,-0.28404645731996564,6
e3ed2ba4-edf5-40ac-8750-8a417ad1eefe,e3ed2ba4,colorectal carcinoma || metastatic malignant neoplasm,CellPLM,top10_pathway_jaccard,0.30268111279463183,6
e3ed2ba4-edf5-40ac-8750-8a417ad1eefe,e3ed2ba4,colorectal carcinoma || metastatic malignant neoplasm,CellPLM,top10_pathway_score_spearman,0.07367401285376196,6
e3ed2ba4-edf5-40ac-8750-8a417ad1eefe,e3ed2ba4,colorectal carcinoma || metastatic malignant neoplasm,scPRINT,top10_pathway_jaccard,0.2832102633444223,6
e3ed2ba4-edf5-40ac-8750-8a417ad1eefe,e3ed2ba4,colorectal carcinoma || metastatic malignant neoplasm,scPRINT,top10_pathway_score_spearman,0.0033448946470003094,6
e3ed2ba4-edf5-40ac-8750-8a417ad1eefe,e3ed2ba4,colorectal carcinoma || metastatic malignant neoplasm,scTrilemma,top10_pathway_jaccard,0.3905236466510976,6
e3ed2ba4-edf5-40ac-8750-8a417ad1eefe,e3ed2ba4,colorectal carcinoma || metastatic malignant neoplasm,scTrilemma,top10_pathway_score_spearman,0.3156426324239,6
e3ed2ba4-edf5-40ac-8750-8a417ad1eefe,e3ed2ba4,colorectal carcinoma || metastatic malignant neoplasm,scVI,top10_pathway_jaccard,0.2575891767713233,6
e3ed2ba4-edf5-40ac-8750-8a417ad1eefe,e3ed2ba4,colorectal carcinoma || metastatic malignant neoplasm,scVI,top10_pathway_score_spearman,-0.07316593593250424,6
e51bae9a-c747-4b64-904a-4da7cda218ab,e51bae9a,type 2 diabetes mellitus,CellPLM,top10_pathway_jaccard,0.21954409825926854,5
e51bae9a-c747-4b64-904a-4da7cda218ab,e51bae9a,type 2 diabetes mellitus,CellPLM,top10_pathway_score_spearman,-0.23229456395488665,5
e51bae9a-c747-4b64-904a-4da7cda218ab,e51bae9a,type 2 diabetes mellitus,scPRINT,top10_pathway_jaccard,0.21393116400856338,5
e51bae9a-c747-4b64-904a-4da7cda218ab,e51bae9a,type 2 diabetes mellitus,scPRINT,top10_pathway_score_spearman,-0.1803701079617316,5
e51bae9a-c747-4b64-904a-4da7cda218ab,e51bae9a,type 2 diabetes mellitus,scTrilemma,top10_pathway_jaccard,0.3230495797059264,5
e51bae9a-c747-4b64-904a-4da7cda218ab,e51bae9a,type 2 diabetes mellitus,scTrilemma,top10_pathway_score_spearman,0.19773583954095902,5
e51bae9a-c747-4b64-904a-4da7cda218ab,e51bae9a,type 2 diabetes mellitus,scVI,top10_pathway_jaccard,0.18490803428883926,5
e51bae9a-c747-4b64-904a-4da7cda218ab,e51bae9a,type 2 diabetes mellitus,scVI,top10_pathway_score_spearman,-0.2782020316743553,5
